sample_id,text_type,label,attack_percentage,snr
0,human_baseline,0,0.1,0.9207831960849182
1,original_ai,1,0.1,1.3760334504600766
2,translated,1,0.1,1.4414439997105477
3,substituted,1,0.1,1.2616132960753144
4,paraphrased,1,0.1,1.6123713417221048
5,mixed_text,1,0.1,1.1584580896876826
6,human_baseline,0,0.1,1.66372542019828
7,original_ai,1,0.1,1.7102991180557854
8,translated,1,0.1,1.4603391197842008
9,substituted,1,0.1,1.5435718956435882
10,paraphrased,1,0.1,1.0706859260845625
11,mixed_text,1,0.1,1.4099226780082836
12,human_baseline,0,0.1,1.013496416162586
13,original_ai,1,0.1,1.15350993691798
14,translated,1,0.1,1.1111508367322365
15,substituted,1,0.1,1.1013642128464125
16,paraphrased,1,0.1,1.0153755163452436
17,mixed_text,1,0.1,1.013466815700662
18,human_baseline,0,0.1,0.8545675657130186
19,original_ai,1,0.1,1.7393434701993138
20,translated,1,0.1,1.8143912802311213
21,substituted,1,0.1,1.6302714052020777
22,paraphrased,1,0.1,1.2349475369864502
23,mixed_text,1,0.1,1.6176328252940877
24,human_baseline,0,0.1,1.100829152851953
25,original_ai,1,0.1,1.819289054382465
26,translated,1,0.1,1.9094776506506972
27,substituted,1,0.1,1.520013790774274
28,paraphrased,1,0.1,1.731708378046186
29,mixed_text,1,0.1,1.2769893783877433
30,human_baseline,0,0.1,0.8324831114220285
31,original_ai,1,0.1,1.6219565616542553
32,translated,1,0.1,1.7845699440526646
33,substituted,1,0.1,1.3317908328557329
34,paraphrased,1,0.1,1.230962541190156
35,mixed_text,1,0.1,3.2496461010787154
36,human_baseline,0,0.1,0.9514676181195686
37,original_ai,1,0.1,1.5042990543873276
38,translated,1,0.1,1.3408689200266035
39,substituted,1,0.1,1.5032294980645866
40,paraphrased,1,0.1,0.5043692465047259
41,mixed_text,1,0.1,1.877360322733448
42,human_baseline,0,0.1,1.1021383215595566
43,original_ai,1,0.1,1.8366611918590297
44,translated,1,0.1,1.836524518603816
45,substituted,1,0.1,1.7359993250008254
46,paraphrased,1,0.1,1.6158823979046242
47,mixed_text,1,0.1,1.3073092021009596
48,human_baseline,0,0.1,0.7055828056724794
49,original_ai,1,0.1,1.3533438951269108
50,translated,1,0.1,1.3834903322356054
51,substituted,1,0.1,1.2779207642788566
52,paraphrased,1,0.1,1.3152882760751623
53,mixed_text,1,0.1,1.88605205301869
54,human_baseline,0,0.1,0.8142027035708588
55,original_ai,1,0.1,2.2109964955421364
56,translated,1,0.1,1.940029315647084
57,substituted,1,0.1,1.411081600708363
58,paraphrased,1,0.1,1.6086013932290313
59,mixed_text,1,0.1,1.441651536861326
60,human_baseline,0,0.1,0.8172155796436433
61,original_ai,1,0.1,2.68712241544884
62,translated,1,0.1,1.6329866699404672
63,substituted,1,0.1,1.569447197700274
64,paraphrased,1,0.1,1.6402923621309005
65,mixed_text,1,0.1,1.7875433055592629
66,human_baseline,0,0.1,1.0467702262239058
67,original_ai,1,0.1,1.7529704270418394
68,translated,1,0.1,1.6016966534360058
69,substituted,1,0.1,1.4370869212418405
70,paraphrased,1,0.1,1.5493557924994954
71,mixed_text,1,0.1,2.040525843915023
72,human_baseline,0,0.1,1.05573647590917
73,original_ai,1,0.1,1.9813412364807728
74,translated,1,0.1,1.8663931476710145
75,substituted,1,0.1,3.1110542268119303
76,paraphrased,1,0.1,1.6751335901931013
77,mixed_text,1,0.1,2.5007618216325485
78,human_baseline,0,0.1,0.9335246340656604
79,original_ai,1,0.1,2.1848430266331134
80,translated,1,0.1,1.856782438482708
81,substituted,1,0.1,1.590578450734768
82,paraphrased,1,0.1,2.0884646713286994
83,mixed_text,1,0.1,1.9155420148281663
84,human_baseline,0,0.1,0.8839247980440874
85,original_ai,1,0.1,2.047240115907227
86,translated,1,0.1,1.6933380352452083
87,substituted,1,0.1,1.4340124872342002
88,paraphrased,1,0.1,1.545068716846932
89,mixed_text,1,0.1,1.289895411391519
90,human_baseline,0,0.1,1.0038821371242594
91,original_ai,1,0.1,1.7835022278826624
92,translated,1,0.1,1.6468127102917895
93,substituted,1,0.1,1.2680647769158813
94,paraphrased,1,0.1,1.2610617489190972
95,mixed_text,1,0.1,2.259873068749116
96,human_baseline,0,0.1,0.7107685207686103
97,original_ai,1,0.1,1.8131765730951332
98,translated,1,0.1,1.5666041996501392
99,substituted,1,0.1,1.4148882850398286
100,paraphrased,1,0.1,1.6255192320309764
101,mixed_text,1,0.1,1.9068470862971831
102,human_baseline,0,0.1,1.022044920060437
103,original_ai,1,0.1,1.4912328290163783
104,translated,1,0.1,1.2133666498447164
105,substituted,1,0.1,2.3482767599050014
106,paraphrased,1,0.1,1.3136924412506994
107,mixed_text,1,0.1,1.5270003886112409
108,human_baseline,0,0.1,1.467626860822387
109,original_ai,1,0.1,1.5330193380752
110,translated,1,0.1,1.7562477113504424
111,substituted,1,0.1,1.466059024070718
112,paraphrased,1,0.1,1.0436304548387572
113,mixed_text,1,0.1,1.6232419176787265
114,human_baseline,0,0.1,0.9980994025942111
115,original_ai,1,0.1,1.5543953027310011
116,translated,1,0.1,1.3759733740373712
117,substituted,1,0.1,1.2790887721491906
118,paraphrased,1,0.1,1.2621291747504342
119,mixed_text,1,0.1,1.2760898800896023
120,human_baseline,0,0.1,1.2823540751441498
121,original_ai,1,0.1,1.8079932663713751
122,translated,1,0.1,1.7698747583711048
123,substituted,1,0.1,1.579963810577779
124,paraphrased,1,0.1,1.120271676237974
125,mixed_text,1,0.1,1.9531695109109384
126,human_baseline,0,0.1,0.9082443730842747
127,original_ai,1,0.1,2.461577738162842
128,translated,1,0.1,2.5203691577852787
129,substituted,1,0.1,2.366255950188733
130,paraphrased,1,0.1,2.20671203698578
131,mixed_text,1,0.1,1.7983792195192292
132,human_baseline,0,0.1,1.148279464408409
133,original_ai,1,0.1,1.418203909731157
134,translated,1,0.1,1.6016275887097822
135,substituted,1,0.1,1.608885872886527
136,paraphrased,1,0.1,1.3757738567181683
137,mixed_text,1,0.1,1.224636138366782
138,human_baseline,0,0.1,0.6408883527790565
139,original_ai,1,0.1,2.8079861635426866
140,translated,1,0.1,2.774651578354895
141,substituted,1,0.1,2.577961905633406
142,paraphrased,1,0.1,2.064342654729101
143,mixed_text,1,0.1,1.4789035717867998
144,human_baseline,0,0.1,0.906351026604765
145,original_ai,1,0.1,1.2287384114805229
146,translated,1,0.1,1.2403596712290197
147,substituted,1,0.1,1.2679061468253725
148,paraphrased,1,0.1,1.586977234465048
149,mixed_text,1,0.1,0.9581668848276034
150,human_baseline,0,0.1,0.8918551805433541
151,original_ai,1,0.1,2.119315742351947
152,translated,1,0.1,1.2703285557673762
153,substituted,1,0.1,1.486379602507212
154,paraphrased,1,0.1,1.5172111281539755
155,mixed_text,1,0.1,1.4327794780471848
156,human_baseline,0,0.1,1.0465741513670197
157,original_ai,1,0.1,2.4869230145023304
158,translated,1,0.1,2.2437365314748563
159,substituted,1,0.1,2.10313851202348
160,paraphrased,1,0.1,2.039956912518176
161,mixed_text,1,0.1,1.9205215522893693
162,human_baseline,0,0.1,0.8464140262117811
163,original_ai,1,0.1,1.9891606190176756
164,translated,1,0.1,1.875534990254947
165,substituted,1,0.1,1.6324749167339867
166,paraphrased,1,0.1,1.8082034561220917
167,mixed_text,1,0.1,1.421751441383776
168,human_baseline,0,0.1,1.2129897075107012
169,original_ai,1,0.1,2.214580546418611
170,translated,1,0.1,1.9960308120878232
171,substituted,1,0.1,1.5513024623671248
172,paraphrased,1,0.1,0.8550903921643316
173,mixed_text,1,0.1,2.02767007429806
174,human_baseline,0,0.1,1.0126840013821716
175,original_ai,1,0.1,2.0406748321874275
176,translated,1,0.1,1.7903222358723194
177,substituted,1,0.1,1.3600940602417766
178,paraphrased,1,0.1,1.454681993337383
179,mixed_text,1,0.1,1.2938123516566051
180,human_baseline,0,0.1,1.067069771966284
181,original_ai,1,0.1,2.043448022550581
182,translated,1,0.1,1.450602777666445
183,substituted,1,0.1,1.439230244959304
184,paraphrased,1,0.1,1.764017428313188
185,mixed_text,1,0.1,2.1571586331150763
186,human_baseline,0,0.1,0.7715341142838895
187,original_ai,1,0.1,2.1859726407158613
188,translated,1,0.1,2.137255236066051
189,substituted,1,0.1,1.9896450093643312
190,paraphrased,1,0.1,1.198512715395872
191,mixed_text,1,0.1,2.236507685483918
192,human_baseline,0,0.1,0.6656000979580519
193,original_ai,1,0.1,2.3415892018253945
194,translated,1,0.1,1.4821031097303607
195,substituted,1,0.1,1.412761195900909
196,paraphrased,1,0.1,2.158443823028858
197,mixed_text,1,0.1,1.3398985848456626
198,human_baseline,0,0.1,1.4424890347819077
199,original_ai,1,0.1,2.3899642764267908
200,translated,1,0.1,1.5106000955398513
201,substituted,1,0.1,1.5201513951587855
202,paraphrased,1,0.1,1.8457426283682643
203,mixed_text,1,0.1,1.625690146653114
204,human_baseline,0,0.1,0.9103716781315396
205,original_ai,1,0.1,2.100719298105695
206,translated,1,0.1,2.058825918904017
207,substituted,1,0.1,1.5670970423512485
208,paraphrased,1,0.1,1.5613417748414826
209,mixed_text,1,0.1,2.113692112287796
210,human_baseline,0,0.1,0.8769083184702197
211,original_ai,1,0.1,4.578744665810345
212,translated,1,0.1,2.4818333644288884
213,substituted,1,0.1,2.233308848066117
214,paraphrased,1,0.1,2.310885538691318
215,mixed_text,1,0.1,1.6524291454675848
216,human_baseline,0,0.1,1.0040121336566037
217,original_ai,1,0.1,1.7055103519444776
218,translated,1,0.1,1.4570220693009683
219,substituted,1,0.1,1.5580485554101755
220,paraphrased,1,0.1,1.3291264862223535
221,mixed_text,1,0.1,1.348856674490844
222,human_baseline,0,0.1,1.236835750244353
223,original_ai,1,0.1,1.110411188724176
224,translated,1,0.1,1.0168902998476477
225,substituted,1,0.1,1.0084540270017577
226,paraphrased,1,0.1,0.9879907395190528
227,mixed_text,1,0.1,1.1154841158535096
228,human_baseline,0,0.1,0.7242678955977978
229,original_ai,1,0.1,1.0884267934709344
230,translated,1,0.1,0.868647543601319
231,substituted,1,0.1,1.2708592561457952
232,paraphrased,1,0.1,0.8761649111010028
233,mixed_text,1,0.1,0.9779426620108812
234,human_baseline,0,0.1,2.0403572099741765
235,original_ai,1,0.1,1.337755432836173
236,translated,1,0.1,1.1830844405394765
237,substituted,1,0.1,1.367663271405008
238,paraphrased,1,0.1,1.1240233026316668
239,mixed_text,1,0.1,1.5077256773339025
240,human_baseline,0,0.1,1.1594101103042067
241,original_ai,1,0.1,2.3313609090343745
242,translated,1,0.1,1.6707415437817903
243,substituted,1,0.1,1.5098562218606972
244,paraphrased,1,0.1,1.6814778436754994
245,mixed_text,1,0.1,1.482983303695241
246,human_baseline,0,0.1,0.8322095149518584
247,original_ai,1,0.1,3.122659054527708
248,translated,1,0.1,3.179680499620902
249,substituted,1,0.1,2.557416891597524
250,paraphrased,1,0.1,2.445771867411667
251,mixed_text,1,0.1,2.4161332363937773
252,human_baseline,0,0.1,0.765968102049844
253,original_ai,1,0.1,1.257474740503076
254,translated,1,0.1,1.2302089065320572
255,substituted,1,0.1,1.0431030400191372
256,paraphrased,1,0.1,1.1464570330562849
257,mixed_text,1,0.1,1.2133284311658792
258,human_baseline,0,0.1,0.7833817199488304
259,original_ai,1,0.1,2.1645971949661966
260,translated,1,0.1,1.7674237538248974
261,substituted,1,0.1,1.564202591131881
262,paraphrased,1,0.1,1.7272647118670477
263,mixed_text,1,0.1,1.3404824361702143
264,human_baseline,0,0.1,1.3316942284383462
265,original_ai,1,0.1,1.7212579898545668
266,translated,1,0.1,1.7042905927616685
267,substituted,1,0.1,1.52045340174256
268,paraphrased,1,0.1,2.069238853754144
269,mixed_text,1,0.1,2.310995275489158
270,human_baseline,0,0.1,1.0589409411659376
271,original_ai,1,0.1,2.2923205594700464
272,translated,1,0.1,2.129899708573705
273,substituted,1,0.1,1.670392761548407
274,paraphrased,1,0.1,1.616996617286095
275,mixed_text,1,0.1,2.03066288307732
276,human_baseline,0,0.1,1.019755546563738
277,original_ai,1,0.1,1.4069091198982535
278,translated,1,0.1,1.536668407657023
279,substituted,1,0.1,1.2721431332468869
280,paraphrased,1,0.1,1.3105105743048269
281,mixed_text,1,0.1,1.1370515810884985
282,human_baseline,0,0.1,0.7093144104049721
283,original_ai,1,0.1,1.112036591804593
284,translated,1,0.1,0.998709692499701
285,substituted,1,0.1,1.0020415667587363
286,paraphrased,1,0.1,1.149332053420404
287,mixed_text,1,0.1,0.8854193848607299
288,human_baseline,0,0.1,0.8817880677135516
289,original_ai,1,0.1,2.521745935941901
290,translated,1,0.1,1.967759115420926
291,substituted,1,0.1,1.9519493435356807
292,paraphrased,1,0.1,1.517331583406906
293,mixed_text,1,0.1,1.872900180522835
294,human_baseline,0,0.1,1.1143804757942728
295,original_ai,1,0.1,1.5765941066169855
296,translated,1,0.1,1.9908823162473803
297,substituted,1,0.1,1.313601365911098
298,paraphrased,1,0.1,0.8346882344895602
299,mixed_text,1,0.1,1.5990286213157303
300,human_baseline,0,0.1,1.0988104742632323
301,original_ai,1,0.1,1.808946243547917
302,translated,1,0.1,1.451942217848003
303,substituted,1,0.1,1.7114358412725197
304,paraphrased,1,0.1,1.595287469213811
305,mixed_text,1,0.1,1.4140961240837668
306,human_baseline,0,0.1,0.7494876004401323
307,original_ai,1,0.1,1.5499642935977893
308,translated,1,0.1,1.3050562712183087
309,substituted,1,0.1,1.301156106825173
310,paraphrased,1,0.1,1.7750503329772345
311,mixed_text,1,0.1,1.254281051460692
312,human_baseline,0,0.1,1.5513264808657985
313,original_ai,1,0.1,1.85140050578753
314,translated,1,0.1,1.8109324398777944
315,substituted,1,0.1,1.7150291417477306
316,paraphrased,1,0.1,0.8382987449448773
317,mixed_text,1,0.1,1.9451148371146485
318,human_baseline,0,0.1,0.7008875346905604
319,original_ai,1,0.1,2.432600853649648
320,translated,1,0.1,1.6681527538249554
321,substituted,1,0.1,1.7805251172909546
322,paraphrased,1,0.1,1.6946573315478046
323,mixed_text,1,0.1,1.025308646647955
324,human_baseline,0,0.1,1.0543603959998191
325,original_ai,1,0.1,2.036695065225349
326,translated,1,0.1,1.767134898282764
327,substituted,1,0.1,1.6891963468423294
328,paraphrased,1,0.1,1.3135255901921523
329,mixed_text,1,0.1,1.6863788170278975
330,human_baseline,0,0.1,1.0914195603665393
331,original_ai,1,0.1,1.998925598792704
332,translated,1,0.1,1.643064106086262
333,substituted,1,0.1,1.909825202881416
334,paraphrased,1,0.1,1.686409142419862
335,mixed_text,1,0.1,1.6853553440290665
336,human_baseline,0,0.1,0.8984717255582307
337,original_ai,1,0.1,1.8885826317322816
338,translated,1,0.1,1.5635042770806944
339,substituted,1,0.1,1.8744767493593628
340,paraphrased,1,0.1,1.1883464629848308
341,mixed_text,1,0.1,1.5180186799936906
342,human_baseline,0,0.1,1.2082003149235427
343,original_ai,1,0.1,1.3027250796561107
344,translated,1,0.1,1.05926093138414
345,substituted,1,0.1,1.1484520919612058
346,paraphrased,1,0.1,1.1377079272301276
347,mixed_text,1,0.1,1.277317637908089
348,human_baseline,0,0.1,1.021258748410062
349,original_ai,1,0.1,1.9604535085792807
350,translated,1,0.1,1.6553981901867505
351,substituted,1,0.1,1.406147510046858
352,paraphrased,1,0.1,1.330991131689196
353,mixed_text,1,0.1,1.7304630873482667
354,human_baseline,0,0.1,1.3250990659642905
355,original_ai,1,0.1,1.8384369145853885
356,translated,1,0.1,1.756082623514185
357,substituted,1,0.1,1.4162705171813326
358,paraphrased,1,0.1,0.958268941314354
359,mixed_text,1,0.1,1.5571380032890405
360,human_baseline,0,0.1,0.798575154005456
361,original_ai,1,0.1,2.1477418616132384
362,translated,1,0.1,1.6561734796847032
363,substituted,1,0.1,1.4907675722115852
364,paraphrased,1,0.1,2.201480882700702
365,mixed_text,1,0.1,1.352197028177193
366,human_baseline,0,0.1,1.115481911417728
367,original_ai,1,0.1,1.8814376080376385
368,translated,1,0.1,2.283707349387538
369,substituted,1,0.1,1.242238406395532
370,paraphrased,1,0.1,1.967528815972108
371,mixed_text,1,0.1,2.273413855829421
372,human_baseline,0,0.1,1.3510231668077777
373,original_ai,1,0.1,1.296229168310877
374,translated,1,0.1,1.295106808741721
375,substituted,1,0.1,1.4485438422054393
376,paraphrased,1,0.1,1.1819481267524965
377,mixed_text,1,0.1,1.1422008368486676
378,human_baseline,0,0.1,0.9352036441179378
379,original_ai,1,0.1,2.3404052370363777
380,translated,1,0.1,2.293999013851405
381,substituted,1,0.1,1.46089603861691
382,paraphrased,1,0.1,1.7396306040411085
383,mixed_text,1,0.1,2.2789620354860496
384,human_baseline,0,0.1,0.8779104331474479
385,original_ai,1,0.1,2.402073608393968
386,translated,1,0.1,1.6590995307898209
387,substituted,1,0.1,1.6233077960494238
388,paraphrased,1,0.1,1.4126147944636642
389,mixed_text,1,0.1,2.0640098871148784
390,human_baseline,0,0.1,0.9166687741449568
391,original_ai,1,0.1,2.316171008860942
392,translated,1,0.1,1.5440502106204193
393,substituted,1,0.1,2.371496492604153
394,paraphrased,1,0.1,1.3372996687070906
395,mixed_text,1,0.1,1.4376898479469395
396,human_baseline,0,0.1,0.8465904942624674
397,original_ai,1,0.1,1.4866700064847136
398,translated,1,0.1,1.274419467682209
399,substituted,1,0.1,1.4082952298535718
400,paraphrased,1,0.1,1.445900583983463
401,mixed_text,1,0.1,2.130406417150463
402,human_baseline,0,0.1,1.152633183107566
403,original_ai,1,0.1,1.2405300379530382
404,translated,1,0.1,1.1581642540927242
405,substituted,1,0.1,1.2009630906189486
406,paraphrased,1,0.1,1.0983277720745612
407,mixed_text,1,0.1,0.9782416441866106
408,human_baseline,0,0.1,0.91535643310507
409,original_ai,1,0.1,1.3615345262434626
410,translated,1,0.1,1.3555912360066775
411,substituted,1,0.1,1.2437521701178618
412,paraphrased,1,0.1,1.2874980746607758
413,mixed_text,1,0.1,1.439709885776082
414,human_baseline,0,0.1,0.7925306071146804
415,original_ai,1,0.1,3.239326446920557
416,translated,1,0.1,2.68782843642722
417,substituted,1,0.1,2.4994572695531976
418,paraphrased,1,0.1,2.0414819388288614
419,mixed_text,1,0.1,1.2941274647957053
420,human_baseline,0,0.1,0.9038607250630296
421,original_ai,1,0.1,2.539985188901816
422,translated,1,0.1,2.170572595818087
423,substituted,1,0.1,1.5692211325550514
424,paraphrased,1,0.1,1.6180281782415575
425,mixed_text,1,0.1,1.581505282819198
426,human_baseline,0,0.1,0.9230544106823064
427,original_ai,1,0.1,2.140136411341401
428,translated,1,0.1,1.8587056624529887
429,substituted,1,0.1,1.5407623355973876
430,paraphrased,1,0.1,1.5167686163712364
431,mixed_text,1,0.1,1.1493112496430014
432,human_baseline,0,0.1,0.8052388133176042
433,original_ai,1,0.1,1.2736885310200037
434,translated,1,0.1,1.326743759841218
435,substituted,1,0.1,1.0128651182242638
436,paraphrased,1,0.1,0.6913196758933063
437,mixed_text,1,0.1,1.8882546229564572
438,human_baseline,0,0.1,0.924927350794612
439,original_ai,1,0.1,1.9436671367907083
440,translated,1,0.1,1.9296193223433185
441,substituted,1,0.1,1.0081196758571886
442,paraphrased,1,0.1,1.5362355797016698
443,mixed_text,1,0.1,1.951443681353484
444,human_baseline,0,0.1,0.7856990369994699
445,original_ai,1,0.1,1.4627014813925827
446,translated,1,0.1,1.1893983123735423
447,substituted,1,0.1,1.8439047225924892
448,paraphrased,1,0.1,2.5488433391823517
449,mixed_text,1,0.1,1.5111583532940165
450,human_baseline,0,0.1,1.6504449059234287
451,original_ai,1,0.1,2.4180646576613105
452,translated,1,0.1,1.839116861743555
453,substituted,1,0.1,2.2409515113807577
454,paraphrased,1,0.1,1.5265361554058692
455,mixed_text,1,0.1,1.687153997445715
456,human_baseline,0,0.1,0.8299491718648182
457,original_ai,1,0.1,1.593468292935606
458,translated,1,0.1,1.3649504516320146
459,substituted,1,0.1,1.538937022659562
460,paraphrased,1,0.1,1.1603458791526793
461,mixed_text,1,0.1,1.5605360191359756
462,human_baseline,0,0.1,1.1820885969019304
463,original_ai,1,0.1,1.809937576994657
464,translated,1,0.1,1.814532062849191
465,substituted,1,0.1,1.6924594897045953
466,paraphrased,1,0.1,1.316950543997837
467,mixed_text,1,0.1,1.682581474470618
468,human_baseline,0,0.1,1.4088755041651173
469,original_ai,1,0.1,1.562379507090799
470,translated,1,0.1,1.5103301851027402
471,substituted,1,0.1,1.1755718123241177
472,paraphrased,1,0.1,1.309716457602934
473,mixed_text,1,0.1,1.4881360614572423
474,human_baseline,0,0.1,1.3022496608487255
475,original_ai,1,0.1,1.7229762072503374
476,translated,1,0.1,1.6567403351809282
477,substituted,1,0.1,1.4764696615784585
478,paraphrased,1,0.1,1.7338692155308295
479,mixed_text,1,0.1,2.0452103659395533
480,human_baseline,0,0.1,0.989133851301246
481,original_ai,1,0.1,2.317393268236934
482,translated,1,0.1,1.9402268264845453
483,substituted,1,0.1,1.1940483841883196
484,paraphrased,1,0.1,1.3361345571066707
485,mixed_text,1,0.1,1.4050604936996594
486,human_baseline,0,0.1,0.959843805866943
487,original_ai,1,0.1,2.3224255548082144
488,translated,1,0.1,1.6873614273315296
489,substituted,1,0.1,1.658498135727711
490,paraphrased,1,0.1,1.8056791053315904
491,mixed_text,1,0.1,1.2506160556100543
492,human_baseline,0,0.1,1.5084267937680162
493,original_ai,1,0.1,1.0871479864240503
494,translated,1,0.1,1.1814754733838106
495,substituted,1,0.1,0.950503984873264
496,paraphrased,1,0.1,0.6051928889667237
497,mixed_text,1,0.1,1.5666664111988418
498,human_baseline,0,0.1,1.0099764612836484
499,original_ai,1,0.1,1.7192802886965703
500,translated,1,0.1,1.2837796167277644
501,substituted,1,0.1,1.5198487414457569
502,paraphrased,1,0.1,1.201869606328577
503,mixed_text,1,0.1,1.3266523956802196
504,human_baseline,0,0.1,0.7397859887800844
505,original_ai,1,0.1,3.053602844045481
506,translated,1,0.1,2.9654834002301795
507,substituted,1,0.1,1.6315683277344788
508,paraphrased,1,0.1,2.50007932502737
509,mixed_text,1,0.1,1.5542737355882328
510,human_baseline,0,0.1,1.2511738455175554
511,original_ai,1,0.1,1.8997776014619336
512,translated,1,0.1,1.797557551788016
513,substituted,1,0.1,1.478850532547903
514,paraphrased,1,0.1,1.36018207142185
515,mixed_text,1,0.1,1.1790389953054432
516,human_baseline,0,0.1,0.8476299302964118
517,original_ai,1,0.1,1.0941228617511902
518,translated,1,0.1,1.1066561572756273
519,substituted,1,0.1,1.1843418869198028
520,paraphrased,1,0.1,0.9511683921911251
521,mixed_text,1,0.1,1.4636451087205236
522,human_baseline,0,0.1,0.6977865800120584
523,original_ai,1,0.1,1.283140449040279
524,translated,1,0.1,1.151006981733443
525,substituted,1,0.1,1.1922922914811145
526,paraphrased,1,0.1,1.2267263812083506
527,mixed_text,1,0.1,1.1783570952925968
528,human_baseline,0,0.1,1.199388105958433
529,original_ai,1,0.1,2.0231243807664776
530,translated,1,0.1,2.108320664864578
531,substituted,1,0.1,2.047493895183091
532,paraphrased,1,0.1,1.811945777148216
533,mixed_text,1,0.1,1.4477771134990187
534,human_baseline,0,0.1,1.1418750447692694
535,original_ai,1,0.1,1.6652904622572922
536,translated,1,0.1,2.466223376808311
537,substituted,1,0.1,1.236982934203207
538,paraphrased,1,0.1,1.0866159507128597
539,mixed_text,1,0.1,0.9791517808744746
540,human_baseline,0,0.1,1.4848355950414531
541,original_ai,1,0.1,2.4583210097486305
542,translated,1,0.1,1.8544646289543376
543,substituted,1,0.1,1.8711123241124488
544,paraphrased,1,0.1,1.4238044460113208
545,mixed_text,1,0.1,1.4842890191570968
546,human_baseline,0,0.1,0.9092292211182864
547,original_ai,1,0.1,1.7997221576671365
548,translated,1,0.1,1.712494322238265
549,substituted,1,0.1,1.6002985094557187
550,paraphrased,1,0.1,1.7213605532006526
551,mixed_text,1,0.1,2.3651171790931937
552,human_baseline,0,0.1,0.9239931655844756
553,original_ai,1,0.1,1.6533762891289527
554,translated,1,0.1,1.85557153037446
555,substituted,1,0.1,1.8342719870830475
556,paraphrased,1,0.1,0.8120331801125272
557,mixed_text,1,0.1,1.4537126362106148
558,human_baseline,0,0.1,1.100798079470097
559,original_ai,1,0.1,2.3895567161695217
560,translated,1,0.1,2.145154444293913
561,substituted,1,0.1,1.6355289957348749
562,paraphrased,1,0.1,1.3128468629718448
563,mixed_text,1,0.1,1.6775360864054707
564,human_baseline,0,0.1,1.005236745438267
565,original_ai,1,0.1,2.6875200738027063
566,translated,1,0.1,2.6267210237986047
567,substituted,1,0.1,1.9880142575098587
568,paraphrased,1,0.1,1.3885704000576302
569,mixed_text,1,0.1,1.797416862065936
570,human_baseline,0,0.1,0.926877533348391
571,original_ai,1,0.1,1.5838437835252708
572,translated,1,0.1,1.3458876169012477
573,substituted,1,0.1,1.4487918221502336
574,paraphrased,1,0.1,1.1606033921098355
575,mixed_text,1,0.1,2.307549149532283
576,human_baseline,0,0.1,0.602523312556134
577,original_ai,1,0.1,1.607322210007577
578,translated,1,0.1,1.6126717053009454
579,substituted,1,0.1,1.5092891047199857
580,paraphrased,1,0.1,1.0215563887447685
581,mixed_text,1,0.1,1.3287336736096884
582,human_baseline,0,0.1,0.69345276764008
583,original_ai,1,0.1,2.150013938756563
584,translated,1,0.1,1.9228923014791568
585,substituted,1,0.1,1.4082212280864912
586,paraphrased,1,0.1,1.2011366608452865
587,mixed_text,1,0.1,1.6698307617860295
588,human_baseline,0,0.1,0.952466229433922
589,original_ai,1,0.1,2.00311876665317
590,translated,1,0.1,1.7477755101037116
591,substituted,1,0.1,1.967510978684188
592,paraphrased,1,0.1,1.7186744563728291
593,mixed_text,1,0.1,1.1890048441345924
594,human_baseline,0,0.1,0.9805564552215534
595,original_ai,1,0.1,2.191468540280728
596,translated,1,0.1,1.8001396244473384
597,substituted,1,0.1,2.15918240023139
598,paraphrased,1,0.1,1.0990131658342324
599,mixed_text,1,0.1,1.7797090375619238
600,human_baseline,0,0.1,0.6674094266910446
601,original_ai,1,0.1,2.568120742009595
602,translated,1,0.1,2.4366432834390794
603,substituted,1,0.1,2.4804984710810225
604,paraphrased,1,0.1,1.35822584902652
605,mixed_text,1,0.1,1.8836362114747256
606,human_baseline,0,0.1,0.802805784460678
607,original_ai,1,0.1,2.447675716277718
608,translated,1,0.1,1.2404826972886285
609,substituted,1,0.1,1.774988944224405
610,paraphrased,1,0.1,1.8322243613389808
611,mixed_text,1,0.1,1.972981968811636
612,human_baseline,0,0.1,1.4146296686068265
613,original_ai,1,0.1,1.5214637100669328
614,translated,1,0.1,1.691768808072169
615,substituted,1,0.1,1.2317899632980116
616,paraphrased,1,0.1,0.7827165378074913
617,mixed_text,1,0.1,1.190530897410807
618,human_baseline,0,0.1,1.4505072007608943
619,original_ai,1,0.1,1.8638231527415052
620,translated,1,0.1,1.963808860033968
621,substituted,1,0.1,1.81422040941996
622,paraphrased,1,0.1,1.1706207623447116
623,mixed_text,1,0.1,1.7734579855631472
624,human_baseline,0,0.1,0.8159269826799734
625,original_ai,1,0.1,2.298712108477241
626,translated,1,0.1,1.4470197655382926
627,substituted,1,0.1,2.073334375942031
628,paraphrased,1,0.1,1.56290693696728
629,mixed_text,1,0.1,1.624272831557116
630,human_baseline,0,0.1,1.0174699323699508
631,original_ai,1,0.1,1.415723112271604
632,translated,1,0.1,1.5771182293608004
633,substituted,1,0.1,1.0870339311732913
634,paraphrased,1,0.1,1.5253672579344093
635,mixed_text,1,0.1,2.11109198207397
636,human_baseline,0,0.1,0.974753016302654
637,original_ai,1,0.1,1.472980732036627
638,translated,1,0.1,1.55084225051737
639,substituted,1,0.1,1.324684083905139
640,paraphrased,1,0.1,1.3260841691265035
641,mixed_text,1,0.1,1.3463287290102022
642,human_baseline,0,0.1,0.9176683794038588
643,original_ai,1,0.1,1.814912598699779
644,translated,1,0.1,1.9358451883463408
645,substituted,1,0.1,1.310631397266823
646,paraphrased,1,0.1,1.0133771752171874
647,mixed_text,1,0.1,1.5297356028850122
648,human_baseline,0,0.1,1.333013263138126
649,original_ai,1,0.1,1.5154060714729989
650,translated,1,0.1,1.3942599407957053
651,substituted,1,0.1,0.9962158633245772
652,paraphrased,1,0.1,1.2939874580470814
653,mixed_text,1,0.1,1.5926143197442575
654,human_baseline,0,0.1,0.8776672328939416
655,original_ai,1,0.1,1.2341192558674607
656,translated,1,0.1,0.9902619202895871
657,substituted,1,0.1,1.2507805142960289
658,paraphrased,1,0.1,1.16330678166629
659,mixed_text,1,0.1,1.5635670892557474
660,human_baseline,0,0.1,1.0273744653372143
661,original_ai,1,0.1,1.8860693817612963
662,translated,1,0.1,1.941798266798276
663,substituted,1,0.1,2.005456311055898
664,paraphrased,1,0.1,1.3156333308276529
665,mixed_text,1,0.1,1.6171925288362836
666,human_baseline,0,0.1,1.070838224468217
667,original_ai,1,0.1,1.5438103914166648
668,translated,1,0.1,1.5436191221650215
669,substituted,1,0.1,1.4181558185514482
670,paraphrased,1,0.1,1.4939115304575703
671,mixed_text,1,0.1,1.2804309769146416
672,human_baseline,0,0.1,1.1604722086134718
673,original_ai,1,0.1,1.8050470102987288
674,translated,1,0.1,1.456472709890718
675,substituted,1,0.1,1.2722143595020778
676,paraphrased,1,0.1,1.6825964454133917
677,mixed_text,1,0.1,1.586665371236543
678,human_baseline,0,0.1,0.706956504497593
679,original_ai,1,0.1,1.167370430404955
680,translated,1,0.1,1.0881903822924268
681,substituted,1,0.1,1.1854769761221269
682,paraphrased,1,0.1,1.5825490536285087
683,mixed_text,1,0.1,1.2826404846931594
684,human_baseline,0,0.1,1.1229983706536355
685,original_ai,1,0.1,2.086933649816249
686,translated,1,0.1,1.4206974207719931
687,substituted,1,0.1,2.129019401753741
688,paraphrased,1,0.1,1.635996101780506
689,mixed_text,1,0.1,1.3247529229742654
690,human_baseline,0,0.1,0.8040322505626494
691,original_ai,1,0.1,2.999125925406085
692,translated,1,0.1,2.0820251398233074
693,substituted,1,0.1,1.3185606985204592
694,paraphrased,1,0.1,1.8222841430656815
695,mixed_text,1,0.1,2.1675984575945804
696,human_baseline,0,0.1,1.1313591147497482
697,original_ai,1,0.1,2.157291437157301
698,translated,1,0.1,1.4342005171923606
699,substituted,1,0.1,1.8581465209770975
700,paraphrased,1,0.1,1.454927970908125
701,mixed_text,1,0.1,1.5236616370175584
702,human_baseline,0,0.1,1.3534684747726815
703,original_ai,1,0.1,1.025345048666503
704,translated,1,0.1,1.5668080232894466
705,substituted,1,0.1,0.982428603660954
706,paraphrased,1,0.1,1.5060321743812453
707,mixed_text,1,0.1,1.3335558098900495
708,human_baseline,0,0.1,1.1747279108754771
709,original_ai,1,0.1,2.609913839288214
710,translated,1,0.1,2.459049399580012
711,substituted,1,0.1,1.9617750436598655
712,paraphrased,1,0.1,1.631378351977013
713,mixed_text,1,0.1,1.6599942691654117
714,human_baseline,0,0.1,0.8219926225965843
715,original_ai,1,0.1,1.8530332275923012
716,translated,1,0.1,1.600518148968613
717,substituted,1,0.1,1.2635939470706226
718,paraphrased,1,0.1,1.5291121242389778
719,mixed_text,1,0.1,1.358593750890471
720,human_baseline,0,0.1,1.0349913611735737
721,original_ai,1,0.1,1.4159220233611614
722,translated,1,0.1,1.3850868140178374
723,substituted,1,0.1,1.2803791738703636
724,paraphrased,1,0.1,1.3228837791203705
725,mixed_text,1,0.1,1.4051784428027247
726,human_baseline,0,0.1,0.870333296436713
727,original_ai,1,0.1,1.88337453084714
728,translated,1,0.1,1.561627201898101
729,substituted,1,0.1,1.5505019090246803
730,paraphrased,1,0.1,1.06715503230716
731,mixed_text,1,0.1,1.9718500068102467
732,human_baseline,0,0.1,0.843348347805913
733,original_ai,1,0.1,2.656998263211148
734,translated,1,0.1,2.3614976086448274
735,substituted,1,0.1,1.5283916489649192
736,paraphrased,1,0.1,2.298274717352285
737,mixed_text,1,0.1,2.394054228940044
738,human_baseline,0,0.1,0.788144822582785
739,original_ai,1,0.1,1.7941644545418398
740,translated,1,0.1,1.637537827790047
741,substituted,1,0.1,1.7586664445745186
742,paraphrased,1,0.1,1.3816511443321102
743,mixed_text,1,0.1,1.724645722726586
744,human_baseline,0,0.1,0.9476094384336328
745,original_ai,1,0.1,1.292917394050517
746,translated,1,0.1,1.2400259544983556
747,substituted,1,0.1,1.1273423674365597
748,paraphrased,1,0.1,1.136569714592336
749,mixed_text,1,0.1,1.1667975867817966
750,human_baseline,0,0.1,0.7972850994818576
751,original_ai,1,0.1,1.951449626424035
752,translated,1,0.1,1.5321942819403591
753,substituted,1,0.1,1.6293082964299102
754,paraphrased,1,0.1,1.5730702098973832
755,mixed_text,1,0.1,1.7663726489093
756,human_baseline,0,0.1,1.0308346726936302
757,original_ai,1,0.1,2.118546603611939
758,translated,1,0.1,1.802015872590356
759,substituted,1,0.1,1.5106446933108495
760,paraphrased,1,0.1,1.2017913345566762
761,mixed_text,1,0.1,2.64365846247175
762,human_baseline,0,0.1,0.947602232381356
763,original_ai,1,0.1,1.377269862919775
764,translated,1,0.1,1.4625730735428153
765,substituted,1,0.1,1.1419661546983466
766,paraphrased,1,0.1,1.172432055611147
767,mixed_text,1,0.1,1.286441340223523
768,human_baseline,0,0.1,0.9589994388422638
769,original_ai,1,0.1,1.6650675950639475
770,translated,1,0.1,1.3021462059140745
771,substituted,1,0.1,1.1696857754026178
772,paraphrased,1,0.1,1.2310931342957772
773,mixed_text,1,0.1,1.52221340708728
774,human_baseline,0,0.1,0.8370826314675212
775,original_ai,1,0.1,2.253869783238267
776,translated,1,0.1,1.71417631945069
777,substituted,1,0.1,1.970839049628732
778,paraphrased,1,0.1,1.855506749361317
779,mixed_text,1,0.1,1.3448652201302536
780,human_baseline,0,0.1,0.7142749569799667
781,original_ai,1,0.1,2.348554715570838
782,translated,1,0.1,1.4077917164990512
783,substituted,1,0.1,0.9653312731681064
784,paraphrased,1,0.1,1.2340773539249643
785,mixed_text,1,0.1,2.410637289095571
786,human_baseline,0,0.1,0.8984932641473206
787,original_ai,1,0.1,1.2607828790859306
788,translated,1,0.1,1.2164476336201555
789,substituted,1,0.1,0.9841187485769164
790,paraphrased,1,0.1,0.949569089739701
791,mixed_text,1,0.1,1.13583903978797
792,human_baseline,0,0.1,1.3422881024034603
793,original_ai,1,0.1,2.6162996770722904
794,translated,1,0.1,2.33504946451104
795,substituted,1,0.1,2.0344215965333445
796,paraphrased,1,0.1,1.459663413879466
797,mixed_text,1,0.1,1.3534254660458904
798,human_baseline,0,0.1,0.8280021902927615
799,original_ai,1,0.1,1.7557242609797328
800,translated,1,0.1,1.3329555330436185
801,substituted,1,0.1,1.4338291006646378
802,paraphrased,1,0.1,1.1278407882616663
803,mixed_text,1,0.1,2.0070478441626234
804,human_baseline,0,0.1,1.164460425045439
805,original_ai,1,0.1,1.5424368740416408
806,translated,1,0.1,1.5326806120495344
807,substituted,1,0.1,1.6814072255591492
808,paraphrased,1,0.1,0.8354515724523985
809,mixed_text,1,0.1,2.2119668877894223
810,human_baseline,0,0.1,0.9462482606176787
811,original_ai,1,0.1,2.062271313029004
812,translated,1,0.1,1.56504393374256
813,substituted,1,0.1,1.635182763618127
814,paraphrased,1,0.1,1.203187262981593
815,mixed_text,1,0.1,1.33319194356549
816,human_baseline,0,0.1,1.5243948408890495
817,original_ai,1,0.1,1.459329026226048
818,translated,1,0.1,2.041828806239004
819,substituted,1,0.1,1.5791486943481767
820,paraphrased,1,0.1,1.1204376994680476
821,mixed_text,1,0.1,1.5657780374111574
822,human_baseline,0,0.1,0.9704067145697448
823,original_ai,1,0.1,2.8221871948901134
824,translated,1,0.1,2.645890700411681
825,substituted,1,0.1,1.7569156951579274
826,paraphrased,1,0.1,1.8447412265844283
827,mixed_text,1,0.1,1.1510713816249594
828,human_baseline,0,0.1,1.0561476691966878
829,original_ai,1,0.1,1.6155118678192
830,translated,1,0.1,1.302870066962235
831,substituted,1,0.1,1.1464701237664965
832,paraphrased,1,0.1,1.1974513145961247
833,mixed_text,1,0.1,0.9839887184250952
834,human_baseline,0,0.1,0.6907041239488784
835,original_ai,1,0.1,1.116684953068363
836,translated,1,0.1,0.9866502031487476
837,substituted,1,0.1,1.1937159633025751
838,paraphrased,1,0.1,0.9138278711475138
839,mixed_text,1,0.1,1.5334679823064468
840,human_baseline,0,0.1,1.0607103119220866
841,original_ai,1,0.1,2.4480501124242267
842,translated,1,0.1,2.1288749487793512
843,substituted,1,0.1,1.4965100289403213
844,paraphrased,1,0.1,0.8048165310518351
845,mixed_text,1,0.1,2.265975525346332
846,human_baseline,0,0.1,1.0598198782959476
847,original_ai,1,0.1,1.6856277097973489
848,translated,1,0.1,1.966951778707312
849,substituted,1,0.1,1.4241116897517008
850,paraphrased,1,0.1,1.716763949986995
851,mixed_text,1,0.1,2.233257472946557
852,human_baseline,0,0.1,0.9254568331759864
853,original_ai,1,0.1,1.6961820524448703
854,translated,1,0.1,1.6674837281204808
855,substituted,1,0.1,2.0316069264589065
856,paraphrased,1,0.1,1.5454885227580366
857,mixed_text,1,0.1,1.3331752814885056
858,human_baseline,0,0.1,1.2061062539371763
859,original_ai,1,0.1,1.5733398940962895
860,translated,1,0.1,1.4259292847297558
861,substituted,1,0.1,1.4613420857779045
862,paraphrased,1,0.1,1.2940541074983118
863,mixed_text,1,0.1,1.4490217095327926
864,human_baseline,0,0.1,1.1790204458513822
865,original_ai,1,0.1,1.9637225046642457
866,translated,1,0.1,1.8675220366667065
867,substituted,1,0.1,2.666117840128024
868,paraphrased,1,0.1,1.1430764915783116
869,mixed_text,1,0.1,1.8365021437921183
870,human_baseline,0,0.1,1.0238796225361972
871,original_ai,1,0.1,2.085989083820047
872,translated,1,0.1,1.9363293252499936
873,substituted,1,0.1,1.825819712180813
874,paraphrased,1,0.1,2.052874017275457
875,mixed_text,1,0.1,2.069816135009978
876,human_baseline,0,0.1,0.8887636000571365
877,original_ai,1,0.1,1.5473562787883997
878,translated,1,0.1,1.763567999698752
879,substituted,1,0.1,1.480129483653869
880,paraphrased,1,0.1,0.8540718165896233
881,mixed_text,1,0.1,1.8905362031061823
882,human_baseline,0,0.1,0.8151924200017724
883,original_ai,1,0.1,3.0984232986336
884,translated,1,0.1,2.601156528940006
885,substituted,1,0.1,1.749250787552636
886,paraphrased,1,0.1,2.286790605730812
887,mixed_text,1,0.1,2.5899803068350264
888,human_baseline,0,0.1,1.137965248370569
889,original_ai,1,0.1,1.5423345375367254
890,translated,1,0.1,1.0965251267070677
891,substituted,1,0.1,1.204575251408144
892,paraphrased,1,0.1,1.085297111818316
893,mixed_text,1,0.1,1.0700760202140112
894,human_baseline,0,0.1,0.727062118413726
895,original_ai,1,0.1,2.043885198046975
896,translated,1,0.1,1.8549148381062732
897,substituted,1,0.1,1.6516246631442248
898,paraphrased,1,0.1,1.62362228445133
899,mixed_text,1,0.1,1.649941985410687
900,human_baseline,0,0.1,0.9310578254627722
901,original_ai,1,0.1,2.2419844133556
902,translated,1,0.1,1.976547576352517
903,substituted,1,0.1,1.5032086471017985
904,paraphrased,1,0.1,1.635477899162865
905,mixed_text,1,0.1,2.02490117405382
906,human_baseline,0,0.1,0.972704401977844
907,original_ai,1,0.1,1.44768975435796
908,translated,1,0.1,1.267906613939266
909,substituted,1,0.1,1.60606702934365
910,paraphrased,1,0.1,1.3263362882345653
911,mixed_text,1,0.1,1.1903977643300938
912,human_baseline,0,0.1,0.9540079525534292
913,original_ai,1,0.1,2.2864889125172594
914,translated,1,0.1,2.2912151609620564
915,substituted,1,0.1,1.7119895499486166
916,paraphrased,1,0.1,2.0758683873223704
917,mixed_text,1,0.1,3.2586076710777725
918,human_baseline,0,0.1,0.7848894911067815
919,original_ai,1,0.1,1.239046105431439
920,translated,1,0.1,1.1209171190333096
921,substituted,1,0.1,1.1486865075045656
922,paraphrased,1,0.1,1.1192359576852513
923,mixed_text,1,0.1,1.016841740553545
924,human_baseline,0,0.1,0.7416079217715567
925,original_ai,1,0.1,1.431718791854265
926,translated,1,0.1,1.4726379942102272
927,substituted,1,0.1,1.0481522355915194
928,paraphrased,1,0.1,1.7415560088736544
929,mixed_text,1,0.1,1.6336063051626837
930,human_baseline,0,0.1,0.8757066596896763
931,original_ai,1,0.1,1.6250090811705968
932,translated,1,0.1,1.3061035628232418
933,substituted,1,0.1,1.3446489661587184
934,paraphrased,1,0.1,1.0241195017017517
935,mixed_text,1,0.1,1.5814350766907923
936,human_baseline,0,0.1,0.8931905155871319
937,original_ai,1,0.1,2.2477640331103523
938,translated,1,0.1,1.7036287624279596
939,substituted,1,0.1,1.6141923764156716
940,paraphrased,1,0.1,1.7835571992639525
941,mixed_text,1,0.1,2.17172711650294
942,human_baseline,0,0.1,0.985925485078939
943,original_ai,1,0.1,2.1602486608274747
944,translated,1,0.1,1.476401270389157
945,substituted,1,0.1,1.2995850586791131
946,paraphrased,1,0.1,1.1130324230849675
947,mixed_text,1,0.1,3.0896970118671296
948,human_baseline,0,0.1,0.7351222006605038
949,original_ai,1,0.1,1.5276817445245234
950,translated,1,0.1,1.748115731581744
951,substituted,1,0.1,1.6299180581519512
952,paraphrased,1,0.1,1.0896911169394898
953,mixed_text,1,0.1,1.6852450595220727
954,human_baseline,0,0.1,0.9209758618776062
955,original_ai,1,0.1,3.5391311853081917
956,translated,1,0.1,2.90959817422152
957,substituted,1,0.1,2.431347258546048
958,paraphrased,1,0.1,1.7578058909123044
959,mixed_text,1,0.1,3.197340444228795
960,human_baseline,0,0.1,0.9567852956880598
961,original_ai,1,0.1,2.6731220733974226
962,translated,1,0.1,1.9782957349154875
963,substituted,1,0.1,1.8708968691610235
964,paraphrased,1,0.1,2.532858569557233
965,mixed_text,1,0.1,1.456026728271252
966,human_baseline,0,0.1,1.2174157990949273
967,original_ai,1,0.1,2.4445785675443656
968,translated,1,0.1,2.0471772430049837
969,substituted,1,0.1,1.728812661926336
970,paraphrased,1,0.1,1.874644191487265
971,mixed_text,1,0.1,1.8943930335297143
972,human_baseline,0,0.1,0.9885534619129094
973,original_ai,1,0.1,1.13154730646404
974,translated,1,0.1,1.3061144731596304
975,substituted,1,0.1,0.9529518371008792
976,paraphrased,1,0.1,1.0583500063889426
977,mixed_text,1,0.1,1.2832005754600069
978,human_baseline,0,0.1,0.7907580783473225
979,original_ai,1,0.1,1.3431645762751776
980,translated,1,0.1,1.3267324998663677
981,substituted,1,0.1,1.3555900159820444
982,paraphrased,1,0.1,1.7406734703611395
983,mixed_text,1,0.1,1.215416041711234
984,human_baseline,0,0.1,1.0274032836497526
985,original_ai,1,0.1,1.808466457724441
986,translated,1,0.1,1.7118756320572537
987,substituted,1,0.1,2.304330237023813
988,paraphrased,1,0.1,1.473980767682472
989,mixed_text,1,0.1,1.939842493357765
990,human_baseline,0,0.1,0.898272457010146
991,original_ai,1,0.1,2.645026291130605
992,translated,1,0.1,2.6802444781680443
993,substituted,1,0.1,1.8000782734558376
994,paraphrased,1,0.1,1.745244943701577
995,mixed_text,1,0.1,1.465242539526635
996,human_baseline,0,0.1,1.4209049685223991
997,original_ai,1,0.1,1.640584697516155
998,translated,1,0.1,1.2500813126020631
999,substituted,1,0.1,1.3164803858211562
1000,paraphrased,1,0.1,0.9046153409823317
1001,mixed_text,1,0.1,1.342408734259808
1002,human_baseline,0,0.1,0.7489499877668332
1003,original_ai,1,0.1,1.3842156783563966
1004,translated,1,0.1,1.29708723582441
1005,substituted,1,0.1,1.273089656850721
1006,paraphrased,1,0.1,1.0781150081959836
1007,mixed_text,1,0.1,1.5071428503704405
1008,human_baseline,0,0.1,0.7439932253120107
1009,original_ai,1,0.1,1.306785025366869
1010,translated,1,0.1,1.263422651391631
1011,substituted,1,0.1,1.2548007747784191
1012,paraphrased,1,0.1,1.422938992484081
1013,mixed_text,1,0.1,1.0496243419248936
1014,human_baseline,0,0.1,1.0528256965839
1015,original_ai,1,0.1,2.184007174964177
1016,translated,1,0.1,2.2282905933991177
1017,substituted,1,0.1,2.2212842215809974
1018,paraphrased,1,0.1,1.8243785205991148
1019,mixed_text,1,0.1,1.7699994672603314
1020,human_baseline,0,0.1,0.8665313705431522
1021,original_ai,1,0.1,2.8676509243089825
1022,translated,1,0.1,1.548074508334158
1023,substituted,1,0.1,2.526242015935671
1024,paraphrased,1,0.1,1.7073204739136356
1025,mixed_text,1,0.1,3.0061121157743065
1026,human_baseline,0,0.1,0.9364162993079648
1027,original_ai,1,0.1,1.5791528751494417
1028,translated,1,0.1,1.357475954922165
1029,substituted,1,0.1,1.6113091181904828
1030,paraphrased,1,0.1,0.9392938280345136
1031,mixed_text,1,0.1,1.5842593149720547
1032,human_baseline,0,0.1,0.8350197657468987
1033,original_ai,1,0.1,2.211076381316859
1034,translated,1,0.1,2.202122650153206
1035,substituted,1,0.1,2.161073025345573
1036,paraphrased,1,0.1,1.951990192919864
1037,mixed_text,1,0.1,1.521213825042062
1038,human_baseline,0,0.1,0.9211936925047042
1039,original_ai,1,0.1,1.9663544226840577
1040,translated,1,0.1,2.2652405176973214
1041,substituted,1,0.1,1.8481102383022616
1042,paraphrased,1,0.1,0.7296109405953228
1043,mixed_text,1,0.1,1.534133579768984
1044,human_baseline,0,0.1,0.9730991635995512
1045,original_ai,1,0.1,2.3777392976145784
1046,translated,1,0.1,2.0389590710373926
1047,substituted,1,0.1,2.13798285775283
1048,paraphrased,1,0.1,1.8281814113602624
1049,mixed_text,1,0.1,1.775135433617223
1050,human_baseline,0,0.1,1.2317336034853883
1051,original_ai,1,0.1,1.1761693847650485
1052,translated,1,0.1,1.1939698910054288
1053,substituted,1,0.1,1.0526463113462523
1054,paraphrased,1,0.1,1.0468118294212276
1055,mixed_text,1,0.1,1.3148599415609692
1056,human_baseline,0,0.1,1.148543946238363
1057,original_ai,1,0.1,1.7281055813096926
1058,translated,1,0.1,1.6171005278305228
1059,substituted,1,0.1,1.3929306487052606
1060,paraphrased,1,0.1,1.4508974434117594
1061,mixed_text,1,0.1,1.8247231874040857
1062,human_baseline,0,0.1,0.8834495414049283
1063,original_ai,1,0.1,1.992333135206264
1064,translated,1,0.1,1.6368847204019006
1065,substituted,1,0.1,1.3156044729112553
1066,paraphrased,1,0.1,1.6922395016434588
1067,mixed_text,1,0.1,2.037806968564483
1068,human_baseline,0,0.1,0.7368006266881523
1069,original_ai,1,0.1,1.5002101323469978
1070,translated,1,0.1,1.672483811546288
1071,substituted,1,0.1,1.2854527614453866
1072,paraphrased,1,0.1,1.1394615623157849
1073,mixed_text,1,0.1,1.1688336509137591
1074,human_baseline,0,0.1,0.8939464441309203
1075,original_ai,1,0.1,1.9266107292926968
1076,translated,1,0.1,1.6761216510856929
1077,substituted,1,0.1,1.346687502269456
1078,paraphrased,1,0.1,1.4700367330272364
1079,mixed_text,1,0.1,1.3729425296878512
1080,human_baseline,0,0.1,0.949393559464523
1081,original_ai,1,0.1,1.0931313042624098
1082,translated,1,0.1,1.004663995600126
1083,substituted,1,0.1,1.0696881116951025
1084,paraphrased,1,0.1,1.0174483587656689
1085,mixed_text,1,0.1,1.0628490270159867
1086,human_baseline,0,0.1,1.1241799471658136
1087,original_ai,1,0.1,1.961927393943981
1088,translated,1,0.1,1.8905905263724767
1089,substituted,1,0.1,1.6176349553952305
1090,paraphrased,1,0.1,1.554463471480552
1091,mixed_text,1,0.1,2.0505558862836586
1092,human_baseline,0,0.1,1.1374002123684035
1093,original_ai,1,0.1,1.873315988100244
1094,translated,1,0.1,1.8253850183183176
1095,substituted,1,0.1,1.548558049156626
1096,paraphrased,1,0.1,0.8083355069699608
1097,mixed_text,1,0.1,1.62567350875278
1098,human_baseline,0,0.1,0.9668997233980592
1099,original_ai,1,0.1,1.764743382323749
1100,translated,1,0.1,1.7796035887438486
1101,substituted,1,0.1,1.703903700069967
1102,paraphrased,1,0.1,1.555286346932405
1103,mixed_text,1,0.1,2.018952461833496
1104,human_baseline,0,0.1,0.8534661543012985
1105,original_ai,1,0.1,1.7733157941617563
1106,translated,1,0.1,2.010006265646084
1107,substituted,1,0.1,1.8837092998505636
1108,paraphrased,1,0.1,1.0479133668901506
1109,mixed_text,1,0.1,1.5586259826597226
1110,human_baseline,0,0.1,0.7225128163022828
1111,original_ai,1,0.1,1.5005890640292197
1112,translated,1,0.1,1.445568596746596
1113,substituted,1,0.1,1.318210409731724
1114,paraphrased,1,0.1,1.2388653729446737
1115,mixed_text,1,0.1,2.3359058867088693
1116,human_baseline,0,0.1,1.0530288564709118
1117,original_ai,1,0.1,1.7952361705267743
1118,translated,1,0.1,1.39525756568241
1119,substituted,1,0.1,1.3439277324881531
1120,paraphrased,1,0.1,0.9853707400896816
1121,mixed_text,1,0.1,1.9238897069359169
1122,human_baseline,0,0.1,0.975805432246142
1123,original_ai,1,0.1,2.264071055764646
1124,translated,1,0.1,2.018053631703408
1125,substituted,1,0.1,1.809322158927544
1126,paraphrased,1,0.1,2.105033964816065
1127,mixed_text,1,0.1,1.8279018477090831
1128,human_baseline,0,0.1,1.0622113233183097
1129,original_ai,1,0.1,3.3901481303817094
1130,translated,1,0.1,1.5453783265196703
1131,substituted,1,0.1,1.6314081145519113
1132,paraphrased,1,0.1,2.0438572967086186
1133,mixed_text,1,0.1,1.9145703803697895
1134,human_baseline,0,0.1,0.9427431592148104
1135,original_ai,1,0.1,2.1327078329249094
1136,translated,1,0.1,2.2964585890426967
1137,substituted,1,0.1,1.8093388492173812
1138,paraphrased,1,0.1,1.8531368250452815
1139,mixed_text,1,0.1,1.562155824247623
1140,human_baseline,0,0.1,0.7516191596658159
1141,original_ai,1,0.1,2.520738706545932
1142,translated,1,0.1,1.9810471758194668
1143,substituted,1,0.1,1.7608952560829672
1144,paraphrased,1,0.1,1.0883015364103412
1145,mixed_text,1,0.1,1.4033922413093225
1146,human_baseline,0,0.1,0.7189868194568311
1147,original_ai,1,0.1,1.5642324215403136
1148,translated,1,0.1,1.2546705051030655
1149,substituted,1,0.1,1.5390830208440014
1150,paraphrased,1,0.1,1.7567106475559648
1151,mixed_text,1,0.1,0.9674770838958976
1152,human_baseline,0,0.1,0.9747741124659296
1153,original_ai,1,0.1,1.558340383472953
1154,translated,1,0.1,1.4464102580012443
1155,substituted,1,0.1,1.2432720777671868
1156,paraphrased,1,0.1,0.9404829412205462
1157,mixed_text,1,0.1,1.311751629729425
1158,human_baseline,0,0.1,1.1162303793334751
1159,original_ai,1,0.1,1.686755366314764
1160,translated,1,0.1,1.5516295660610813
1161,substituted,1,0.1,1.799413697617337
1162,paraphrased,1,0.1,1.1382074124649346
1163,mixed_text,1,0.1,1.3924387758757375
1164,human_baseline,0,0.1,1.629295749037922
1165,original_ai,1,0.1,1.4602187932179311
1166,translated,1,0.1,1.3386070819297775
1167,substituted,1,0.1,1.683420301058066
1168,paraphrased,1,0.1,0.7589838881920217
1169,mixed_text,1,0.1,1.7825223146801952
1170,human_baseline,0,0.1,0.5792667081224971
1171,original_ai,1,0.1,2.2481432021671703
1172,translated,1,0.1,1.66717739625022
1173,substituted,1,0.1,1.2596089983835703
1174,paraphrased,1,0.1,1.9211115078979732
1175,mixed_text,1,0.1,2.55447181791266
1176,human_baseline,0,0.1,0.9255886644979706
1177,original_ai,1,0.1,1.2729780775391215
1178,translated,1,0.1,1.1031559599936982
1179,substituted,1,0.1,1.3373591596899153
1180,paraphrased,1,0.1,0.7112025500491101
1181,mixed_text,1,0.1,2.302142424792125
1182,human_baseline,0,0.1,1.209803177306142
1183,original_ai,1,0.1,1.0947693105649536
1184,translated,1,0.1,1.0184487303831828
1185,substituted,1,0.1,1.3330562376672552
1186,paraphrased,1,0.1,0.9776712913600768
1187,mixed_text,1,0.1,1.8506527322163175
1188,human_baseline,0,0.1,1.175333597529259
1189,original_ai,1,0.1,2.2991247001642403
1190,translated,1,0.1,2.998986176118465
1191,substituted,1,0.1,2.201843821031785
1192,paraphrased,1,0.1,2.0479249944737266
1193,mixed_text,1,0.1,2.2057030147974768
1194,human_baseline,0,0.1,0.8536245810975115
1195,original_ai,1,0.1,1.1023850274596827
1196,translated,1,0.1,1.07995634259536
1197,substituted,1,0.1,1.033343801427708
1198,paraphrased,1,0.1,0.9374408400920938
1199,mixed_text,1,0.1,2.1438910390341928
1200,human_baseline,0,0.1,0.8474839558133319
1201,original_ai,1,0.1,1.3581019032426924
1202,translated,1,0.1,1.5453666613135162
1203,substituted,1,0.1,1.357874636556457
1204,paraphrased,1,0.1,1.0704705167751318
1205,mixed_text,1,0.1,1.637725044971348
1206,human_baseline,0,0.1,0.8599482402880007
1207,original_ai,1,0.1,2.2309695760045294
1208,translated,1,0.1,2.19578690747292
1209,substituted,1,0.1,1.70914987394792
1210,paraphrased,1,0.1,1.3198517827533394
1211,mixed_text,1,0.1,1.3893325250314783
1212,human_baseline,0,0.1,0.9584986980584796
1213,original_ai,1,0.1,1.1588246771149384
1214,translated,1,0.1,1.1096229677670677
1215,substituted,1,0.1,1.0693877368148597
1216,paraphrased,1,0.1,1.0475589100620524
1217,mixed_text,1,0.1,1.1093592875601392
1218,human_baseline,0,0.1,1.032832921789122
1219,original_ai,1,0.1,1.4885078370631226
1220,translated,1,0.1,1.5727172106562426
1221,substituted,1,0.1,1.3703527035686904
1222,paraphrased,1,0.1,1.3632097580967513
1223,mixed_text,1,0.1,2.0404130845392663
1224,human_baseline,0,0.1,1.1939042128742758
1225,original_ai,1,0.1,1.5978191921392968
1226,translated,1,0.1,1.9613268376965312
1227,substituted,1,0.1,1.5333327763248272
1228,paraphrased,1,0.1,0.950213613740736
1229,mixed_text,1,0.1,1.3500846358209422
1230,human_baseline,0,0.1,0.9713128966364772
1231,original_ai,1,0.1,1.4276289526916226
1232,translated,1,0.1,1.3709865627570692
1233,substituted,1,0.1,1.5706408416837851
1234,paraphrased,1,0.1,1.027077752179152
1235,mixed_text,1,0.1,1.6232244338970818
1236,human_baseline,0,0.1,0.9803334207478211
1237,original_ai,1,0.1,1.687903465060125
1238,translated,1,0.1,1.4092036792074714
1239,substituted,1,0.1,1.2197332665249592
1240,paraphrased,1,0.1,1.1742658157043178
1241,mixed_text,1,0.1,1.001269030300197
1242,human_baseline,0,0.1,1.0031975539971931
1243,original_ai,1,0.1,2.3604466728808893
1244,translated,1,0.1,1.6400758262219897
1245,substituted,1,0.1,1.758043157106689
1246,paraphrased,1,0.1,1.6780275623237368
1247,mixed_text,1,0.1,1.283957671748972
1248,human_baseline,0,0.1,1.2315951652588857
1249,original_ai,1,0.1,0.9802537640008528
1250,translated,1,0.1,1.149063800192962
1251,substituted,1,0.1,0.8859820704919396
1252,paraphrased,1,0.1,1.0204024450435834
1253,mixed_text,1,0.1,1.3051661388927638
1254,human_baseline,0,0.1,0.9554270736365276
1255,original_ai,1,0.1,2.1860543635498133
1256,translated,1,0.1,1.779049549164891
1257,substituted,1,0.1,1.436045499583301
1258,paraphrased,1,0.1,1.276732520990546
1259,mixed_text,1,0.1,1.2893400039756109
1260,human_baseline,0,0.1,1.1057355181549853
1261,original_ai,1,0.1,1.436193342436811
1262,translated,1,0.1,1.3337802904876972
1263,substituted,1,0.1,1.3065669105378708
1264,paraphrased,1,0.1,1.338819925985425
1265,mixed_text,1,0.1,1.1771464278506774
1266,human_baseline,0,0.1,1.022461203632042
1267,original_ai,1,0.1,1.7066337382601082
1268,translated,1,0.1,1.733013479896922
1269,substituted,1,0.1,1.453591945243688
1270,paraphrased,1,0.1,1.3281494710380068
1271,mixed_text,1,0.1,1.4041673405353756
1272,human_baseline,0,0.1,1.4553093560705403
1273,original_ai,1,0.1,1.7179851887800726
1274,translated,1,0.1,1.679740742332083
1275,substituted,1,0.1,2.0046738698584283
1276,paraphrased,1,0.1,0.9616548527645236
1277,mixed_text,1,0.1,2.3542399627730606
1278,human_baseline,0,0.1,1.1132631895997984
1279,original_ai,1,0.1,3.030897091373481
1280,translated,1,0.1,1.879292807913373
1281,substituted,1,0.1,1.565288044463811
1282,paraphrased,1,0.1,1.4819063333367457
1283,mixed_text,1,0.1,1.7837924953523396
1284,human_baseline,0,0.1,0.8026465322271245
1285,original_ai,1,0.1,2.080056797937292
1286,translated,1,0.1,1.496058761730399
1287,substituted,1,0.1,1.6601848106017372
1288,paraphrased,1,0.1,1.9214030829911048
1289,mixed_text,1,0.1,2.9093718274345237
1290,human_baseline,0,0.1,0.7303876261333023
1291,original_ai,1,0.1,3.394974095137805
1292,translated,1,0.1,2.259074299063608
1293,substituted,1,0.1,2.202406637401789
1294,paraphrased,1,0.1,1.897239697330615
1295,mixed_text,1,0.1,2.597902356528766
1296,human_baseline,0,0.1,0.9568439048842994
1297,original_ai,1,0.1,2.9176834615292324
1298,translated,1,0.1,1.975162545271265
1299,substituted,1,0.1,2.407705477153612
1300,paraphrased,1,0.1,1.885720839518631
1301,mixed_text,1,0.1,1.2654380426488738
1302,human_baseline,0,0.1,0.9237917283322024
1303,original_ai,1,0.1,2.0669665427024437
1304,translated,1,0.1,1.4154649680784095
1305,substituted,1,0.1,1.540995717176861
1306,paraphrased,1,0.1,1.7803812435231756
1307,mixed_text,1,0.1,2.4503513543049773
1308,human_baseline,0,0.1,0.7661344205977275
1309,original_ai,1,0.1,1.6336858292535834
1310,translated,1,0.1,1.8068623722442896
1311,substituted,1,0.1,1.1237323451381185
1312,paraphrased,1,0.1,1.6555045899732144
1313,mixed_text,1,0.1,1.1694233125853877
1314,human_baseline,0,0.1,1.0282778224852391
1315,original_ai,1,0.1,1.7138270826475803
1316,translated,1,0.1,1.5331083993381416
1317,substituted,1,0.1,1.591503181962282
1318,paraphrased,1,0.1,1.497852121168362
1319,mixed_text,1,0.1,1.3496590989356638
1320,human_baseline,0,0.1,0.8576442398868734
1321,original_ai,1,0.1,2.2181540918863485
1322,translated,1,0.1,2.464974466770616
1323,substituted,1,0.1,1.2832762814205534
1324,paraphrased,1,0.1,1.4945509459589237
1325,mixed_text,1,0.1,1.5569867777840438
1326,human_baseline,0,0.1,0.9493617336287256
1327,original_ai,1,0.1,1.389179235520733
1328,translated,1,0.1,1.3797025698291934
1329,substituted,1,0.1,1.3179981961790646
1330,paraphrased,1,0.1,1.0911618666482763
1331,mixed_text,1,0.1,1.1607920018061513
1332,human_baseline,0,0.1,0.9403841483037154
1333,original_ai,1,0.1,1.8157512063503545
1334,translated,1,0.1,1.6705829985754477
1335,substituted,1,0.1,2.253918849932933
1336,paraphrased,1,0.1,1.2720965104486122
1337,mixed_text,1,0.1,1.5251394591439011
1338,human_baseline,0,0.1,0.9866877831105688
1339,original_ai,1,0.1,1.393907566277483
1340,translated,1,0.1,1.2646520309171034
1341,substituted,1,0.1,1.2927258366882324
1342,paraphrased,1,0.1,1.5113481673169509
1343,mixed_text,1,0.1,1.4888800903981612
1344,human_baseline,0,0.1,0.8040064478485008
1345,original_ai,1,0.1,2.985117913771383
1346,translated,1,0.1,3.002958826486098
1347,substituted,1,0.1,2.201555406196966
1348,paraphrased,1,0.1,3.216691171370629
1349,mixed_text,1,0.1,2.019917462321727
1350,human_baseline,0,0.1,1.460927374062817
1351,original_ai,1,0.1,1.3727442568564845
1352,translated,1,0.1,1.3436040214775626
1353,substituted,1,0.1,1.1076894706992546
1354,paraphrased,1,0.1,0.9363221357775942
1355,mixed_text,1,0.1,1.0624573718599182
1356,human_baseline,0,0.1,0.9409439494960996
1357,original_ai,1,0.1,3.2356568944983928
1358,translated,1,0.1,2.5065004956764487
1359,substituted,1,0.1,2.8253161424966677
1360,paraphrased,1,0.1,1.1741916895070836
1361,mixed_text,1,0.1,1.9012589558195017
1362,human_baseline,0,0.1,0.9957274007561966
1363,original_ai,1,0.1,1.7074950986829764
1364,translated,1,0.1,1.474945754641175
1365,substituted,1,0.1,1.6549777874537246
1366,paraphrased,1,0.1,1.317007075147779
1367,mixed_text,1,0.1,1.9053992445537131
1368,human_baseline,0,0.1,0.7634464332040851
1369,original_ai,1,0.1,1.736100610630527
1370,translated,1,0.1,1.6278499254265797
1371,substituted,1,0.1,1.8254292616431744
1372,paraphrased,1,0.1,1.547618055319664
1373,mixed_text,1,0.1,1.622939989845149
1374,human_baseline,0,0.1,1.116470534349573
1375,original_ai,1,0.1,1.3155773283587344
1376,translated,1,0.1,1.2444765419658057
1377,substituted,1,0.1,1.2720204078600543
1378,paraphrased,1,0.1,1.2816366994543769
1379,mixed_text,1,0.1,1.360819438480949
1380,human_baseline,0,0.1,1.0279816545944933
1381,original_ai,1,0.1,3.786807717445344
1382,translated,1,0.1,2.518294740996497
1383,substituted,1,0.1,2.347476043398347
1384,paraphrased,1,0.1,3.3141580096859378
1385,mixed_text,1,0.1,1.805679752001996
1386,human_baseline,0,0.1,1.2612481994671514
1387,original_ai,1,0.1,3.3183182444122217
1388,translated,1,0.1,3.124480912155659
1389,substituted,1,0.1,2.632730773853484
1390,paraphrased,1,0.1,2.803490909990316
1391,mixed_text,1,0.1,1.859063149567877
1392,human_baseline,0,0.1,1.379632423865876
1393,original_ai,1,0.1,1.546098408493891
1394,translated,1,0.1,2.032529927916259
1395,substituted,1,0.1,1.6059665048642169
1396,paraphrased,1,0.1,1.2131892284449624
1397,mixed_text,1,0.1,1.369379128760048
1398,human_baseline,0,0.1,0.8459790105939311
1399,original_ai,1,0.1,3.017806665821412
1400,translated,1,0.1,1.7593116205546695
1401,substituted,1,0.1,1.764697555816269
1402,paraphrased,1,0.1,1.3025568320944518
1403,mixed_text,1,0.1,1.324354543281216
1404,human_baseline,0,0.1,1.0959363587451754
1405,original_ai,1,0.1,2.163416672992394
1406,translated,1,0.1,1.916703289336957
1407,substituted,1,0.1,1.710679774498269
1408,paraphrased,1,0.1,1.826305599578358
1409,mixed_text,1,0.1,0.9911185041662796
1410,human_baseline,0,0.1,0.975264026843618
1411,original_ai,1,0.1,1.6120699545682893
1412,translated,1,0.1,1.399278315619943
1413,substituted,1,0.1,1.331776166880678
1414,paraphrased,1,0.1,0.931525357282422
1415,mixed_text,1,0.1,1.7161236116890997
1416,human_baseline,0,0.1,1.056487417365381
1417,original_ai,1,0.1,1.629987611482454
1418,translated,1,0.1,1.4295159558060069
1419,substituted,1,0.1,1.2151802167854115
1420,paraphrased,1,0.1,1.4461011516900817
1421,mixed_text,1,0.1,1.6282621204800616
1422,human_baseline,0,0.1,0.9217770802163572
1423,original_ai,1,0.1,1.2407896026288054
1424,translated,1,0.1,1.893712249568462
1425,substituted,1,0.1,1.512823873941718
1426,paraphrased,1,0.1,1.0212893517597266
1427,mixed_text,1,0.1,1.9809043007474247
1428,human_baseline,0,0.1,0.9181004785786728
1429,original_ai,1,0.1,1.402288315050264
1430,translated,1,0.1,1.4524068345732015
1431,substituted,1,0.1,1.1359022245551345
1432,paraphrased,1,0.1,1.1977582237298188
1433,mixed_text,1,0.1,1.3050356657658886
1434,human_baseline,0,0.1,1.0426448897307123
1435,original_ai,1,0.1,1.86027627944783
1436,translated,1,0.1,2.005338429211986
1437,substituted,1,0.1,1.7314952397033334
1438,paraphrased,1,0.1,1.3089679609319356
1439,mixed_text,1,0.1,2.423405964886846
1440,human_baseline,0,0.1,0.9295985546788996
1441,original_ai,1,0.1,1.657099607963179
1442,translated,1,0.1,1.7343534270488403
1443,substituted,1,0.1,1.899998230616051
1444,paraphrased,1,0.1,1.1581605794748546
1445,mixed_text,1,0.1,1.4582436675669437
1446,human_baseline,0,0.1,0.9837625144318886
1447,original_ai,1,0.1,2.7200915510009644
1448,translated,1,0.1,2.5113118187471453
1449,substituted,1,0.1,1.647004923845738
1450,paraphrased,1,0.1,1.018951952226655
1451,mixed_text,1,0.1,2.734689481599751
1452,human_baseline,0,0.1,0.9209380376564466
1453,original_ai,1,0.1,1.6977405431355872
1454,translated,1,0.1,1.2067713666781643
1455,substituted,1,0.1,1.067493104829592
1456,paraphrased,1,0.1,1.468888918624517
1457,mixed_text,1,0.1,1.562669703992262
1458,human_baseline,0,0.1,0.8584810651696467
1459,original_ai,1,0.1,2.440234395933427
1460,translated,1,0.1,2.4497467964905293
1461,substituted,1,0.1,1.3653662460615177
1462,paraphrased,1,0.1,1.5519540984362843
1463,mixed_text,1,0.1,1.210007211271821
1464,human_baseline,0,0.1,1.1028429969773956
1465,original_ai,1,0.1,1.4846733067268665
1466,translated,1,0.1,1.5564240101613525
1467,substituted,1,0.1,1.4966429545783475
1468,paraphrased,1,0.1,1.1510968327266446
1469,mixed_text,1,0.1,1.820548134324144
1470,human_baseline,0,0.1,1.047224376936226
1471,original_ai,1,0.1,1.2054111335621736
1472,translated,1,0.1,0.9795096658760132
1473,substituted,1,0.1,1.1100746815345233
1474,paraphrased,1,0.1,0.9195026703872582
1475,mixed_text,1,0.1,1.704936613039965
1476,human_baseline,0,0.1,1.036121054792315
1477,original_ai,1,0.1,2.6356829363543497
1478,translated,1,0.1,2.2525241368999955
1479,substituted,1,0.1,2.1857363890965886
1480,paraphrased,1,0.1,1.7600118794444033
1481,mixed_text,1,0.1,1.84410206323753
1482,human_baseline,0,0.1,1.068199441056629
1483,original_ai,1,0.1,1.745614151860853
1484,translated,1,0.1,1.656173355838116
1485,substituted,1,0.1,1.5208889142086215
1486,paraphrased,1,0.1,1.5289003574234268
1487,mixed_text,1,0.1,1.2796028463455016
1488,human_baseline,0,0.1,0.7469897457813504
1489,original_ai,1,0.1,1.704874125305927
1490,translated,1,0.1,1.2672416193626872
1491,substituted,1,0.1,1.346931281748872
1492,paraphrased,1,0.1,1.2708609539366609
1493,mixed_text,1,0.1,1.5544126054654326
1494,human_baseline,0,0.1,0.8835342865928534
1495,original_ai,1,0.1,2.292282318499034
1496,translated,1,0.1,2.0645145915770926
1497,substituted,1,0.1,1.8508314972745592
1498,paraphrased,1,0.1,2.0958903730012755
1499,mixed_text,1,0.1,1.7802474810741231
1500,human_baseline,0,0.1,0.8957448552968552
1501,original_ai,1,0.1,2.3709740867754747
1502,translated,1,0.1,2.193263947756574
1503,substituted,1,0.1,1.9372972708324607
1504,paraphrased,1,0.1,1.5005856778942284
1505,mixed_text,1,0.1,1.8843624037490203
1506,human_baseline,0,0.1,0.923072702014704
1507,original_ai,1,0.1,1.722853935169762
1508,translated,1,0.1,2.0807124691605448
1509,substituted,1,0.1,2.488365007064793
1510,paraphrased,1,0.1,1.5876450001877789
1511,mixed_text,1,0.1,1.9136806201898235
1512,human_baseline,0,0.1,0.9852150195045148
1513,original_ai,1,0.1,2.557724604377129
1514,translated,1,0.1,1.933390977727257
1515,substituted,1,0.1,1.3989837539200238
1516,paraphrased,1,0.1,1.457681671503203
1517,mixed_text,1,0.1,2.2572454647865925
1518,human_baseline,0,0.1,0.9455245285406249
1519,original_ai,1,0.1,1.8993043880358649
1520,translated,1,0.1,1.742567755206396
1521,substituted,1,0.1,1.2981982086522874
1522,paraphrased,1,0.1,1.4393304258991442
1523,mixed_text,1,0.1,1.5029154297882077
1524,human_baseline,0,0.1,1.0919525003306174
1525,original_ai,1,0.1,1.8019167128340725
1526,translated,1,0.1,1.47533019482115
1527,substituted,1,0.1,1.7905949859004242
1528,paraphrased,1,0.1,1.401185604935123
1529,mixed_text,1,0.1,1.733300128200591
1530,human_baseline,0,0.1,0.972352291432569
1531,original_ai,1,0.1,3.35120746342062
1532,translated,1,0.1,2.6532679242191275
1533,substituted,1,0.1,2.857634395132893
1534,paraphrased,1,0.1,1.5429709384592942
1535,mixed_text,1,0.1,1.838689036447154
1536,human_baseline,0,0.1,0.927350931301864
1537,original_ai,1,0.1,1.4392801320029789
1538,translated,1,0.1,1.4670027339783964
1539,substituted,1,0.1,1.2439079513388618
1540,paraphrased,1,0.1,1.0972925319767184
1541,mixed_text,1,0.1,1.6778040732544977
1542,human_baseline,0,0.1,1.2015054245539531
1543,original_ai,1,0.1,1.5717472911278505
1544,translated,1,0.1,1.6230116700871795
1545,substituted,1,0.1,1.9177544361175567
1546,paraphrased,1,0.1,1.0844431360195144
1547,mixed_text,1,0.1,1.8635322354912052
1548,human_baseline,0,0.1,0.7829015784932307
1549,original_ai,1,0.1,1.545655512998005
1550,translated,1,0.1,1.638414029651914
1551,substituted,1,0.1,1.6748362753316204
1552,paraphrased,1,0.1,0.6125040456355163
1553,mixed_text,1,0.1,1.611546721458854
1554,human_baseline,0,0.1,0.9304093463884596
1555,original_ai,1,0.1,1.2156985129849425
1556,translated,1,0.1,1.296547400972558
1557,substituted,1,0.1,1.2447404353717682
1558,paraphrased,1,0.1,1.687315978346685
1559,mixed_text,1,0.1,1.3534752148075304
1560,human_baseline,0,0.1,1.092442287458082
1561,original_ai,1,0.1,1.3053215676301368
1562,translated,1,0.1,1.2498108970943542
1563,substituted,1,0.1,1.1763632254810443
1564,paraphrased,1,0.1,0.9420714457528604
1565,mixed_text,1,0.1,1.2186738778905286
1566,human_baseline,0,0.1,1.9274766543484767
1567,original_ai,1,0.1,1.759412480166186
1568,translated,1,0.1,1.5737443133265594
1569,substituted,1,0.1,1.2905316336231205
1570,paraphrased,1,0.1,1.3603108028667572
1571,mixed_text,1,0.1,1.1890186768756847
1572,human_baseline,0,0.1,0.912606515657432
1573,original_ai,1,0.1,1.289389593694097
1574,translated,1,0.1,1.3954259253158272
1575,substituted,1,0.1,1.7464110351492197
1576,paraphrased,1,0.1,1.5142568798580158
1577,mixed_text,1,0.1,1.098669880559988
1578,human_baseline,0,0.1,0.7695147185723092
1579,original_ai,1,0.1,1.8273913354037283
1580,translated,1,0.1,1.5050896454068
1581,substituted,1,0.1,1.8138391102232407
1582,paraphrased,1,0.1,1.329628418897999
1583,mixed_text,1,0.1,1.426902412128529
1584,human_baseline,0,0.1,1.1366496003239537
1585,original_ai,1,0.1,1.15280355166917
1586,translated,1,0.1,1.1407035167169648
1587,substituted,1,0.1,1.6744715250196756
1588,paraphrased,1,0.1,1.270040156801452
1589,mixed_text,1,0.1,1.1476588984685627
1590,human_baseline,0,0.1,0.9023497380219722
1591,original_ai,1,0.1,1.8991792475974592
1592,translated,1,0.1,1.4898806728652485
1593,substituted,1,0.1,1.519563269181283
1594,paraphrased,1,0.1,1.205174774019058
1595,mixed_text,1,0.1,1.709535546325976
1596,human_baseline,0,0.1,0.7229243169610013
1597,original_ai,1,0.1,3.1563202036300573
1598,translated,1,0.1,2.5794431269365736
1599,substituted,1,0.1,2.0676783960662783
1600,paraphrased,1,0.1,2.0961133074908607
1601,mixed_text,1,0.1,1.8577017901119
1602,human_baseline,0,0.1,1.0385787761749627
1603,original_ai,1,0.1,1.9294716269693328
1604,translated,1,0.1,1.6098584964769005
1605,substituted,1,0.1,1.3621790008374868
1606,paraphrased,1,0.1,1.8509293571685683
1607,mixed_text,1,0.1,2.271926685337577
1608,human_baseline,0,0.1,0.8992298140330214
1609,original_ai,1,0.1,2.81783901440957
1610,translated,1,0.1,2.597163253118896
1611,substituted,1,0.1,1.4023367407654428
1612,paraphrased,1,0.1,1.1800128942022177
1613,mixed_text,1,0.1,2.011240366598648
1614,human_baseline,0,0.1,1.264625212560669
1615,original_ai,1,0.1,3.261805706250072
1616,translated,1,0.1,1.984839629610768
1617,substituted,1,0.1,2.264730372513545
1618,paraphrased,1,0.1,1.0959620277762068
1619,mixed_text,1,0.1,1.7455899250422524
1620,human_baseline,0,0.1,0.9734493733937428
1621,original_ai,1,0.1,1.1273913698279896
1622,translated,1,0.1,1.147867880967207
1623,substituted,1,0.1,1.0984081259011669
1624,paraphrased,1,0.1,0.9371427866882006
1625,mixed_text,1,0.1,1.0596799742603815
1626,human_baseline,0,0.1,0.9468090994704852
1627,original_ai,1,0.1,1.6928792882651251
1628,translated,1,0.1,1.566307483136928
1629,substituted,1,0.1,1.128862130971978
1630,paraphrased,1,0.1,1.2985142666916143
1631,mixed_text,1,0.1,1.7482891800261715
1632,human_baseline,0,0.1,0.962026666009964
1633,original_ai,1,0.1,3.4857781601640947
1634,translated,1,0.1,2.1042056715980952
1635,substituted,1,0.1,2.7327965722760625
1636,paraphrased,1,0.1,1.5699708578609122
1637,mixed_text,1,0.1,2.8695902675596403
1638,human_baseline,0,0.1,1.056337027319927
1639,original_ai,1,0.1,1.0973464722760649
1640,translated,1,0.1,1.0723149160733922
1641,substituted,1,0.1,1.1941290458323486
1642,paraphrased,1,0.1,0.9753766704222256
1643,mixed_text,1,0.1,1.9904689484165607
1644,human_baseline,0,0.1,1.3632504696338985
1645,original_ai,1,0.1,1.8878021494687507
1646,translated,1,0.1,1.7352510115995743
1647,substituted,1,0.1,1.380140293745041
1648,paraphrased,1,0.1,1.408201729184794
1649,mixed_text,1,0.1,1.7160604127547048
1650,human_baseline,0,0.1,1.013779904202639
1651,original_ai,1,0.1,1.742836289304844
1652,translated,1,0.1,1.5392714643189165
1653,substituted,1,0.1,1.2333847945590155
1654,paraphrased,1,0.1,1.352337349257056
1655,mixed_text,1,0.1,1.6190514536538367
1656,human_baseline,0,0.1,0.6755548872374805
1657,original_ai,1,0.1,1.4244648175157986
1658,translated,1,0.1,1.4343142873132309
1659,substituted,1,0.1,1.4538199441477146
1660,paraphrased,1,0.1,1.2141230835313734
1661,mixed_text,1,0.1,1.7555684118835724
1662,human_baseline,0,0.1,0.8666350758646533
1663,original_ai,1,0.1,1.6275848689025447
1664,translated,1,0.1,1.556492320218577
1665,substituted,1,0.1,1.5555017726286906
1666,paraphrased,1,0.1,1.4004616463244248
1667,mixed_text,1,0.1,1.24983344903875
1668,human_baseline,0,0.1,0.965929385039526
1669,original_ai,1,0.1,2.467116415720185
1670,translated,1,0.1,1.7903384141411407
1671,substituted,1,0.1,2.2042505592652497
1672,paraphrased,1,0.1,1.9588468017598129
1673,mixed_text,1,0.1,1.4694412885938786
1674,human_baseline,0,0.1,1.1128568779514387
1675,original_ai,1,0.1,1.4206804278347562
1676,translated,1,0.1,1.195751093334195
1677,substituted,1,0.1,1.1653136900740098
1678,paraphrased,1,0.1,0.2906417013005326
1679,mixed_text,1,0.1,1.5357564787938611
1680,human_baseline,0,0.1,0.7757658753552352
1681,original_ai,1,0.1,2.0926993651936825
1682,translated,1,0.1,2.0912186749354733
1683,substituted,1,0.1,1.6889999133894429
1684,paraphrased,1,0.1,1.3357672458346586
1685,mixed_text,1,0.1,1.5052766991734965
1686,human_baseline,0,0.1,0.9234792851241084
1687,original_ai,1,0.1,1.615431568722823
1688,translated,1,0.1,1.631734482051057
1689,substituted,1,0.1,1.8081392346176797
1690,paraphrased,1,0.1,1.2578998021898633
1691,mixed_text,1,0.1,1.3171479868894778
1692,human_baseline,0,0.1,0.9474112864827072
1693,original_ai,1,0.1,2.933516080640478
1694,translated,1,0.1,1.9082083243652648
1695,substituted,1,0.1,1.8637124926367925
1696,paraphrased,1,0.1,1.7689410027696697
1697,mixed_text,1,0.1,1.6900673442885132
1698,human_baseline,0,0.1,0.9367564861498026
1699,original_ai,1,0.1,2.6560820715657143
1700,translated,1,0.1,1.916936988909504
1701,substituted,1,0.1,2.044691059930664
1702,paraphrased,1,0.1,1.1212006982218858
1703,mixed_text,1,0.1,1.4933869166037228
1704,human_baseline,0,0.1,1.1190050473732986
1705,original_ai,1,0.1,2.282825727382137
1706,translated,1,0.1,1.5770716904562556
1707,substituted,1,0.1,1.9281835575405677
1708,paraphrased,1,0.1,1.051611406130225
1709,mixed_text,1,0.1,1.831671411270836
1710,human_baseline,0,0.1,0.7181724547151679
1711,original_ai,1,0.1,1.263446878964385
1712,translated,1,0.1,1.0046671638840912
1713,substituted,1,0.1,0.9738266508715578
1714,paraphrased,1,0.1,1.3227166868250355
1715,mixed_text,1,0.1,1.0593998642212472
1716,human_baseline,0,0.1,1.1436720121245572
1717,original_ai,1,0.1,1.2450936323008066
1718,translated,1,0.1,1.152115840797208
1719,substituted,1,0.1,1.1482831512501483
1720,paraphrased,1,0.1,1.1285366171365647
1721,mixed_text,1,0.1,1.2198521140384284
1722,human_baseline,0,0.1,0.9384742906550564
1723,original_ai,1,0.1,2.1281353880096234
1724,translated,1,0.1,2.30158378853052
1725,substituted,1,0.1,1.355958683984127
1726,paraphrased,1,0.1,1.002083672138817
1727,mixed_text,1,0.1,2.396543362986854
1728,human_baseline,0,0.1,0.669547296087631
1729,original_ai,1,0.1,1.4986295569448915
1730,translated,1,0.1,1.3165024903025349
1731,substituted,1,0.1,1.3479626973454286
1732,paraphrased,1,0.1,0.9665827056651388
1733,mixed_text,1,0.1,1.8240873841501968
1734,human_baseline,0,0.1,0.7877616127915866
1735,original_ai,1,0.1,1.5383120869515683
1736,translated,1,0.1,1.2202615971561714
1737,substituted,1,0.1,1.1106533861980037
1738,paraphrased,1,0.1,1.4351293771444795
1739,mixed_text,1,0.1,1.1919858436806023
1740,human_baseline,0,0.1,0.6988994670117062
1741,original_ai,1,0.1,1.4374891814830586
1742,translated,1,0.1,1.3072793010083783
1743,substituted,1,0.1,2.492948845718037
1744,paraphrased,1,0.1,1.2748780120771954
1745,mixed_text,1,0.1,1.403138542892797
1746,human_baseline,0,0.1,1.1018424368483135
1747,original_ai,1,0.1,1.6468127870825373
1748,translated,1,0.1,1.536361146075909
1749,substituted,1,0.1,1.562191001730114
1750,paraphrased,1,0.1,1.193885295436586
1751,mixed_text,1,0.1,1.6281382187507192
1752,human_baseline,0,0.1,1.1879159278374616
1753,original_ai,1,0.1,1.5904940963928544
1754,translated,1,0.1,1.4391112448587922
1755,substituted,1,0.1,1.2404236967538655
1756,paraphrased,1,0.1,1.1727874706572463
1757,mixed_text,1,0.1,1.5441859686106445
1758,human_baseline,0,0.1,0.8814311705020825
1759,original_ai,1,0.1,2.4387442820775447
1760,translated,1,0.1,2.4422074164212377
1761,substituted,1,0.1,1.7058928559787516
1762,paraphrased,1,0.1,2.284948248793055
1763,mixed_text,1,0.1,1.864681740804475
1764,human_baseline,0,0.1,0.8205199798142226
1765,original_ai,1,0.1,2.993440843328673
1766,translated,1,0.1,2.7591048893785484
1767,substituted,1,0.1,2.4713691329396448
1768,paraphrased,1,0.1,2.331328963180032
1769,mixed_text,1,0.1,2.458469160724017
1770,human_baseline,0,0.1,0.95029890225521
1771,original_ai,1,0.1,2.604487308995365
1772,translated,1,0.1,2.4238992811669497
1773,substituted,1,0.1,1.5991329503780916
1774,paraphrased,1,0.1,1.9730193264796545
1775,mixed_text,1,0.1,2.051381658469712
1776,human_baseline,0,0.1,0.745895708867322
1777,original_ai,1,0.1,2.205413279026514
1778,translated,1,0.1,1.9730487856370416
1779,substituted,1,0.1,1.7093627702988543
1780,paraphrased,1,0.1,1.7871840764677416
1781,mixed_text,1,0.1,2.385597458905029
1782,human_baseline,0,0.1,0.8345934973517435
1783,original_ai,1,0.1,1.7964497215605806
1784,translated,1,0.1,1.4627849481307356
1785,substituted,1,0.1,1.940479659995537
1786,paraphrased,1,0.1,1.4484002867367272
1787,mixed_text,1,0.1,1.172421016586085
1788,human_baseline,0,0.1,0.8702634290181192
1789,original_ai,1,0.1,1.917007351761324
1790,translated,1,0.1,1.5579857998371152
1791,substituted,1,0.1,1.433321037892204
1792,paraphrased,1,0.1,1.6209987706142537
1793,mixed_text,1,0.1,2.012943140589097
1794,human_baseline,0,0.1,1.005664797594188
1795,original_ai,1,0.1,1.1856758653949064
1796,translated,1,0.1,1.200753366645917
1797,substituted,1,0.1,1.2695091743844595
1798,paraphrased,1,0.1,1.6108470979039202
1799,mixed_text,1,0.1,1.1409905889037109
1800,human_baseline,0,0.1,1.281757044177509
1801,original_ai,1,0.1,2.7085747892127725
1802,translated,1,0.1,2.319479327533016
1803,substituted,1,0.1,1.5519857165167688
1804,paraphrased,1,0.1,1.34074793461348
1805,mixed_text,1,0.1,2.901614245558469
1806,human_baseline,0,0.1,0.8467501023434792
1807,original_ai,1,0.1,1.2305057974193043
1808,translated,1,0.1,1.3890557976837534
1809,substituted,1,0.1,0.978789432304092
1810,paraphrased,1,0.1,1.194319572500677
1811,mixed_text,1,0.1,0.857788565763155
1812,human_baseline,0,0.1,0.7963694759840829
1813,original_ai,1,0.1,1.7659207698818074
1814,translated,1,0.1,1.7060511390898103
1815,substituted,1,0.1,2.1301419268034665
1816,paraphrased,1,0.1,1.4866929755705602
1817,mixed_text,1,0.1,1.5858718643226752
1818,human_baseline,0,0.1,0.750404020456042
1819,original_ai,1,0.1,1.3652921526480708
1820,translated,1,0.1,1.2278216563795492
1821,substituted,1,0.1,1.2126555027374462
1822,paraphrased,1,0.1,1.2069729546192296
1823,mixed_text,1,0.1,1.5672131141334251
1824,human_baseline,0,0.1,0.7738801164626514
1825,original_ai,1,0.1,2.168624043181718
1826,translated,1,0.1,2.0060889428087707
1827,substituted,1,0.1,1.7418064850928991
1828,paraphrased,1,0.1,1.474197678385634
1829,mixed_text,1,0.1,2.425573186796964
1830,human_baseline,0,0.1,0.7909961030178233
1831,original_ai,1,0.1,3.0556440726200806
1832,translated,1,0.1,2.8687284084477023
1833,substituted,1,0.1,1.9142494562755528
1834,paraphrased,1,0.1,1.6818219338494556
1835,mixed_text,1,0.1,1.5532450142663403
1836,human_baseline,0,0.1,1.4392256989895624
1837,original_ai,1,0.1,2.1692546712091203
1838,translated,1,0.1,1.5234723451542085
1839,substituted,1,0.1,1.1860738768780223
1840,paraphrased,1,0.1,1.1977024022582246
1841,mixed_text,1,0.1,1.2396740846604462
1842,human_baseline,0,0.1,0.7827180580336986
1843,original_ai,1,0.1,1.2116323316188526
1844,translated,1,0.1,1.2147755530191453
1845,substituted,1,0.1,0.9698243871372818
1846,paraphrased,1,0.1,1.05162830060201
1847,mixed_text,1,0.1,1.3733194376776856
1848,human_baseline,0,0.1,1.1209287671008816
1849,original_ai,1,0.1,1.6551006900456016
1850,translated,1,0.1,1.579361963057804
1851,substituted,1,0.1,1.7172654693880969
1852,paraphrased,1,0.1,1.4879147664394727
1853,mixed_text,1,0.1,1.8003802791697816
1854,human_baseline,0,0.1,1.0256197860467111
1855,original_ai,1,0.1,1.5910279082207135
1856,translated,1,0.1,1.7477622845904102
1857,substituted,1,0.1,1.435200474106607
1858,paraphrased,1,0.1,1.039240144053513
1859,mixed_text,1,0.1,2.109705422934037
1860,human_baseline,0,0.1,1.4770214873967231
1861,original_ai,1,0.1,1.559896996956009
1862,translated,1,0.1,1.5677511576057066
1863,substituted,1,0.1,1.6168979826070806
1864,paraphrased,1,0.1,1.581326683914233
1865,mixed_text,1,0.1,1.0104274957800332
1866,human_baseline,0,0.1,0.8188250910428275
1867,original_ai,1,0.1,1.9195296446123868
1868,translated,1,0.1,1.9180190509595396
1869,substituted,1,0.1,1.7818722944150491
1870,paraphrased,1,0.1,1.3699749805839645
1871,mixed_text,1,0.1,2.785233661676088
1872,human_baseline,0,0.1,0.8479227519237196
1873,original_ai,1,0.1,2.537911771350024
1874,translated,1,0.1,2.154230033506789
1875,substituted,1,0.1,1.752722261028389
1876,paraphrased,1,0.1,1.8738983237970608
1877,mixed_text,1,0.1,1.3027307778990007
1878,human_baseline,0,0.1,0.964430024388418
1879,original_ai,1,0.1,1.595945039680028
1880,translated,1,0.1,1.9394057763398072
1881,substituted,1,0.1,2.3218029062678696
1882,paraphrased,1,0.1,1.6430452871747656
1883,mixed_text,1,0.1,1.4468638117500474
1884,human_baseline,0,0.1,0.6957975557542868
1885,original_ai,1,0.1,1.879752612181758
1886,translated,1,0.1,1.1700493164730803
1887,substituted,1,0.1,2.253383164170069
1888,paraphrased,1,0.1,1.2545858748079572
1889,mixed_text,1,0.1,1.9417995910876955
1890,human_baseline,0,0.1,1.2046675697333813
1891,original_ai,1,0.1,1.3521201962298108
1892,translated,1,0.1,1.2599951633967796
1893,substituted,1,0.1,1.207082702766792
1894,paraphrased,1,0.1,1.192155256154759
1895,mixed_text,1,0.1,1.5002360337699885
1896,human_baseline,0,0.1,1.1274554360086997
1897,original_ai,1,0.1,1.9005198385571245
1898,translated,1,0.1,1.7560182983693329
1899,substituted,1,0.1,1.3150808993281455
1900,paraphrased,1,0.1,1.4067950253338384
1901,mixed_text,1,0.1,1.793195182429136
1902,human_baseline,0,0.1,1.6859577725910109
1903,original_ai,1,0.1,1.271823136150212
1904,translated,1,0.1,1.274144322820064
1905,substituted,1,0.1,1.1444787966897965
1906,paraphrased,1,0.1,1.376502153610144
1907,mixed_text,1,0.1,1.3334857155517137
1908,human_baseline,0,0.1,1.2450541994404798
1909,original_ai,1,0.1,1.1226877538229512
1910,translated,1,0.1,1.1203529610905756
1911,substituted,1,0.1,1.037994989197962
1912,paraphrased,1,0.1,1.1251396870965635
1913,mixed_text,1,0.1,1.2431791365579694
1914,human_baseline,0,0.1,0.8607912447352373
1915,original_ai,1,0.1,1.5062927229301737
1916,translated,1,0.1,1.548480901525635
1917,substituted,1,0.1,1.140901758951428
1918,paraphrased,1,0.1,1.3829574978126582
1919,mixed_text,1,0.1,1.2640497327551563
1920,human_baseline,0,0.1,0.9813596890286252
1921,original_ai,1,0.1,2.505241614549156
1922,translated,1,0.1,1.615349455490123
1923,substituted,1,0.1,2.152647097391894
1924,paraphrased,1,0.1,1.0892498099226184
1925,mixed_text,1,0.1,1.8369404635233395
1926,human_baseline,0,0.1,1.311881847490915
1927,original_ai,1,0.1,1.6283635115292252
1928,translated,1,0.1,1.9681487184874056
1929,substituted,1,0.1,1.891829192062631
1930,paraphrased,1,0.1,1.2331234505442863
1931,mixed_text,1,0.1,2.019639267706783
1932,human_baseline,0,0.1,1.4032162103169945
1933,original_ai,1,0.1,1.4472451846256338
1934,translated,1,0.1,1.4210246117503176
1935,substituted,1,0.1,1.318329152035959
1936,paraphrased,1,0.1,1.3755818730245828
1937,mixed_text,1,0.1,1.3540249648938618
1938,human_baseline,0,0.1,1.0517189869509411
1939,original_ai,1,0.1,1.2606510462520495
1940,translated,1,0.1,1.3555757853071329
1941,substituted,1,0.1,1.4983366233928772
1942,paraphrased,1,0.1,0.970413548991682
1943,mixed_text,1,0.1,1.3791822696935985
1944,human_baseline,0,0.1,1.166469947299506
1945,original_ai,1,0.1,1.1684766645222924
1946,translated,1,0.1,1.0871307139435284
1947,substituted,1,0.1,1.0602639872999176
1948,paraphrased,1,0.1,1.289880499569716
1949,mixed_text,1,0.1,1.3489480172381103
1950,human_baseline,0,0.1,0.8173068566076519
1951,original_ai,1,0.1,2.7413815782093955
1952,translated,1,0.1,2.1855905087306016
1953,substituted,1,0.1,1.7962459568330824
1954,paraphrased,1,0.1,1.5788178798180226
1955,mixed_text,1,0.1,1.7677105094779595
1956,human_baseline,0,0.1,0.6112783012055344
1957,original_ai,1,0.1,2.105409362225366
1958,translated,1,0.1,1.8763838912193709
1959,substituted,1,0.1,2.3897148300161914
1960,paraphrased,1,0.1,1.1328523824989651
1961,mixed_text,1,0.1,1.580642972760208
1962,human_baseline,0,0.1,1.1703811028676347
1963,original_ai,1,0.1,1.3110913596850786
1964,translated,1,0.1,1.3554341079111345
1965,substituted,1,0.1,1.4024997985069805
1966,paraphrased,1,0.1,1.5550967462458565
1967,mixed_text,1,0.1,1.1849649198239065
1968,human_baseline,0,0.1,0.7170450004835128
1969,original_ai,1,0.1,2.802005187104389
1970,translated,1,0.1,2.4906892873433306
1971,substituted,1,0.1,2.3977119033878087
1972,paraphrased,1,0.1,1.8902479905187923
1973,mixed_text,1,0.1,2.6855020465984207
1974,human_baseline,0,0.1,1.0681602343343075
1975,original_ai,1,0.1,1.740861705799977
1976,translated,1,0.1,1.7690113279042248
1977,substituted,1,0.1,1.6467682819803229
1978,paraphrased,1,0.1,1.512033387955279
1979,mixed_text,1,0.1,1.7648231036072952
1980,human_baseline,0,0.1,0.9732612562872064
1981,original_ai,1,0.1,1.799454154609364
1982,translated,1,0.1,2.0900062890442594
1983,substituted,1,0.1,1.806680341435338
1984,paraphrased,1,0.1,1.0474114541098627
1985,mixed_text,1,0.1,1.4675431006172592
1986,human_baseline,0,0.1,0.8048708332975592
1987,original_ai,1,0.1,2.2573246742172866
1988,translated,1,0.1,2.150699241079798
1989,substituted,1,0.1,1.956579890759252
1990,paraphrased,1,0.1,1.4012115775386926
1991,mixed_text,1,0.1,1.6714761320887663
1992,human_baseline,0,0.1,0.8467682330821713
1993,original_ai,1,0.1,1.3552079831604382
1994,translated,1,0.1,1.6077218344196451
1995,substituted,1,0.1,1.526109620433188
1996,paraphrased,1,0.1,1.491361864680711
1997,mixed_text,1,0.1,1.6100405680581282
1998,human_baseline,0,0.1,0.8396776643091913
1999,original_ai,1,0.1,2.414057457442357
2000,translated,1,0.1,2.3677445844250125
2001,substituted,1,0.1,1.5023956206540117
2002,paraphrased,1,0.1,1.640707571953592
2003,mixed_text,1,0.1,1.299783490857045
2004,human_baseline,0,0.1,1.1297566168459583
2005,original_ai,1,0.1,2.768280565939123
2006,translated,1,0.1,2.2327481734664443
2007,substituted,1,0.1,1.3767535309566896
2008,paraphrased,1,0.1,1.459561117015868
2009,mixed_text,1,0.1,1.8829086259662569
2010,human_baseline,0,0.1,0.9134723491682658
2011,original_ai,1,0.1,2.425682926443716
2012,translated,1,0.1,1.6804061066456175
2013,substituted,1,0.1,1.212372505960145
2014,paraphrased,1,0.1,1.6097466563331635
2015,mixed_text,1,0.1,1.8895038501651495
2016,human_baseline,0,0.1,0.9569809185913916
2017,original_ai,1,0.1,1.1541897124693248
2018,translated,1,0.1,0.979197864851006
2019,substituted,1,0.1,0.9808564998338232
2020,paraphrased,1,0.1,1.0314075369579778
2021,mixed_text,1,0.1,1.582995219974049
2022,human_baseline,0,0.1,0.7261972552497217
2023,original_ai,1,0.1,2.3501697866034608
2024,translated,1,0.1,2.2313672378306912
2025,substituted,1,0.1,1.701490572177174
2026,paraphrased,1,0.1,2.7013937997510102
2027,mixed_text,1,0.1,1.3041576402765012
2028,human_baseline,0,0.1,1.2976233730973483
2029,original_ai,1,0.1,2.273151706170504
2030,translated,1,0.1,1.7023090212585488
2031,substituted,1,0.1,1.7290946556367432
2032,paraphrased,1,0.1,1.326356871688679
2033,mixed_text,1,0.1,1.1854388859796017
2034,human_baseline,0,0.1,1.0811502837528062
2035,original_ai,1,0.1,1.3160555236707268
2036,translated,1,0.1,1.1894789441337266
2037,substituted,1,0.1,1.3948149946724178
2038,paraphrased,1,0.1,1.129586915572916
2039,mixed_text,1,0.1,0.9122942966115672
2040,human_baseline,0,0.1,0.8754190929628102
2041,original_ai,1,0.1,1.3259722395691569
2042,translated,1,0.1,1.8600642830302567
2043,substituted,1,0.1,1.3362144453633773
2044,paraphrased,1,0.1,0.980541765731067
2045,mixed_text,1,0.1,1.790834160553079
2046,human_baseline,0,0.1,1.1963601845670353
2047,original_ai,1,0.1,1.8067396975303327
2048,translated,1,0.1,1.780201501006467
2049,substituted,1,0.1,1.7868992645223165
2050,paraphrased,1,0.1,1.7173275063192777
2051,mixed_text,1,0.1,1.8393152725845672
2052,human_baseline,0,0.1,0.8772004146193787
2053,original_ai,1,0.1,1.4807730612850325
2054,translated,1,0.1,1.698529090458308
2055,substituted,1,0.1,1.517473096855812
2056,paraphrased,1,0.1,1.302389640607306
2057,mixed_text,1,0.1,1.399791574706008
2058,human_baseline,0,0.1,0.8080900478254808
2059,original_ai,1,0.1,1.1966110657052544
2060,translated,1,0.1,1.1758930053800662
2061,substituted,1,0.1,1.0447035864780514
2062,paraphrased,1,0.1,1.2959224894323935
2063,mixed_text,1,0.1,1.0455230562286866
2064,human_baseline,0,0.1,1.0925289953116004
2065,original_ai,1,0.1,1.6438302743417208
2066,translated,1,0.1,1.688360691287211
2067,substituted,1,0.1,1.4876651738227742
2068,paraphrased,1,0.1,1.0771878298848854
2069,mixed_text,1,0.1,1.7618208082806788
2070,human_baseline,0,0.1,0.9080434392037902
2071,original_ai,1,0.1,1.9135347253101795
2072,translated,1,0.1,1.8301043020298389
2073,substituted,1,0.1,1.533324335858917
2074,paraphrased,1,0.1,1.4054392113578296
2075,mixed_text,1,0.1,1.4046540872725013
2076,human_baseline,0,0.1,0.996293515882974
2077,original_ai,1,0.1,2.310975758107046
2078,translated,1,0.1,2.4414707260267026
2079,substituted,1,0.1,1.743640700809773
2080,paraphrased,1,0.1,1.3802642870596982
2081,mixed_text,1,0.1,1.721549360054158
2082,human_baseline,0,0.1,0.9575021610906072
2083,original_ai,1,0.1,3.2583520064171783
2084,translated,1,0.1,2.5936168036236418
2085,substituted,1,0.1,3.0418802988783584
2086,paraphrased,1,0.1,1.4277988447995804
2087,mixed_text,1,0.1,2.7200149770456408
2088,human_baseline,0,0.1,0.6392140353145717
2089,original_ai,1,0.1,1.048040801141765
2090,translated,1,0.1,1.061654327394662
2091,substituted,1,0.1,0.948707427020764
2092,paraphrased,1,0.1,0.7698058499190267
2093,mixed_text,1,0.1,1.34261947623703
2094,human_baseline,0,0.1,0.826604086673859
2095,original_ai,1,0.1,2.264522594454014
2096,translated,1,0.1,2.041394433389416
2097,substituted,1,0.1,1.7592611581984148
2098,paraphrased,1,0.1,1.4341268426760931
2099,mixed_text,1,0.1,1.1501882586161396
2100,human_baseline,0,0.1,0.7193218221647184
2101,original_ai,1,0.1,2.616662480750385
2102,translated,1,0.1,2.277421205478726
2103,substituted,1,0.1,2.210759250167008
2104,paraphrased,1,0.1,1.8292981527610643
2105,mixed_text,1,0.1,1.4406771702793986
2106,human_baseline,0,0.1,0.9204332916741044
2107,original_ai,1,0.1,2.112838555111101
2108,translated,1,0.1,1.3910591361396252
2109,substituted,1,0.1,1.5971844147560177
2110,paraphrased,1,0.1,1.544465320113367
2111,mixed_text,1,0.1,2.0374870944064787
2112,human_baseline,0,0.1,1.23551850709207
2113,original_ai,1,0.1,1.7383276972120745
2114,translated,1,0.1,1.7314040603203409
2115,substituted,1,0.1,1.2054318472995218
2116,paraphrased,1,0.1,1.2132843365330075
2117,mixed_text,1,0.1,1.6487272615300177
2118,human_baseline,0,0.1,1.2601073852753637
2119,original_ai,1,0.1,1.5413379170073414
2120,translated,1,0.1,1.5685709488933122
2121,substituted,1,0.1,1.048553396039694
2122,paraphrased,1,0.1,1.3543395377836276
2123,mixed_text,1,0.1,1.1224302845467733
2124,human_baseline,0,0.1,0.9927166708138472
2125,original_ai,1,0.1,2.006753608581739
2126,translated,1,0.1,2.051720154023712
2127,substituted,1,0.1,1.4856171740737751
2128,paraphrased,1,0.1,0.9877601244135124
2129,mixed_text,1,0.1,1.4976247425201117
2130,human_baseline,0,0.1,1.1636222625005923
2131,original_ai,1,0.1,1.5964517070922932
2132,translated,1,0.1,1.3076580205119333
2133,substituted,1,0.1,1.3701566070649482
2134,paraphrased,1,0.1,1.3515984987091103
2135,mixed_text,1,0.1,0.96872775115272
2136,human_baseline,0,0.1,0.9219764158442098
2137,original_ai,1,0.1,2.6814366214901657
2138,translated,1,0.1,1.8079355303517897
2139,substituted,1,0.1,1.8162830812062865
2140,paraphrased,1,0.1,1.6813310695448458
2141,mixed_text,1,0.1,1.6597470372905088
2142,human_baseline,0,0.1,0.8103898549500836
2143,original_ai,1,0.1,1.5949398294072887
2144,translated,1,0.1,1.603297580237636
2145,substituted,1,0.1,1.464494672516734
2146,paraphrased,1,0.1,1.3661099468909994
2147,mixed_text,1,0.1,1.2216115784541852
2148,human_baseline,0,0.1,0.7615226699096703
2149,original_ai,1,0.1,1.4309950897583916
2150,translated,1,0.1,1.414811533293729
2151,substituted,1,0.1,1.2922238960690329
2152,paraphrased,1,0.1,1.234734508022644
2153,mixed_text,1,0.1,1.2076315603397587
2154,human_baseline,0,0.1,1.0151909174260731
2155,original_ai,1,0.1,1.432971073683774
2156,translated,1,0.1,1.5937770338901094
2157,substituted,1,0.1,1.4839819450014389
2158,paraphrased,1,0.1,1.302409017779384
2159,mixed_text,1,0.1,1.5698524540195842
2160,human_baseline,0,0.1,1.0387964455319116
2161,original_ai,1,0.1,1.3073262497150877
2162,translated,1,0.1,1.205329294961045
2163,substituted,1,0.1,0.9217501531523576
2164,paraphrased,1,0.1,0.7597638582279539
2165,mixed_text,1,0.1,1.125595770531362
2166,human_baseline,0,0.1,1.2550768207641718
2167,original_ai,1,0.1,0.9431179084794769
2168,translated,1,0.1,0.9228079458250212
2169,substituted,1,0.1,0.8881458649024633
2170,paraphrased,1,0.1,0.9789996444167248
2171,mixed_text,1,0.1,1.617101780223629
2172,human_baseline,0,0.1,1.040110410676994
2173,original_ai,1,0.1,1.5081200197409277
2174,translated,1,0.1,1.3827841895713733
2175,substituted,1,0.1,1.93141552219494
2176,paraphrased,1,0.1,1.0666674968361285
2177,mixed_text,1,0.1,0.9496486028025508
2178,human_baseline,0,0.1,0.9604812308866232
2179,original_ai,1,0.1,1.8391502823742525
2180,translated,1,0.1,1.785183046662692
2181,substituted,1,0.1,1.3095229150806316
2182,paraphrased,1,0.1,1.0091343401189965
2183,mixed_text,1,0.1,1.266470769006529
2184,human_baseline,0,0.1,0.9156927270482872
2185,original_ai,1,0.1,2.1441608776275567
2186,translated,1,0.1,2.180992765891377
2187,substituted,1,0.1,1.51309279415085
2188,paraphrased,1,0.1,0.9291783939556272
2189,mixed_text,1,0.1,1.487582310749393
2190,human_baseline,0,0.1,1.205646625382936
2191,original_ai,1,0.1,1.8402387466142056
2192,translated,1,0.1,1.690319401244759
2193,substituted,1,0.1,1.6875208908296688
2194,paraphrased,1,0.1,2.034638006210174
2195,mixed_text,1,0.1,1.433527846558975
2196,human_baseline,0,0.1,0.9697446849036696
2197,original_ai,1,0.1,1.8060537417956917
2198,translated,1,0.1,1.93443352041274
2199,substituted,1,0.1,1.671744601772153
2200,paraphrased,1,0.1,1.329989226328962
2201,mixed_text,1,0.1,1.1107709273229345
2202,human_baseline,0,0.1,0.861905133586842
2203,original_ai,1,0.1,2.6417728055293592
2204,translated,1,0.1,2.2010134628818694
2205,substituted,1,0.1,1.749139457062041
2206,paraphrased,1,0.1,1.4221356680346369
2207,mixed_text,1,0.1,1.40332993852395
2208,human_baseline,0,0.1,0.9205891219965184
2209,original_ai,1,0.1,3.3749910816637696
2210,translated,1,0.1,3.3606016919380584
2211,substituted,1,0.1,2.011599505957128
2212,paraphrased,1,0.1,1.9974995515530736
2213,mixed_text,1,0.1,3.4665645213752625
2214,human_baseline,0,0.1,0.9475159377358314
2215,original_ai,1,0.1,2.957581881635965
2216,translated,1,0.1,2.907794301414821
2217,substituted,1,0.1,1.7871304361859746
2218,paraphrased,1,0.1,1.827784224685353
2219,mixed_text,1,0.1,1.8672797047448255
2220,human_baseline,0,0.1,0.9563376322249862
2221,original_ai,1,0.1,2.604073513628044
2222,translated,1,0.1,2.102784323177154
2223,substituted,1,0.1,2.243568457015952
2224,paraphrased,1,0.1,1.918942222461284
2225,mixed_text,1,0.1,1.6339636748979858
2226,human_baseline,0,0.1,1.0042818971524303
2227,original_ai,1,0.1,1.1292926991957428
2228,translated,1,0.1,1.1977282665758062
2229,substituted,1,0.1,1.567176873395384
2230,paraphrased,1,0.1,1.1790654420459112
2231,mixed_text,1,0.1,1.2088820972755834
2232,human_baseline,0,0.1,1.1585784828573231
2233,original_ai,1,0.1,1.6925846954641923
2234,translated,1,0.1,1.5061985818121786
2235,substituted,1,0.1,1.314285836753158
2236,paraphrased,1,0.1,2.1337890296344235
2237,mixed_text,1,0.1,1.33321250753919
2238,human_baseline,0,0.1,0.8667789390693877
2239,original_ai,1,0.1,2.3615268793254267
2240,translated,1,0.1,1.9508940778552688
2241,substituted,1,0.1,1.1529362886049652
2242,paraphrased,1,0.1,1.4446549659300096
2243,mixed_text,1,0.1,1.5496665547813082
2244,human_baseline,0,0.1,1.0705200511127315
2245,original_ai,1,0.1,1.6156309440131291
2246,translated,1,0.1,1.440769383343568
2247,substituted,1,0.1,1.447249414833196
2248,paraphrased,1,0.1,1.3851948264370575
2249,mixed_text,1,0.1,1.700224346868056
2250,human_baseline,0,0.1,0.7443322681207732
2251,original_ai,1,0.1,1.7807311693533086
2252,translated,1,0.1,1.6636934292342656
2253,substituted,1,0.1,1.7601423331604071
2254,paraphrased,1,0.1,1.3760299039387047
2255,mixed_text,1,0.1,1.6014884019204645
2256,human_baseline,0,0.1,1.715563656167547
2257,original_ai,1,0.1,3.2693171531515857
2258,translated,1,0.1,3.305975275355097
2259,substituted,1,0.1,1.8684454449488053
2260,paraphrased,1,0.1,1.366438153503253
2261,mixed_text,1,0.1,2.8391426282249896
2262,human_baseline,0,0.1,1.2107545104306277
2263,original_ai,1,0.1,1.6826897608665317
2264,translated,1,0.1,1.4845334956615346
2265,substituted,1,0.1,1.7307869340510682
2266,paraphrased,1,0.1,1.5420881252447478
2267,mixed_text,1,0.1,1.913617985649732
2268,human_baseline,0,0.1,0.7848180707817296
2269,original_ai,1,0.1,2.9632279373480555
2270,translated,1,0.1,2.268046635140013
2271,substituted,1,0.1,1.908434663764333
2272,paraphrased,1,0.1,1.5884140310876813
2273,mixed_text,1,0.1,1.3752674053750438
2274,human_baseline,0,0.1,1.0386621699414569
2275,original_ai,1,0.1,1.9902729815169804
2276,translated,1,0.1,1.4053160733109804
2277,substituted,1,0.1,1.9962028866451156
2278,paraphrased,1,0.1,0.8866058433707942
2279,mixed_text,1,0.1,1.4636821729219485
2280,human_baseline,0,0.1,0.8719061256326758
2281,original_ai,1,0.1,2.0604471788464505
2282,translated,1,0.1,2.023863626976381
2283,substituted,1,0.1,1.8095648587758428
2284,paraphrased,1,0.1,1.8558633584360016
2285,mixed_text,1,0.1,1.5492326946420547
2286,human_baseline,0,0.1,0.9503838717258812
2287,original_ai,1,0.1,2.0271828214363543
2288,translated,1,0.1,1.7669236796167525
2289,substituted,1,0.1,1.8124304107560287
2290,paraphrased,1,0.1,1.7996131036828358
2291,mixed_text,1,0.1,1.833889554316596
2292,human_baseline,0,0.1,0.8299777369124739
2293,original_ai,1,0.1,3.6638385195829857
2294,translated,1,0.1,3.6298593293236014
2295,substituted,1,0.1,1.8831461018896327
2296,paraphrased,1,0.1,1.8472314740527855
2297,mixed_text,1,0.1,1.7080340056764347
2298,human_baseline,0,0.1,0.939420505643372
2299,original_ai,1,0.1,2.503562810207756
2300,translated,1,0.1,2.095700611609431
2301,substituted,1,0.1,1.846496137914471
2302,paraphrased,1,0.1,1.322321171613062
2303,mixed_text,1,0.1,1.6319627976244226
2304,human_baseline,0,0.1,0.8499404183418394
2305,original_ai,1,0.1,1.4741650063968514
2306,translated,1,0.1,1.5317489660933186
2307,substituted,1,0.1,1.3018615533048004
2308,paraphrased,1,0.1,0.5345255714464435
2309,mixed_text,1,0.1,1.5613462974468966
2310,human_baseline,0,0.1,1.141097221212474
2311,original_ai,1,0.1,1.431282532201887
2312,translated,1,0.1,1.384192029071998
2313,substituted,1,0.1,1.069555275218983
2314,paraphrased,1,0.1,0.7582162098847713
2315,mixed_text,1,0.1,1.285719905547334
2316,human_baseline,0,0.1,0.9254773734558293
2317,original_ai,1,0.1,1.3626127334873843
2318,translated,1,0.1,1.3276713814746213
2319,substituted,1,0.1,1.193493187455779
2320,paraphrased,1,0.1,1.1044669428274092
2321,mixed_text,1,0.1,1.3752193561585764
2322,human_baseline,0,0.1,0.8327422034550563
2323,original_ai,1,0.1,1.4629633771114046
2324,translated,1,0.1,1.4923052922351396
2325,substituted,1,0.1,1.318047814059497
2326,paraphrased,1,0.1,1.3008362087134335
2327,mixed_text,1,0.1,1.2075938102621857
2328,human_baseline,0,0.1,0.782265730510021
2329,original_ai,1,0.1,1.8298131347879416
2330,translated,1,0.1,1.4438758931688536
2331,substituted,1,0.1,1.2550094241517034
2332,paraphrased,1,0.1,1.2112898733710098
2333,mixed_text,1,0.1,1.0380506551073887
2334,human_baseline,0,0.1,0.8545339244025173
2335,original_ai,1,0.1,1.341100010236611
2336,translated,1,0.1,1.1646357136662275
2337,substituted,1,0.1,1.4235052970174142
2338,paraphrased,1,0.1,1.2359892243491764
2339,mixed_text,1,0.1,2.92166404879546
2340,human_baseline,0,0.1,0.9240054614058006
2341,original_ai,1,0.1,2.662313188039209
2342,translated,1,0.1,2.354978657531119
2343,substituted,1,0.1,1.4305116952388464
2344,paraphrased,1,0.1,1.6306809864682117
2345,mixed_text,1,0.1,2.2613612058751738
2346,human_baseline,0,0.1,0.6417913368421791
2347,original_ai,1,0.1,3.152882124296473
2348,translated,1,0.1,1.893023044904693
2349,substituted,1,0.1,2.066318482080678
2350,paraphrased,1,0.1,2.677936179055329
2351,mixed_text,1,0.1,1.7466258062491429
2352,human_baseline,0,0.1,1.002061768468813
2353,original_ai,1,0.1,1.2680061007289778
2354,translated,1,0.1,1.2505064151992955
2355,substituted,1,0.1,1.190179438558821
2356,paraphrased,1,0.1,1.1053513681270253
2357,mixed_text,1,0.1,1.6699576247450747
2358,human_baseline,0,0.1,1.1411600419360677
2359,original_ai,1,0.1,1.2810278988977315
2360,translated,1,0.1,1.2034957221159472
2361,substituted,1,0.1,1.305902850294019
2362,paraphrased,1,0.1,0.9772322627001534
2363,mixed_text,1,0.1,1.9180041621145856
2364,human_baseline,0,0.1,1.0729561499102824
2365,original_ai,1,0.1,1.2983336210228449
2366,translated,1,0.1,1.356464328933084
2367,substituted,1,0.1,1.3225714334583587
2368,paraphrased,1,0.1,1.1277775571974815
2369,mixed_text,1,0.1,1.8440923301098249
2370,human_baseline,0,0.1,0.82569390898213
2371,original_ai,1,0.1,1.9209120662857968
2372,translated,1,0.1,1.6295400637931794
2373,substituted,1,0.1,1.4086699164266765
2374,paraphrased,1,0.1,1.3263113059879732
2375,mixed_text,1,0.1,1.1350068527736723
2376,human_baseline,0,0.1,0.8141047808149949
2377,original_ai,1,0.1,1.133766816960465
2378,translated,1,0.1,1.1783861448091706
2379,substituted,1,0.1,1.220525659754882
2380,paraphrased,1,0.1,1.0602228147767063
2381,mixed_text,1,0.1,1.3606909564285117
2382,human_baseline,0,0.1,1.2078613886341063
2383,original_ai,1,0.1,1.867095567704622
2384,translated,1,0.1,2.009648316472126
2385,substituted,1,0.1,1.1449586639881852
2386,paraphrased,1,0.1,1.460503445261755
2387,mixed_text,1,0.1,2.337365390468161
2388,human_baseline,0,0.1,0.9220099661505444
2389,original_ai,1,0.1,1.709628793992491
2390,translated,1,0.1,1.611382817392851
2391,substituted,1,0.1,1.1994655567453294
2392,paraphrased,1,0.1,1.2780549790515985
2393,mixed_text,1,0.1,2.3953936876549298
2394,human_baseline,0,0.1,0.8967420807047022
2395,original_ai,1,0.1,0.8909107882605949
2396,translated,1,0.1,0.9787020825627633
2397,substituted,1,0.1,1.2124509950580675
2398,paraphrased,1,0.1,0.7911820612317908
2399,mixed_text,1,0.1,1.1527072958707378
2400,human_baseline,0,0.1,0.8904489414215
2401,original_ai,1,0.1,2.1484284265707765
2402,translated,1,0.1,1.8134056866466857
2403,substituted,1,0.1,1.4645512675778982
2404,paraphrased,1,0.1,1.7212398929648145
2405,mixed_text,1,0.1,1.242320278806698
2406,human_baseline,0,0.1,0.9429250953491424
2407,original_ai,1,0.1,2.163189494592705
2408,translated,1,0.1,1.6514102775154496
2409,substituted,1,0.1,1.898329760627763
2410,paraphrased,1,0.1,1.2551307485864265
2411,mixed_text,1,0.1,1.7044908097245612
2412,human_baseline,0,0.1,0.8611106385233369
2413,original_ai,1,0.1,1.8218774168677223
2414,translated,1,0.1,1.3410659742486566
2415,substituted,1,0.1,1.6772233774731098
2416,paraphrased,1,0.1,1.5295816412535224
2417,mixed_text,1,0.1,2.306202873397266
2418,human_baseline,0,0.1,1.1942634352877437
2419,original_ai,1,0.1,4.174580932989687
2420,translated,1,0.1,3.225680527926785
2421,substituted,1,0.1,3.0364867933095554
2422,paraphrased,1,0.1,2.926551993080322
2423,mixed_text,1,0.1,2.602349286587628
2424,human_baseline,0,0.1,0.7076170717283875
2425,original_ai,1,0.1,2.742110348558267
2426,translated,1,0.1,2.4802974291239623
2427,substituted,1,0.1,2.3508664644519537
2428,paraphrased,1,0.1,2.023799731627361
2429,mixed_text,1,0.1,1.378770773283473
2430,human_baseline,0,0.1,0.9058862560755856
2431,original_ai,1,0.1,2.1971057760967505
2432,translated,1,0.1,1.4128945332839624
2433,substituted,1,0.1,1.5423077751906678
2434,paraphrased,1,0.1,1.2449243228919749
2435,mixed_text,1,0.1,2.7220074588742103
2436,human_baseline,0,0.1,0.9551001906073404
2437,original_ai,1,0.1,1.7015789988462555
2438,translated,1,0.1,1.3917563280503786
2439,substituted,1,0.1,1.1885926127395705
2440,paraphrased,1,0.1,1.3566207983577032
2441,mixed_text,1,0.1,1.3130883889839091
2442,human_baseline,0,0.1,1.3003111467322856
2443,original_ai,1,0.1,1.8219945940367483
2444,translated,1,0.1,1.579937264636848
2445,substituted,1,0.1,2.153413296015193
2446,paraphrased,1,0.1,1.3364972959755714
2447,mixed_text,1,0.1,2.006854661607024
2448,human_baseline,0,0.1,0.9932907858067764
2449,original_ai,1,0.1,1.5745897094401289
2450,translated,1,0.1,1.3103917223929715
2451,substituted,1,0.1,1.4409145680974424
2452,paraphrased,1,0.1,0.6118035044667108
2453,mixed_text,1,0.1,1.9016290763066652
2454,human_baseline,0,0.1,0.8983776866581967
2455,original_ai,1,0.1,1.5064992029637865
2456,translated,1,0.1,1.4872208913757246
2457,substituted,1,0.1,1.9084875840976565
2458,paraphrased,1,0.1,1.1379324959606754
2459,mixed_text,1,0.1,1.3233101846184303
2460,human_baseline,0,0.1,1.2509807008063232
2461,original_ai,1,0.1,1.5910240477876376
2462,translated,1,0.1,1.3938258202328355
2463,substituted,1,0.1,1.425991504179072
2464,paraphrased,1,0.1,0.976214691102628
2465,mixed_text,1,0.1,1.706500583322628
2466,human_baseline,0,0.1,0.947930394323922
2467,original_ai,1,0.1,2.228670369927931
2468,translated,1,0.1,1.861437426779422
2469,substituted,1,0.1,1.5776176815999636
2470,paraphrased,1,0.1,1.99714464581629
2471,mixed_text,1,0.1,3.164987924671862
2472,human_baseline,0,0.1,0.9111057658450712
2473,original_ai,1,0.1,1.734579571396084
2474,translated,1,0.1,1.6768641490201497
2475,substituted,1,0.1,1.5256285940102132
2476,paraphrased,1,0.1,1.374288585061195
2477,mixed_text,1,0.1,1.4629130797485002
2478,human_baseline,0,0.1,1.4681797896108644
2479,original_ai,1,0.1,1.5244336559887617
2480,translated,1,0.1,0.9840873033539396
2481,substituted,1,0.1,1.5248262994690136
2482,paraphrased,1,0.1,1.6754190772424151
2483,mixed_text,1,0.1,1.9605291352023335
2484,human_baseline,0,0.1,1.177240600864461
2485,original_ai,1,0.1,1.1099596762975557
2486,translated,1,0.1,1.0438483817947355
2487,substituted,1,0.1,0.9084893843329754
2488,paraphrased,1,0.1,0.9073275955363822
2489,mixed_text,1,0.1,1.1574134500906963
2490,human_baseline,0,0.1,0.9606156561864744
2491,original_ai,1,0.1,2.0215590615440515
2492,translated,1,0.1,1.9496623837575853
2493,substituted,1,0.1,1.9012249477621648
2494,paraphrased,1,0.1,1.9658323313362691
2495,mixed_text,1,0.1,1.86461204905679
2496,human_baseline,0,0.1,1.2998971678282538
2497,original_ai,1,0.1,1.630802414822222
2498,translated,1,0.1,1.3062866324576432
2499,substituted,1,0.1,1.566581541131758
2500,paraphrased,1,0.1,1.3271603412642092
2501,mixed_text,1,0.1,1.150228480853668
2502,human_baseline,0,0.1,0.6627091128379075
2503,original_ai,1,0.1,1.7452191508175938
2504,translated,1,0.1,1.9018054973857972
2505,substituted,1,0.1,2.140774855451192
2506,paraphrased,1,0.1,1.8532291840712745
2507,mixed_text,1,0.1,2.176460659317576
2508,human_baseline,0,0.1,0.8210326990383823
2509,original_ai,1,0.1,1.4810174365202295
2510,translated,1,0.1,1.479549255424383
2511,substituted,1,0.1,1.3402749776514342
2512,paraphrased,1,0.1,1.2405508297857062
2513,mixed_text,1,0.1,1.4638334054796454
2514,human_baseline,0,0.1,1.4418421126901393
2515,original_ai,1,0.1,1.700946983597886
2516,translated,1,0.1,1.6309728217409971
2517,substituted,1,0.1,1.621509734309228
2518,paraphrased,1,0.1,1.4093551009899716
2519,mixed_text,1,0.1,1.9409379387424155
2520,human_baseline,0,0.1,0.9204951180830956
2521,original_ai,1,0.1,1.801953365151406
2522,translated,1,0.1,1.333440230178349
2523,substituted,1,0.1,1.7364099822533765
2524,paraphrased,1,0.1,1.0948395773924668
2525,mixed_text,1,0.1,1.8501276086512684
2526,human_baseline,0,0.1,0.7814553629100476
2527,original_ai,1,0.1,1.5923308169668997
2528,translated,1,0.1,1.375139605794079
2529,substituted,1,0.1,1.3326809350790307
2530,paraphrased,1,0.1,0.9552692609275388
2531,mixed_text,1,0.1,1.275301156470831
2532,human_baseline,0,0.1,0.9417593586519344
2533,original_ai,1,0.1,1.4076101447032443
2534,translated,1,0.1,1.435250214139027
2535,substituted,1,0.1,1.3896657453925918
2536,paraphrased,1,0.1,1.1702054173586172
2537,mixed_text,1,0.1,1.3789549708781983
2538,human_baseline,0,0.1,0.7343992356328275
2539,original_ai,1,0.1,2.120008782125701
2540,translated,1,0.1,1.9685611901691156
2541,substituted,1,0.1,1.2318229650340335
2542,paraphrased,1,0.1,1.3060112743809698
2543,mixed_text,1,0.1,1.4181170474278837
2544,human_baseline,0,0.1,1.08959176362651
2545,original_ai,1,0.1,0.9485691469756072
2546,translated,1,0.1,0.9287429337910048
2547,substituted,1,0.1,0.9892587849415708
2548,paraphrased,1,0.1,0.7322849438558191
2549,mixed_text,1,0.1,1.011134234362074
2550,human_baseline,0,0.1,0.8570847445334387
2551,original_ai,1,0.1,2.817054189302341
2552,translated,1,0.1,2.080727272050176
2553,substituted,1,0.1,1.6775987603676643
2554,paraphrased,1,0.1,2.523937883803756
2555,mixed_text,1,0.1,1.4907545060871132
2556,human_baseline,0,0.1,1.4354636604638602
2557,original_ai,1,0.1,1.6497407079336837
2558,translated,1,0.1,1.3440131041144752
2559,substituted,1,0.1,1.050180104495796
2560,paraphrased,1,0.1,0.7612442956837325
2561,mixed_text,1,0.1,1.6697605264331
2562,human_baseline,0,0.1,0.8026576654829245
2563,original_ai,1,0.1,2.6449286521590727
2564,translated,1,0.1,2.323561787486758
2565,substituted,1,0.1,1.6543772355183333
2566,paraphrased,1,0.1,1.3874153874508064
2567,mixed_text,1,0.1,1.7436160084200396
2568,human_baseline,0,0.1,1.2549698873459596
2569,original_ai,1,0.1,1.4631361299395251
2570,translated,1,0.1,1.3648094689878314
2571,substituted,1,0.1,1.3537863363518214
2572,paraphrased,1,0.1,1.3873431096598343
2573,mixed_text,1,0.1,1.2928562837912705
2574,human_baseline,0,0.1,0.8890492148680624
2575,original_ai,1,0.1,1.1650722720672275
2576,translated,1,0.1,1.1171440425309216
2577,substituted,1,0.1,1.0884476814290542
2578,paraphrased,1,0.1,1.0436631372649736
2579,mixed_text,1,0.1,1.15192277792796
2580,human_baseline,0,0.1,0.8987018729924731
2581,original_ai,1,0.1,1.3708618031851063
2582,translated,1,0.1,1.3368962986240835
2583,substituted,1,0.1,1.2986697901434447
2584,paraphrased,1,0.1,1.1559551572896336
2585,mixed_text,1,0.1,2.103083336599578
2586,human_baseline,0,0.1,0.879853425703839
2587,original_ai,1,0.1,2.447450693441582
2588,translated,1,0.1,2.262669149438309
2589,substituted,1,0.1,1.8476225958344383
2590,paraphrased,1,0.1,2.297697752876444
2591,mixed_text,1,0.1,1.9908987743865496
2592,human_baseline,0,0.1,0.8265171338835804
2593,original_ai,1,0.1,2.075176693950024
2594,translated,1,0.1,1.7681299729928317
2595,substituted,1,0.1,1.2820606441351703
2596,paraphrased,1,0.1,1.288119138014516
2597,mixed_text,1,0.1,1.8905938079651703
2598,human_baseline,0,0.1,0.9073940189494256
2599,original_ai,1,0.1,2.140003738719773
2600,translated,1,0.1,1.9417020656320652
2601,substituted,1,0.1,1.9331283676144533
2602,paraphrased,1,0.1,2.0894616296836728
2603,mixed_text,1,0.1,1.6006830416296511
2604,human_baseline,0,0.1,0.9378061469440084
2605,original_ai,1,0.1,3.4005473712823715
2606,translated,1,0.1,2.5052330193394114
2607,substituted,1,0.1,2.902699164527061
2608,paraphrased,1,0.1,2.4568485129776736
2609,mixed_text,1,0.1,2.378143047216339
2610,human_baseline,0,0.1,1.067394410457782
2611,original_ai,1,0.1,2.327665346659581
2612,translated,1,0.1,2.3685245628176514
2613,substituted,1,0.1,2.183162100615069
2614,paraphrased,1,0.1,1.482696432755533
2615,mixed_text,1,0.1,2.5492193065715982
2616,human_baseline,0,0.1,1.1865002399948803
2617,original_ai,1,0.1,1.3704516237953914
2618,translated,1,0.1,1.3921956401244429
2619,substituted,1,0.1,1.1964581197737696
2620,paraphrased,1,0.1,1.0664226163902606
2621,mixed_text,1,0.1,1.4716974930390816
2622,human_baseline,0,0.1,1.2404077491999816
2623,original_ai,1,0.1,2.8403339568125547
2624,translated,1,0.1,2.810354202151587
2625,substituted,1,0.1,2.302572907529547
2626,paraphrased,1,0.1,1.8009333275857866
2627,mixed_text,1,0.1,1.896343598885848
2628,human_baseline,0,0.1,0.8523327467727088
2629,original_ai,1,0.1,2.7186006888490053
2630,translated,1,0.1,1.9477177611166288
2631,substituted,1,0.1,1.5835882704212882
2632,paraphrased,1,0.1,1.8508317251492676
2633,mixed_text,1,0.1,2.3748454308161957
2634,human_baseline,0,0.1,1.1549039456966468
2635,original_ai,1,0.1,1.4374792898001143
2636,translated,1,0.1,1.2499929780549013
2637,substituted,1,0.1,1.690731287695566
2638,paraphrased,1,0.1,1.0866240405383911
2639,mixed_text,1,0.1,1.2236817954260113
2640,human_baseline,0,0.1,0.8351078110084986
2641,original_ai,1,0.1,1.334859677831885
2642,translated,1,0.1,1.2356862851121748
2643,substituted,1,0.1,1.2177961025380544
2644,paraphrased,1,0.1,1.1683979262492017
2645,mixed_text,1,0.1,1.5003776950698982
2646,human_baseline,0,0.1,0.9603488802632664
2647,original_ai,1,0.1,2.0722319639487448
2648,translated,1,0.1,1.556219496005155
2649,substituted,1,0.1,1.342126719624081
2650,paraphrased,1,0.1,0.814499091823973
2651,mixed_text,1,0.1,2.1010142255386617
2652,human_baseline,0,0.1,1.373182641310517
2653,original_ai,1,0.1,1.530471272505631
2654,translated,1,0.1,1.4484842021587274
2655,substituted,1,0.1,1.2931316478792645
2656,paraphrased,1,0.1,1.0248143194594783
2657,mixed_text,1,0.1,1.653210082948968
2658,human_baseline,0,0.1,0.9875434719423158
2659,original_ai,1,0.1,2.402788670483454
2660,translated,1,0.1,2.049919708213997
2661,substituted,1,0.1,1.98084108933627
2662,paraphrased,1,0.1,1.9873003377047955
2663,mixed_text,1,0.1,2.019465791342777
2664,human_baseline,0,0.1,1.138964978423237
2665,original_ai,1,0.1,2.288229980103143
2666,translated,1,0.1,2.17936154111035
2667,substituted,1,0.1,1.8655000288518797
2668,paraphrased,1,0.1,1.5656071636912985
2669,mixed_text,1,0.1,2.334975610554387
2670,human_baseline,0,0.1,0.7936023016642932
2671,original_ai,1,0.1,1.6871008858066316
2672,translated,1,0.1,1.6867303346170657
2673,substituted,1,0.1,1.390814300628177
2674,paraphrased,1,0.1,1.5292311838557189
2675,mixed_text,1,0.1,1.6760904997555988
2676,human_baseline,0,0.1,1.212045962410632
2677,original_ai,1,0.1,1.5228875663185988
2678,translated,1,0.1,1.500389476999175
2679,substituted,1,0.1,2.466865377808709
2680,paraphrased,1,0.1,1.465355219223478
2681,mixed_text,1,0.1,1.5080896210826495
2682,human_baseline,0,0.1,0.8955768959866233
2683,original_ai,1,0.1,2.2488039677063068
2684,translated,1,0.1,2.0476109880597138
2685,substituted,1,0.1,1.5094973388698552
2686,paraphrased,1,0.1,1.2337946234275183
2687,mixed_text,1,0.1,1.4959394469073546
2688,human_baseline,0,0.1,0.8480984632492895
2689,original_ai,1,0.1,1.4171441470783657
2690,translated,1,0.1,1.12032654528653
2691,substituted,1,0.1,1.081393520808234
2692,paraphrased,1,0.1,0.9773650283593812
2693,mixed_text,1,0.1,1.120303822450467
2694,human_baseline,0,0.1,0.9317545172352796
2695,original_ai,1,0.1,1.5957371508224816
2696,translated,1,0.1,1.383237487870124
2697,substituted,1,0.1,1.2356686481554109
2698,paraphrased,1,0.1,1.1741305750023736
2699,mixed_text,1,0.1,1.5590135477275624
2700,human_baseline,0,0.1,0.9471777681872376
2701,original_ai,1,0.1,1.1584727267468566
2702,translated,1,0.1,1.506865489314023
2703,substituted,1,0.1,1.33038810172479
2704,paraphrased,1,0.1,1.410021693439927
2705,mixed_text,1,0.1,1.1612332597088848
2706,human_baseline,0,0.1,0.864314572749462
2707,original_ai,1,0.1,1.5501337124701071
2708,translated,1,0.1,1.6130403404688187
2709,substituted,1,0.1,1.2924303974580964
2710,paraphrased,1,0.1,1.4962443109905543
2711,mixed_text,1,0.1,1.9105095007691544
2712,human_baseline,0,0.1,1.0749452375637876
2713,original_ai,1,0.1,1.319191556917576
2714,translated,1,0.1,1.190869362697487
2715,substituted,1,0.1,1.2897728243654467
2716,paraphrased,1,0.1,0.8317631175051762
2717,mixed_text,1,0.1,1.7170028475176018
2718,human_baseline,0,0.1,0.7673291890407881
2719,original_ai,1,0.1,2.033215829107192
2720,translated,1,0.1,1.5450752493488715
2721,substituted,1,0.1,1.3510575592298633
2722,paraphrased,1,0.1,1.4423423141277238
2723,mixed_text,1,0.1,1.1832893380247758
2724,human_baseline,0,0.1,1.026977939896697
2725,original_ai,1,0.1,1.830889139734256
2726,translated,1,0.1,1.6989727284855705
2727,substituted,1,0.1,1.5161991666468793
2728,paraphrased,1,0.1,2.387521529595065
2729,mixed_text,1,0.1,1.6690218580859633
2730,human_baseline,0,0.1,1.458331170960217
2731,original_ai,1,0.1,1.2635537271460022
2732,translated,1,0.1,1.4770207205983783
2733,substituted,1,0.1,1.0701489900508518
2734,paraphrased,1,0.1,0.8691626444498665
2735,mixed_text,1,0.1,1.0012393306147902
2736,human_baseline,0,0.1,1.058120286695234
2737,original_ai,1,0.1,2.667502462275693
2738,translated,1,0.1,2.2540831472098573
2739,substituted,1,0.1,1.545648688415071
2740,paraphrased,1,0.1,1.9092840719785813
2741,mixed_text,1,0.1,1.25704350827486
2742,human_baseline,0,0.1,0.8325022848438666
2743,original_ai,1,0.1,1.8147145790201
2744,translated,1,0.1,2.193941462605261
2745,substituted,1,0.1,2.0513848309703056
2746,paraphrased,1,0.1,1.1993774170060676
2747,mixed_text,1,0.1,1.8740947468293836
2748,human_baseline,0,0.1,1.0220546114627906
2749,original_ai,1,0.1,2.0509993566430147
2750,translated,1,0.1,2.004768993755642
2751,substituted,1,0.1,1.2929277825762486
2752,paraphrased,1,0.1,1.2974083227610729
2753,mixed_text,1,0.1,1.363677093975035
2754,human_baseline,0,0.1,1.075811413352706
2755,original_ai,1,0.1,1.5014346711263018
2756,translated,1,0.1,1.583473805023229
2757,substituted,1,0.1,1.356932019157277
2758,paraphrased,1,0.1,1.4634259563756131
2759,mixed_text,1,0.1,1.782912674634401
2760,human_baseline,0,0.1,0.9445103184205758
2761,original_ai,1,0.1,1.6423089180247088
2762,translated,1,0.1,1.2100487745308257
2763,substituted,1,0.1,1.1191472935800162
2764,paraphrased,1,0.1,1.23246731906348
2765,mixed_text,1,0.1,1.3153835577236728
2766,human_baseline,0,0.1,0.9735386310938264
2767,original_ai,1,0.1,2.62000544265455
2768,translated,1,0.1,2.388785961950276
2769,substituted,1,0.1,2.108296663337162
2770,paraphrased,1,0.1,1.3191529181775892
2771,mixed_text,1,0.1,2.0875736880005595
2772,human_baseline,0,0.1,0.9651577794786976
2773,original_ai,1,0.1,1.0468531856213317
2774,translated,1,0.1,0.9913947085732072
2775,substituted,1,0.1,1.0349589305297444
2776,paraphrased,1,0.1,1.1065777341983145
2777,mixed_text,1,0.1,0.9045684325001524
2778,human_baseline,0,0.1,0.9578040990820316
2779,original_ai,1,0.1,2.219096776740529
2780,translated,1,0.1,2.22436126053496
2781,substituted,1,0.1,1.8025006197780615
2782,paraphrased,1,0.1,1.0134540206417673
2783,mixed_text,1,0.1,1.1616191761452863
2784,human_baseline,0,0.1,0.9623014826111952
2785,original_ai,1,0.1,2.187219658329421
2786,translated,1,0.1,1.794710585195348
2787,substituted,1,0.1,1.6329120478067332
2788,paraphrased,1,0.1,1.2166776931058256
2789,mixed_text,1,0.1,2.5937850214601035
2790,human_baseline,0,0.1,1.0105964701405712
2791,original_ai,1,0.1,1.61009038316152
2792,translated,1,0.1,1.4133478282869771
2793,substituted,1,0.1,1.1571459467488543
2794,paraphrased,1,0.1,1.2931816166468002
2795,mixed_text,1,0.1,1.2207841057850972
2796,human_baseline,0,0.1,1.0507405255609914
2797,original_ai,1,0.1,1.8521588992139908
2798,translated,1,0.1,1.8211062294568985
2799,substituted,1,0.1,1.478516907590392
2800,paraphrased,1,0.1,0.8528629610254177
2801,mixed_text,1,0.1,1.84047949664182
2802,human_baseline,0,0.1,1.1045797952104808
2803,original_ai,1,0.1,1.5297724412740643
2804,translated,1,0.1,1.372438077703597
2805,substituted,1,0.1,1.8148710107026749
2806,paraphrased,1,0.1,1.2497534340030776
2807,mixed_text,1,0.1,1.6359532641875725
2808,human_baseline,0,0.1,0.9541101368671588
2809,original_ai,1,0.1,1.522894143332227
2810,translated,1,0.1,1.080472634882495
2811,substituted,1,0.1,1.335037316306389
2812,paraphrased,1,0.1,1.0861687815286851
2813,mixed_text,1,0.1,1.5430667536388205
2814,human_baseline,0,0.1,1.1284974910767525
2815,original_ai,1,0.1,1.8040756546832688
2816,translated,1,0.1,1.9026117572924024
2817,substituted,1,0.1,1.4425807657218477
2818,paraphrased,1,0.1,1.4812294089286684
2819,mixed_text,1,0.1,1.8894818988102136
2820,human_baseline,0,0.1,1.0957704106061914
2821,original_ai,1,0.1,2.122910370821769
2822,translated,1,0.1,2.0149901818962177
2823,substituted,1,0.1,1.4806485214468397
2824,paraphrased,1,0.1,1.066300481341556
2825,mixed_text,1,0.1,2.003461366278255
2826,human_baseline,0,0.1,0.9264980461489154
2827,original_ai,1,0.1,1.138847318593898
2828,translated,1,0.1,1.3265289822894413
2829,substituted,1,0.1,1.0637932452301433
2830,paraphrased,1,0.1,0.8844386834344321
2831,mixed_text,1,0.1,1.6766399182552336
2832,human_baseline,0,0.1,1.0007597148245018
2833,original_ai,1,0.1,1.6075072012836022
2834,translated,1,0.1,1.4824502251089842
2835,substituted,1,0.1,1.7285455323001666
2836,paraphrased,1,0.1,1.4867277092495468
2837,mixed_text,1,0.1,1.035617886525116
2838,human_baseline,0,0.1,0.8776709862515888
2839,original_ai,1,0.1,1.3720538128879314
2840,translated,1,0.1,1.2569614601709624
2841,substituted,1,0.1,1.263379474801032
2842,paraphrased,1,0.1,1.0969013802731262
2843,mixed_text,1,0.1,1.234972431610673
2844,human_baseline,0,0.1,1.410990799432308
2845,original_ai,1,0.1,1.879798110230948
2846,translated,1,0.1,1.772483372081889
2847,substituted,1,0.1,1.837018043734968
2848,paraphrased,1,0.1,1.4026610472136265
2849,mixed_text,1,0.1,1.2270652614249349
2850,human_baseline,0,0.1,1.063048314115037
2851,original_ai,1,0.1,1.9002768265845555
2852,translated,1,0.1,1.619015925768906
2853,substituted,1,0.1,1.5725483983697257
2854,paraphrased,1,0.1,1.8062047036813027
2855,mixed_text,1,0.1,1.6286095444424025
2856,human_baseline,0,0.1,0.8543465658786368
2857,original_ai,1,0.1,2.9281076843571308
2858,translated,1,0.1,1.2035242234789532
2859,substituted,1,0.1,1.4598147768507783
2860,paraphrased,1,0.1,1.7082030192546658
2861,mixed_text,1,0.1,2.1282163159071
2862,human_baseline,0,0.1,1.2877603082899538
2863,original_ai,1,0.1,1.195485076277568
2864,translated,1,0.1,1.1926396378341635
2865,substituted,1,0.1,1.1842628721030553
2866,paraphrased,1,0.1,1.1202349237553275
2867,mixed_text,1,0.1,1.2030463618436875
2868,human_baseline,0,0.1,0.9932498128682884
2869,original_ai,1,0.1,1.3137228644347243
2870,translated,1,0.1,1.4470239074375055
2871,substituted,1,0.1,1.4314915974869191
2872,paraphrased,1,0.1,1.2994631289592884
2873,mixed_text,1,0.1,1.3719612583997332
2874,human_baseline,0,0.1,1.0290747326261636
2875,original_ai,1,0.1,2.020046895480158
2876,translated,1,0.1,1.3493197780712272
2877,substituted,1,0.1,1.625836694124466
2878,paraphrased,1,0.1,0.6327549464895275
2879,mixed_text,1,0.1,2.0777254277684065
2880,human_baseline,0,0.1,0.849027412504213
2881,original_ai,1,0.1,2.151002661906237
2882,translated,1,0.1,1.535335090294596
2883,substituted,1,0.1,1.2298197998790688
2884,paraphrased,1,0.1,1.7294725370678885
2885,mixed_text,1,0.1,1.9550573908858968
2886,human_baseline,0,0.1,0.8319589637715453
2887,original_ai,1,0.1,2.529005870193944
2888,translated,1,0.1,1.4507140049586598
2889,substituted,1,0.1,1.8056346545328283
2890,paraphrased,1,0.1,0.4335158059875659
2891,mixed_text,1,0.1,1.3638000921017264
2892,human_baseline,0,0.1,1.1617079154992145
2893,original_ai,1,0.1,1.4336563954447452
2894,translated,1,0.1,1.4865290241491895
2895,substituted,1,0.1,1.335231299607976
2896,paraphrased,1,0.1,1.243833006100512
2897,mixed_text,1,0.1,1.3538544079575
2898,human_baseline,0,0.1,0.9104374469578986
2899,original_ai,1,0.1,1.975491747842823
2900,translated,1,0.1,1.8184898637748452
2901,substituted,1,0.1,1.5196785183885413
2902,paraphrased,1,0.1,1.7101609790324608
2903,mixed_text,1,0.1,2.4720642326324165
2904,human_baseline,0,0.1,0.9643838789940028
2905,original_ai,1,0.1,1.5031737285625653
2906,translated,1,0.1,1.441049679143865
2907,substituted,1,0.1,2.5351268740812545
2908,paraphrased,1,0.1,1.4281803144348255
2909,mixed_text,1,0.1,1.5130489412398076
2910,human_baseline,0,0.1,0.7154779415838871
2911,original_ai,1,0.1,1.4736010077939956
2912,translated,1,0.1,1.3277034560105236
2913,substituted,1,0.1,1.9387423592146584
2914,paraphrased,1,0.1,1.1984691355672927
2915,mixed_text,1,0.1,1.2612329259088395
2916,human_baseline,0,0.1,1.0962098380546423
2917,original_ai,1,0.1,1.3400141666620615
2918,translated,1,0.1,1.833192225959352
2919,substituted,1,0.1,1.3976614961183316
2920,paraphrased,1,0.1,0.8765623454036693
2921,mixed_text,1,0.1,1.2653018365961004
2922,human_baseline,0,0.1,0.9596227846903588
2923,original_ai,1,0.1,2.2436302261576286
2924,translated,1,0.1,1.9696655734192765
2925,substituted,1,0.1,1.7161940927400996
2926,paraphrased,1,0.1,2.2441895212408878
2927,mixed_text,1,0.1,1.4743573541919195
2928,human_baseline,0,0.1,1.1180904665849754
2929,original_ai,1,0.1,2.9235733475852874
2930,translated,1,0.1,2.6677340365789406
2931,substituted,1,0.1,2.033271482207175
2932,paraphrased,1,0.1,2.3693530875740536
2933,mixed_text,1,0.1,1.494144502275093
2934,human_baseline,0,0.1,1.0892661159875403
2935,original_ai,1,0.1,1.3330429823266372
2936,translated,1,0.1,1.1516542323818055
2937,substituted,1,0.1,1.053871595756235
2938,paraphrased,1,0.1,1.000846342577605
2939,mixed_text,1,0.1,1.2309756529752631
2940,human_baseline,0,0.1,1.1538447403428311
2941,original_ai,1,0.1,1.6427501933565185
2942,translated,1,0.1,1.6657105572858526
2943,substituted,1,0.1,1.3236317436320353
2944,paraphrased,1,0.1,1.2107952495493113
2945,mixed_text,1,0.1,1.0571449790656573
2946,human_baseline,0,0.1,0.7639483282637836
2947,original_ai,1,0.1,1.7561549912680552
2948,translated,1,0.1,1.7229529173951632
2949,substituted,1,0.1,1.6920880418435402
2950,paraphrased,1,0.1,1.406819193647164
2951,mixed_text,1,0.1,1.5314987029455946
2952,human_baseline,0,0.1,1.0108803891915474
2953,original_ai,1,0.1,1.930874309934854
2954,translated,1,0.1,2.606347836144971
2955,substituted,1,0.1,1.8235477801128144
2956,paraphrased,1,0.1,1.573293235227753
2957,mixed_text,1,0.1,2.2509834432066733
2958,human_baseline,0,0.1,0.8007555935691594
2959,original_ai,1,0.1,3.28168404643577
2960,translated,1,0.1,1.9373382595229576
2961,substituted,1,0.1,1.731008642103069
2962,paraphrased,1,0.1,1.495525238451229
2963,mixed_text,1,0.1,1.0362896642365522
2964,human_baseline,0,0.1,0.8886853789264736
2965,original_ai,1,0.1,2.0210176786188248
2966,translated,1,0.1,1.833514409303071
2967,substituted,1,0.1,1.5824535493893075
2968,paraphrased,1,0.1,0.7345079464199511
2969,mixed_text,1,0.1,2.2933474453365554
2970,human_baseline,0,0.1,0.979654667857017
2971,original_ai,1,0.1,1.5637693274214974
2972,translated,1,0.1,1.6704104310319146
2973,substituted,1,0.1,1.9082687036808232
2974,paraphrased,1,0.1,1.606950292017031
2975,mixed_text,1,0.1,1.2584150184824228
2976,human_baseline,0,0.1,1.15463445800798
2977,original_ai,1,0.1,3.249079409362548
2978,translated,1,0.1,2.6229516316305563
2979,substituted,1,0.1,2.2936721869442627
2980,paraphrased,1,0.1,2.406133478963969
2981,mixed_text,1,0.1,3.2246871313110312
2982,human_baseline,0,0.1,1.0091396573242306
2983,original_ai,1,0.1,1.7772249740479635
2984,translated,1,0.1,1.637079096974822
2985,substituted,1,0.1,1.0879076416985802
2986,paraphrased,1,0.1,1.3406347351320596
2987,mixed_text,1,0.1,0.9183065376471362
2988,human_baseline,0,0.1,1.2084314931946032
2989,original_ai,1,0.1,1.5640641065649592
2990,translated,1,0.1,1.270186726848277
2991,substituted,1,0.1,1.1087757863632464
2992,paraphrased,1,0.1,1.4816743536675565
2993,mixed_text,1,0.1,1.3599644983240202
2994,human_baseline,0,0.1,1.1059726853819634
2995,original_ai,1,0.1,1.9123643626371043
2996,translated,1,0.1,1.9915656893374003
2997,substituted,1,0.1,1.7443424013805988
2998,paraphrased,1,0.1,1.1913070108943489
2999,mixed_text,1,0.1,2.3028685854494024
3000,human_baseline,0,0.2,0.9207831960849182
3001,original_ai,1,0.2,1.3760334504600766
3002,translated,1,0.2,1.7732497848857995
3003,substituted,1,0.2,0.9791831022653136
3004,paraphrased,1,0.2,1.5239171731447323
3005,mixed_text,1,0.2,1.6945996263208103
3006,human_baseline,0,0.2,1.66372542019828
3007,original_ai,1,0.2,1.7102991180557854
3008,translated,1,0.2,1.3469578151715431
3009,substituted,1,0.2,1.3802689030840694
3010,paraphrased,1,0.2,1.0706859260845625
3011,mixed_text,1,0.2,1.1772343715610911
3012,human_baseline,0,0.2,1.013496416162586
3013,original_ai,1,0.2,1.15350993691798
3014,translated,1,0.2,1.1223960591488402
3015,substituted,1,0.2,1.3438206305429692
3016,paraphrased,1,0.2,0.8845570783720864
3017,mixed_text,1,0.2,1.3411103334837948
3018,human_baseline,0,0.2,0.8545675657130186
3019,original_ai,1,0.2,1.7393434701993138
3020,translated,1,0.2,1.8003861252205955
3021,substituted,1,0.2,1.3188214158635054
3022,paraphrased,1,0.2,1.4090570180296058
3023,mixed_text,1,0.2,1.748781360188299
3024,human_baseline,0,0.2,1.100829152851953
3025,original_ai,1,0.2,1.819289054382465
3026,translated,1,0.2,1.6142189502257565
3027,substituted,1,0.2,1.4119209195227205
3028,paraphrased,1,0.2,1.7511336023466209
3029,mixed_text,1,0.2,2.1881497374500074
3030,human_baseline,0,0.2,0.8324831114220285
3031,original_ai,1,0.2,1.6219565616542553
3032,translated,1,0.2,1.569317778897564
3033,substituted,1,0.2,1.241805238158328
3034,paraphrased,1,0.2,1.2499750467914876
3035,mixed_text,1,0.2,1.794515624669746
3036,human_baseline,0,0.2,0.9514676181195686
3037,original_ai,1,0.2,1.5042990543873276
3038,translated,1,0.2,1.2728455634073386
3039,substituted,1,0.2,1.2064498919735067
3040,paraphrased,1,0.2,0.5043692465047259
3041,mixed_text,1,0.2,1.82726196672832
3042,human_baseline,0,0.2,1.1021383215595566
3043,original_ai,1,0.2,1.8366611918590297
3044,translated,1,0.2,1.802923487589198
3045,substituted,1,0.2,1.126578572033904
3046,paraphrased,1,0.2,1.4827387898570803
3047,mixed_text,1,0.2,0.9247983818972804
3048,human_baseline,0,0.2,0.7055828056724794
3049,original_ai,1,0.2,1.3533438951269108
3050,translated,1,0.2,1.313696912351839
3051,substituted,1,0.2,1.1606909465294168
3052,paraphrased,1,0.2,1.1027281640335702
3053,mixed_text,1,0.2,1.4159384523378022
3054,human_baseline,0,0.2,0.8142027035708588
3055,original_ai,1,0.2,2.2109964955421364
3056,translated,1,0.2,1.7970530902889503
3057,substituted,1,0.2,1.62272535325922
3058,paraphrased,1,0.2,0.94181447690894
3059,mixed_text,1,0.2,1.6341116601839984
3060,human_baseline,0,0.2,0.8172155796436433
3061,original_ai,1,0.2,2.68712241544884
3062,translated,1,0.2,2.0203191149928097
3063,substituted,1,0.2,1.109298198137098
3064,paraphrased,1,0.2,1.4924866962649603
3065,mixed_text,1,0.2,1.1296748832203407
3066,human_baseline,0,0.2,1.0467702262239058
3067,original_ai,1,0.2,1.7529704270418394
3068,translated,1,0.2,1.5665076035420644
3069,substituted,1,0.2,1.6412956009656314
3070,paraphrased,1,0.2,1.5493557924994954
3071,mixed_text,1,0.2,1.2688320769396428
3072,human_baseline,0,0.2,1.05573647590917
3073,original_ai,1,0.2,1.9813412364807728
3074,translated,1,0.2,1.9259380841866136
3075,substituted,1,0.2,2.07440345892111
3076,paraphrased,1,0.2,1.6751335901931013
3077,mixed_text,1,0.2,1.8043993460400212
3078,human_baseline,0,0.2,0.9335246340656604
3079,original_ai,1,0.2,2.1848430266331134
3080,translated,1,0.2,2.0136772615274
3081,substituted,1,0.2,1.350635802095872
3082,paraphrased,1,0.2,1.8979576965111884
3083,mixed_text,1,0.2,1.275856348702221
3084,human_baseline,0,0.2,0.8839247980440874
3085,original_ai,1,0.2,2.047240115907227
3086,translated,1,0.2,1.3694450856194562
3087,substituted,1,0.2,1.5531132525205258
3088,paraphrased,1,0.2,1.106829550747771
3089,mixed_text,1,0.2,1.4782618775957197
3090,human_baseline,0,0.2,1.0038821371242594
3091,original_ai,1,0.2,1.7835022278826624
3092,translated,1,0.2,1.42672662180822
3093,substituted,1,0.2,1.930703025646869
3094,paraphrased,1,0.2,1.2610617489190972
3095,mixed_text,1,0.2,1.5735140296839094
3096,human_baseline,0,0.2,0.7107685207686103
3097,original_ai,1,0.2,1.8131765730951332
3098,translated,1,0.2,1.5666041996501392
3099,substituted,1,0.2,1.0377806710760002
3100,paraphrased,1,0.2,1.4822421766273215
3101,mixed_text,1,0.2,1.4956657067731638
3102,human_baseline,0,0.2,1.022044920060437
3103,original_ai,1,0.2,1.4912328290163783
3104,translated,1,0.2,1.2133666498447164
3105,substituted,1,0.2,1.2526420458921803
3106,paraphrased,1,0.2,1.1910349265979212
3107,mixed_text,1,0.2,1.414351691229413
3108,human_baseline,0,0.2,1.467626860822387
3109,original_ai,1,0.2,1.5330193380752
3110,translated,1,0.2,1.907105323554912
3111,substituted,1,0.2,0.9764719206364036
3112,paraphrased,1,0.2,1.5686430327052194
3113,mixed_text,1,0.2,1.6145818334381288
3114,human_baseline,0,0.2,0.9980994025942111
3115,original_ai,1,0.2,1.5543953027310011
3116,translated,1,0.2,1.426786903378472
3117,substituted,1,0.2,1.770801589972343
3118,paraphrased,1,0.2,1.1180704561048187
3119,mixed_text,1,0.2,1.2376018783209446
3120,human_baseline,0,0.2,1.2823540751441498
3121,original_ai,1,0.2,1.8079932663713751
3122,translated,1,0.2,1.7698747583711048
3123,substituted,1,0.2,1.7843605920272292
3124,paraphrased,1,0.2,1.120271676237974
3125,mixed_text,1,0.2,1.766465383421124
3126,human_baseline,0,0.2,0.9082443730842747
3127,original_ai,1,0.2,2.461577738162842
3128,translated,1,0.2,2.4862630386009803
3129,substituted,1,0.2,2.4240429825976784
3130,paraphrased,1,0.2,2.0329593708546003
3131,mixed_text,1,0.2,2.0658068163219587
3132,human_baseline,0,0.2,1.148279464408409
3133,original_ai,1,0.2,1.418203909731157
3134,translated,1,0.2,1.3849869821164242
3135,substituted,1,0.2,1.0094810909423075
3136,paraphrased,1,0.2,1.2586433595605573
3137,mixed_text,1,0.2,1.540986460527615
3138,human_baseline,0,0.2,0.6408883527790565
3139,original_ai,1,0.2,2.8079861635426866
3140,translated,1,0.2,2.1449588534196726
3141,substituted,1,0.2,1.7388312470847809
3142,paraphrased,1,0.2,2.5085065818662327
3143,mixed_text,1,0.2,1.703667703911547
3144,human_baseline,0,0.2,0.906351026604765
3145,original_ai,1,0.2,1.2287384114805229
3146,translated,1,0.2,1.219482864746923
3147,substituted,1,0.2,0.9864551218114286
3148,paraphrased,1,0.2,0.7222284020719789
3149,mixed_text,1,0.2,1.4528263680958375
3150,human_baseline,0,0.2,0.8918551805433541
3151,original_ai,1,0.2,2.119315742351947
3152,translated,1,0.2,1.2703285557673762
3153,substituted,1,0.2,0.767988374712259
3154,paraphrased,1,0.2,0.9148360396648224
3155,mixed_text,1,0.2,1.360423398972282
3156,human_baseline,0,0.2,1.0465741513670197
3157,original_ai,1,0.2,2.4869230145023304
3158,translated,1,0.2,2.404974332879892
3159,substituted,1,0.2,1.1211726409375358
3160,paraphrased,1,0.2,1.6094868527696595
3161,mixed_text,1,0.2,1.5602254019134374
3162,human_baseline,0,0.2,0.8464140262117811
3163,original_ai,1,0.2,1.9891606190176756
3164,translated,1,0.2,1.7484515839193742
3165,substituted,1,0.2,1.7121626883178187
3166,paraphrased,1,0.2,1.5022329932317886
3167,mixed_text,1,0.2,1.5857419478330796
3168,human_baseline,0,0.2,1.2129897075107012
3169,original_ai,1,0.2,2.214580546418611
3170,translated,1,0.2,1.842065892946643
3171,substituted,1,0.2,1.6186226552795528
3172,paraphrased,1,0.2,0.8789358293521133
3173,mixed_text,1,0.2,1.7883296868232328
3174,human_baseline,0,0.2,1.0126840013821716
3175,original_ai,1,0.2,2.0406748321874275
3176,translated,1,0.2,1.6008957289849015
3177,substituted,1,0.2,1.636146338572865
3178,paraphrased,1,0.2,1.148869616572494
3179,mixed_text,1,0.2,1.5848688268572142
3180,human_baseline,0,0.2,1.067069771966284
3181,original_ai,1,0.2,2.043448022550581
3182,translated,1,0.2,1.9301253016994335
3183,substituted,1,0.2,0.965324956306394
3184,paraphrased,1,0.2,1.5538316521241444
3185,mixed_text,1,0.2,1.5174524610835354
3186,human_baseline,0,0.2,0.7715341142838895
3187,original_ai,1,0.2,2.1859726407158613
3188,translated,1,0.2,1.6518213122197274
3189,substituted,1,0.2,1.5309127440423982
3190,paraphrased,1,0.2,1.2380541765092177
3191,mixed_text,1,0.2,1.9448903720172657
3192,human_baseline,0,0.2,0.6656000979580519
3193,original_ai,1,0.2,2.3415892018253945
3194,translated,1,0.2,1.584991119910224
3195,substituted,1,0.2,1.180509204865874
3196,paraphrased,1,0.2,1.5199342325827532
3197,mixed_text,1,0.2,0.882820872660368
3198,human_baseline,0,0.2,1.4424890347819077
3199,original_ai,1,0.2,2.3899642764267908
3200,translated,1,0.2,1.600162425396604
3201,substituted,1,0.2,0.8500548996839575
3202,paraphrased,1,0.2,1.07048728517268
3203,mixed_text,1,0.2,1.1493216560249535
3204,human_baseline,0,0.2,0.9103716781315396
3205,original_ai,1,0.2,2.100719298105695
3206,translated,1,0.2,1.9778969228991587
3207,substituted,1,0.2,0.8405713496342544
3208,paraphrased,1,0.2,1.6465876636282497
3209,mixed_text,1,0.2,1.6435654508300863
3210,human_baseline,0,0.2,0.8769083184702197
3211,original_ai,1,0.2,4.578744665810345
3212,translated,1,0.2,2.4818333644288884
3213,substituted,1,0.2,1.394897528921456
3214,paraphrased,1,0.2,1.9083161732581813
3215,mixed_text,1,0.2,1.54262341108252
3216,human_baseline,0,0.2,1.0040121336566037
3217,original_ai,1,0.2,1.7055103519444776
3218,translated,1,0.2,1.3416754433539655
3219,substituted,1,0.2,1.0372016025490791
3220,paraphrased,1,0.2,1.0699502085399095
3221,mixed_text,1,0.2,1.685807637200948
3222,human_baseline,0,0.2,1.236835750244353
3223,original_ai,1,0.2,1.110411188724176
3224,translated,1,0.2,1.0527861805098446
3225,substituted,1,0.2,1.420015956413928
3226,paraphrased,1,0.2,1.2002724721401563
3227,mixed_text,1,0.2,1.448490996199692
3228,human_baseline,0,0.2,0.7242678955977978
3229,original_ai,1,0.2,1.0884267934709344
3230,translated,1,0.2,1.8328260245382095
3231,substituted,1,0.2,0.8732293091209548
3232,paraphrased,1,0.2,1.4823186431212927
3233,mixed_text,1,0.2,1.0370596621478587
3234,human_baseline,0,0.2,2.0403572099741765
3235,original_ai,1,0.2,1.337755432836173
3236,translated,1,0.2,1.1609638527005026
3237,substituted,1,0.2,1.3194131695582338
3238,paraphrased,1,0.2,1.0389474925781166
3239,mixed_text,1,0.2,1.198611521420051
3240,human_baseline,0,0.2,1.1594101103042067
3241,original_ai,1,0.2,2.3313609090343745
3242,translated,1,0.2,1.8495195882959157
3243,substituted,1,0.2,1.2128052062523298
3244,paraphrased,1,0.2,2.5463196937158825
3245,mixed_text,1,0.2,1.2345176090958672
3246,human_baseline,0,0.2,0.8322095149518584
3247,original_ai,1,0.2,3.122659054527708
3248,translated,1,0.2,3.179680499620902
3249,substituted,1,0.2,1.5344177815270668
3250,paraphrased,1,0.2,2.5473708328218105
3251,mixed_text,1,0.2,2.370006690578245
3252,human_baseline,0,0.2,0.765968102049844
3253,original_ai,1,0.2,1.257474740503076
3254,translated,1,0.2,1.2297845197393376
3255,substituted,1,0.2,0.701905151996273
3256,paraphrased,1,0.2,1.1005453578645414
3257,mixed_text,1,0.2,0.976546950357545
3258,human_baseline,0,0.2,0.7833817199488304
3259,original_ai,1,0.2,2.1645971949661966
3260,translated,1,0.2,1.7614643043717808
3261,substituted,1,0.2,1.6596396456717375
3262,paraphrased,1,0.2,1.5479546298018283
3263,mixed_text,1,0.2,0.9602328612459832
3264,human_baseline,0,0.2,1.3316942284383462
3265,original_ai,1,0.2,1.7212579898545668
3266,translated,1,0.2,1.9458329827106888
3267,substituted,1,0.2,1.5194903198301344
3268,paraphrased,1,0.2,2.2345918497790627
3269,mixed_text,1,0.2,1.4494288206436443
3270,human_baseline,0,0.2,1.0589409411659376
3271,original_ai,1,0.2,2.2923205594700464
3272,translated,1,0.2,2.235411254167846
3273,substituted,1,0.2,1.6285908924339154
3274,paraphrased,1,0.2,1.2180738064608976
3275,mixed_text,1,0.2,1.8380634219524417
3276,human_baseline,0,0.2,1.019755546563738
3277,original_ai,1,0.2,1.4069091198982535
3278,translated,1,0.2,1.750176175280785
3279,substituted,1,0.2,1.362817287445467
3280,paraphrased,1,0.2,1.0722789625216609
3281,mixed_text,1,0.2,1.3113388806368358
3282,human_baseline,0,0.2,0.7093144104049721
3283,original_ai,1,0.2,1.112036591804593
3284,translated,1,0.2,1.175403407167891
3285,substituted,1,0.2,1.020844288275523
3286,paraphrased,1,0.2,0.9402459068258604
3287,mixed_text,1,0.2,0.8440519763138733
3288,human_baseline,0,0.2,0.8817880677135516
3289,original_ai,1,0.2,2.521745935941901
3290,translated,1,0.2,1.967759115420926
3291,substituted,1,0.2,1.5607274539004763
3292,paraphrased,1,0.2,1.996748064409397
3293,mixed_text,1,0.2,1.261034533566779
3294,human_baseline,0,0.2,1.1143804757942728
3295,original_ai,1,0.2,1.5765941066169855
3296,translated,1,0.2,1.696592388083495
3297,substituted,1,0.2,1.0687612731187948
3298,paraphrased,1,0.2,1.2186836180153873
3299,mixed_text,1,0.2,1.33745057366928
3300,human_baseline,0,0.2,1.0988104742632323
3301,original_ai,1,0.2,1.808946243547917
3302,translated,1,0.2,2.111458435256806
3303,substituted,1,0.2,2.299305513177916
3304,paraphrased,1,0.2,1.595287469213811
3305,mixed_text,1,0.2,1.6063726256285966
3306,human_baseline,0,0.2,0.7494876004401323
3307,original_ai,1,0.2,1.5499642935977893
3308,translated,1,0.2,1.7497457622588424
3309,substituted,1,0.2,1.2859450208794208
3310,paraphrased,1,0.2,1.2217427678186137
3311,mixed_text,1,0.2,0.8465754426591677
3312,human_baseline,0,0.2,1.5513264808657985
3313,original_ai,1,0.2,1.85140050578753
3314,translated,1,0.2,1.5539353176572115
3315,substituted,1,0.2,1.1636504489923083
3316,paraphrased,1,0.2,1.1610773119188107
3317,mixed_text,1,0.2,1.772085214270498
3318,human_baseline,0,0.2,0.7008875346905604
3319,original_ai,1,0.2,2.432600853649648
3320,translated,1,0.2,2.0672072620803554
3321,substituted,1,0.2,1.4301688652242717
3322,paraphrased,1,0.2,1.244668683173179
3323,mixed_text,1,0.2,1.3364572464944882
3324,human_baseline,0,0.2,1.0543603959998191
3325,original_ai,1,0.2,2.036695065225349
3326,translated,1,0.2,1.6738119569069705
3327,substituted,1,0.2,1.7319215378837634
3328,paraphrased,1,0.2,1.3299122048763865
3329,mixed_text,1,0.2,2.2890834395924764
3330,human_baseline,0,0.2,1.0914195603665393
3331,original_ai,1,0.2,1.998925598792704
3332,translated,1,0.2,2.260435600581047
3333,substituted,1,0.2,1.885974924055032
3334,paraphrased,1,0.2,1.2226329841635797
3335,mixed_text,1,0.2,1.6595701468982793
3336,human_baseline,0,0.2,0.8984717255582307
3337,original_ai,1,0.2,1.8885826317322816
3338,translated,1,0.2,1.8277755931222688
3339,substituted,1,0.2,1.662131759169548
3340,paraphrased,1,0.2,1.153264797929764
3341,mixed_text,1,0.2,1.4999213443998811
3342,human_baseline,0,0.2,1.2082003149235427
3343,original_ai,1,0.2,1.3027250796561107
3344,translated,1,0.2,0.8122064961846481
3345,substituted,1,0.2,1.2267170335729751
3346,paraphrased,1,0.2,1.1377079272301276
3347,mixed_text,1,0.2,2.01367402068903
3348,human_baseline,0,0.2,1.021258748410062
3349,original_ai,1,0.2,1.9604535085792807
3350,translated,1,0.2,1.6239417889975796
3351,substituted,1,0.2,1.5062471201278766
3352,paraphrased,1,0.2,1.2149092516517035
3353,mixed_text,1,0.2,1.6404976546706165
3354,human_baseline,0,0.2,1.3250990659642905
3355,original_ai,1,0.2,1.8384369145853885
3356,translated,1,0.2,1.5524392862010252
3357,substituted,1,0.2,1.303020959677228
3358,paraphrased,1,0.2,1.360429459859338
3359,mixed_text,1,0.2,2.012465228066287
3360,human_baseline,0,0.2,0.798575154005456
3361,original_ai,1,0.2,2.1477418616132384
3362,translated,1,0.2,1.758054442867195
3363,substituted,1,0.2,1.2670027889922766
3364,paraphrased,1,0.2,0.8970141671321431
3365,mixed_text,1,0.2,2.538599930080484
3366,human_baseline,0,0.2,1.115481911417728
3367,original_ai,1,0.2,1.8814376080376385
3368,translated,1,0.2,1.8961284202097024
3369,substituted,1,0.2,1.427235990002269
3370,paraphrased,1,0.2,1.70175633284405
3371,mixed_text,1,0.2,1.3152553183925402
3372,human_baseline,0,0.2,1.3510231668077777
3373,original_ai,1,0.2,1.296229168310877
3374,translated,1,0.2,1.4241889602743727
3375,substituted,1,0.2,1.5486260553985711
3376,paraphrased,1,0.2,1.0449316741495736
3377,mixed_text,1,0.2,1.4750220180125408
3378,human_baseline,0,0.2,0.9352036441179378
3379,original_ai,1,0.2,2.3404052370363777
3380,translated,1,0.2,2.395876471702945
3381,substituted,1,0.2,2.4931157567929403
3382,paraphrased,1,0.2,1.6881448999221722
3383,mixed_text,1,0.2,2.0007332516998964
3384,human_baseline,0,0.2,0.8779104331474479
3385,original_ai,1,0.2,2.402073608393968
3386,translated,1,0.2,1.650193588769454
3387,substituted,1,0.2,1.4488866784476413
3388,paraphrased,1,0.2,1.392833562335046
3389,mixed_text,1,0.2,1.6516055540285497
3390,human_baseline,0,0.2,0.9166687741449568
3391,original_ai,1,0.2,2.316171008860942
3392,translated,1,0.2,2.1120026173324837
3393,substituted,1,0.2,1.506843248275232
3394,paraphrased,1,0.2,1.0018466537985828
3395,mixed_text,1,0.2,1.0506268774019982
3396,human_baseline,0,0.2,0.8465904942624674
3397,original_ai,1,0.2,1.4866700064847136
3398,translated,1,0.2,1.3554842969074026
3399,substituted,1,0.2,1.2417608793537327
3400,paraphrased,1,0.2,1.2098179922166976
3401,mixed_text,1,0.2,1.8172070231949613
3402,human_baseline,0,0.2,1.152633183107566
3403,original_ai,1,0.2,1.2405300379530382
3404,translated,1,0.2,1.0857457248057167
3405,substituted,1,0.2,1.2388637885043012
3406,paraphrased,1,0.2,0.9275757079116972
3407,mixed_text,1,0.2,1.2062586888575664
3408,human_baseline,0,0.2,0.91535643310507
3409,original_ai,1,0.2,1.3615345262434626
3410,translated,1,0.2,1.250072358801659
3411,substituted,1,0.2,1.3558925574675211
3412,paraphrased,1,0.2,1.3551460663763726
3413,mixed_text,1,0.2,1.2443685951049137
3414,human_baseline,0,0.2,0.7925306071146804
3415,original_ai,1,0.2,3.239326446920557
3416,translated,1,0.2,2.485536309551541
3417,substituted,1,0.2,2.399632780847994
3418,paraphrased,1,0.2,1.796215812006658
3419,mixed_text,1,0.2,1.019019065120493
3420,human_baseline,0,0.2,0.9038607250630296
3421,original_ai,1,0.2,2.539985188901816
3422,translated,1,0.2,1.9597321637257337
3423,substituted,1,0.2,1.1748756977509294
3424,paraphrased,1,0.2,1.575147575824538
3425,mixed_text,1,0.2,1.2633702240281115
3426,human_baseline,0,0.2,0.9230544106823064
3427,original_ai,1,0.2,2.140136411341401
3428,translated,1,0.2,1.846444248165247
3429,substituted,1,0.2,1.3062547614159623
3430,paraphrased,1,0.2,1.4629762057785514
3431,mixed_text,1,0.2,1.241273848098073
3432,human_baseline,0,0.2,0.8052388133176042
3433,original_ai,1,0.2,1.2736885310200037
3434,translated,1,0.2,1.326743759841218
3435,substituted,1,0.2,1.1920598505616489
3436,paraphrased,1,0.2,0.7060886927480189
3437,mixed_text,1,0.2,1.5004436440300477
3438,human_baseline,0,0.2,0.924927350794612
3439,original_ai,1,0.2,1.9436671367907083
3440,translated,1,0.2,1.3727278835806875
3441,substituted,1,0.2,1.3354217869967775
3442,paraphrased,1,0.2,1.1825600602956947
3443,mixed_text,1,0.2,1.826226708209365
3444,human_baseline,0,0.2,0.7856990369994699
3445,original_ai,1,0.2,1.4627014813925827
3446,translated,1,0.2,1.1893983123735423
3447,substituted,1,0.2,0.7949103945710603
3448,paraphrased,1,0.2,1.2046099554303855
3449,mixed_text,1,0.2,1.860140111138624
3450,human_baseline,0,0.2,1.6504449059234287
3451,original_ai,1,0.2,2.4180646576613105
3452,translated,1,0.2,2.029943839756
3453,substituted,1,0.2,2.3976893559994683
3454,paraphrased,1,0.2,1.804962295303064
3455,mixed_text,1,0.2,1.926350417125112
3456,human_baseline,0,0.2,0.8299491718648182
3457,original_ai,1,0.2,1.593468292935606
3458,translated,1,0.2,0.982363060374218
3459,substituted,1,0.2,1.2868763019867886
3460,paraphrased,1,0.2,0.8597518000359147
3461,mixed_text,1,0.2,1.1414814147958168
3462,human_baseline,0,0.2,1.1820885969019304
3463,original_ai,1,0.2,1.809937576994657
3464,translated,1,0.2,1.7270295054511329
3465,substituted,1,0.2,1.801039203048795
3466,paraphrased,1,0.2,1.316950543997837
3467,mixed_text,1,0.2,1.4993977059821704
3468,human_baseline,0,0.2,1.4088755041651173
3469,original_ai,1,0.2,1.562379507090799
3470,translated,1,0.2,1.665652067910038
3471,substituted,1,0.2,0.9736325927354514
3472,paraphrased,1,0.2,1.4041602150671348
3473,mixed_text,1,0.2,1.4524471986786445
3474,human_baseline,0,0.2,1.3022496608487255
3475,original_ai,1,0.2,1.7229762072503374
3476,translated,1,0.2,1.5683946298344276
3477,substituted,1,0.2,1.071745486156774
3478,paraphrased,1,0.2,1.5612484441755456
3479,mixed_text,1,0.2,1.446644952541503
3480,human_baseline,0,0.2,0.989133851301246
3481,original_ai,1,0.2,2.317393268236934
3482,translated,1,0.2,1.6737241467468902
3483,substituted,1,0.2,1.1680898878584334
3484,paraphrased,1,0.2,1.3361345571066707
3485,mixed_text,1,0.2,1.3285186040417667
3486,human_baseline,0,0.2,0.959843805866943
3487,original_ai,1,0.2,2.3224255548082144
3488,translated,1,0.2,2.041252461965308
3489,substituted,1,0.2,1.5900909419793083
3490,paraphrased,1,0.2,1.1754104057863692
3491,mixed_text,1,0.2,1.922776539448068
3492,human_baseline,0,0.2,1.5084267937680162
3493,original_ai,1,0.2,1.0871479864240503
3494,translated,1,0.2,1.2078486596396338
3495,substituted,1,0.2,1.459803074370001
3496,paraphrased,1,0.2,0.6051928889667237
3497,mixed_text,1,0.2,1.458879401632473
3498,human_baseline,0,0.2,1.0099764612836484
3499,original_ai,1,0.2,1.7192802886965703
3500,translated,1,0.2,1.2837796167277644
3501,substituted,1,0.2,1.134571639359007
3502,paraphrased,1,0.2,1.201869606328577
3503,mixed_text,1,0.2,1.2362365876159565
3504,human_baseline,0,0.2,0.7397859887800844
3505,original_ai,1,0.2,3.053602844045481
3506,translated,1,0.2,2.225162082652791
3507,substituted,1,0.2,1.1606457648450297
3508,paraphrased,1,0.2,2.186333287346789
3509,mixed_text,1,0.2,1.356314402386227
3510,human_baseline,0,0.2,1.2511738455175554
3511,original_ai,1,0.2,1.8997776014619336
3512,translated,1,0.2,1.4402315758358235
3513,substituted,1,0.2,1.3488027282370765
3514,paraphrased,1,0.2,1.129435619960626
3515,mixed_text,1,0.2,1.750442452503974
3516,human_baseline,0,0.2,0.8476299302964118
3517,original_ai,1,0.2,1.0941228617511902
3518,translated,1,0.2,1.2035390938005397
3519,substituted,1,0.2,0.9848104507592736
3520,paraphrased,1,0.2,1.7615223263988362
3521,mixed_text,1,0.2,1.349820985443052
3522,human_baseline,0,0.2,0.6977865800120584
3523,original_ai,1,0.2,1.283140449040279
3524,translated,1,0.2,1.2199719734461707
3525,substituted,1,0.2,1.189085759271838
3526,paraphrased,1,0.2,1.3187824286174818
3527,mixed_text,1,0.2,1.0205818158077196
3528,human_baseline,0,0.2,1.199388105958433
3529,original_ai,1,0.2,2.0231243807664776
3530,translated,1,0.2,2.4942614354061754
3531,substituted,1,0.2,1.0670418874754586
3532,paraphrased,1,0.2,1.258756201445118
3533,mixed_text,1,0.2,1.2998596848901
3534,human_baseline,0,0.2,1.1418750447692694
3535,original_ai,1,0.2,1.6652904622572922
3536,translated,1,0.2,1.4832915068294257
3537,substituted,1,0.2,1.106364592130787
3538,paraphrased,1,0.2,1.0866159507128597
3539,mixed_text,1,0.2,1.2922024483759609
3540,human_baseline,0,0.2,1.4848355950414531
3541,original_ai,1,0.2,2.4583210097486305
3542,translated,1,0.2,2.2547181618633565
3543,substituted,1,0.2,1.572270387792327
3544,paraphrased,1,0.2,2.227526062548052
3545,mixed_text,1,0.2,1.638202379845535
3546,human_baseline,0,0.2,0.9092292211182864
3547,original_ai,1,0.2,1.7997221576671365
3548,translated,1,0.2,1.637736086931273
3549,substituted,1,0.2,1.4614390246626017
3550,paraphrased,1,0.2,1.1371877229357434
3551,mixed_text,1,0.2,2.3242327736145776
3552,human_baseline,0,0.2,0.9239931655844756
3553,original_ai,1,0.2,1.6533762891289527
3554,translated,1,0.2,1.7456636294855306
3555,substituted,1,0.2,1.1429957397749118
3556,paraphrased,1,0.2,0.8120331801125272
3557,mixed_text,1,0.2,2.032296088693576
3558,human_baseline,0,0.2,1.100798079470097
3559,original_ai,1,0.2,2.3895567161695217
3560,translated,1,0.2,2.145154444293913
3561,substituted,1,0.2,1.4961489767092406
3562,paraphrased,1,0.2,1.2736150963518111
3563,mixed_text,1,0.2,1.5097579719483791
3564,human_baseline,0,0.2,1.005236745438267
3565,original_ai,1,0.2,2.6875200738027063
3566,translated,1,0.2,2.1121395981222246
3567,substituted,1,0.2,1.3623000186877146
3568,paraphrased,1,0.2,1.4865323180144394
3569,mixed_text,1,0.2,1.8361984809907963
3570,human_baseline,0,0.2,0.926877533348391
3571,original_ai,1,0.2,1.5838437835252708
3572,translated,1,0.2,1.302819779430451
3573,substituted,1,0.2,1.2911919571606387
3574,paraphrased,1,0.2,1.9111405893106812
3575,mixed_text,1,0.2,2.456457742570469
3576,human_baseline,0,0.2,0.602523312556134
3577,original_ai,1,0.2,1.607322210007577
3578,translated,1,0.2,1.365650456546877
3579,substituted,1,0.2,1.3318663071697625
3580,paraphrased,1,0.2,0.8782236150201982
3581,mixed_text,1,0.2,1.3596692533191626
3582,human_baseline,0,0.2,0.69345276764008
3583,original_ai,1,0.2,2.150013938756563
3584,translated,1,0.2,1.7990313154272108
3585,substituted,1,0.2,1.29151948114741
3586,paraphrased,1,0.2,1.2011366608452865
3587,mixed_text,1,0.2,1.250341423697821
3588,human_baseline,0,0.2,0.952466229433922
3589,original_ai,1,0.2,2.00311876665317
3590,translated,1,0.2,1.8463404084836583
3591,substituted,1,0.2,1.364722677570399
3592,paraphrased,1,0.2,1.5229266350467503
3593,mixed_text,1,0.2,1.422487590723559
3594,human_baseline,0,0.2,0.9805564552215534
3595,original_ai,1,0.2,2.191468540280728
3596,translated,1,0.2,1.648904061511052
3597,substituted,1,0.2,1.5210530232998989
3598,paraphrased,1,0.2,1.0990131658342324
3599,mixed_text,1,0.2,1.3959513246930335
3600,human_baseline,0,0.2,0.6674094266910446
3601,original_ai,1,0.2,2.568120742009595
3602,translated,1,0.2,2.493238343947918
3603,substituted,1,0.2,1.3904914097338803
3604,paraphrased,1,0.2,1.1364077435783388
3605,mixed_text,1,0.2,1.2635858466629684
3606,human_baseline,0,0.2,0.802805784460678
3607,original_ai,1,0.2,2.447675716277718
3608,translated,1,0.2,2.243595779138668
3609,substituted,1,0.2,1.3993054794413964
3610,paraphrased,1,0.2,1.7668229034526557
3611,mixed_text,1,0.2,1.4405741366534568
3612,human_baseline,0,0.2,1.4146296686068265
3613,original_ai,1,0.2,1.5214637100669328
3614,translated,1,0.2,1.691768808072169
3615,substituted,1,0.2,2.069949446435209
3616,paraphrased,1,0.2,0.7827165378074913
3617,mixed_text,1,0.2,1.4329226119620715
3618,human_baseline,0,0.2,1.4505072007608943
3619,original_ai,1,0.2,1.8638231527415052
3620,translated,1,0.2,1.6759689189480458
3621,substituted,1,0.2,1.4366197131075258
3622,paraphrased,1,0.2,1.092225800926342
3623,mixed_text,1,0.2,1.252000970036247
3624,human_baseline,0,0.2,0.8159269826799734
3625,original_ai,1,0.2,2.298712108477241
3626,translated,1,0.2,1.914731148263968
3627,substituted,1,0.2,1.5538541795599483
3628,paraphrased,1,0.2,1.5384290977065231
3629,mixed_text,1,0.2,1.27415094500301
3630,human_baseline,0,0.2,1.0174699323699508
3631,original_ai,1,0.2,1.415723112271604
3632,translated,1,0.2,1.001828674065042
3633,substituted,1,0.2,1.024886562147003
3634,paraphrased,1,0.2,1.4888035108513145
3635,mixed_text,1,0.2,1.12586943126248
3636,human_baseline,0,0.2,0.974753016302654
3637,original_ai,1,0.2,1.472980732036627
3638,translated,1,0.2,1.34005061798352
3639,substituted,1,0.2,1.9024181066471872
3640,paraphrased,1,0.2,1.4278776329501863
3641,mixed_text,1,0.2,0.9879578541069954
3642,human_baseline,0,0.2,0.9176683794038588
3643,original_ai,1,0.2,1.814912598699779
3644,translated,1,0.2,1.9358451883463408
3645,substituted,1,0.2,1.2600204197395732
3646,paraphrased,1,0.2,1.0723339930963525
3647,mixed_text,1,0.2,1.4671179350195456
3648,human_baseline,0,0.2,1.333013263138126
3649,original_ai,1,0.2,1.5154060714729989
3650,translated,1,0.2,1.2972928890646205
3651,substituted,1,0.2,1.3969831288810104
3652,paraphrased,1,0.2,1.2941051832367467
3653,mixed_text,1,0.2,1.4826450132579192
3654,human_baseline,0,0.2,0.8776672328939416
3655,original_ai,1,0.2,1.2341192558674607
3656,translated,1,0.2,1.1294489894964663
3657,substituted,1,0.2,1.3490082908663388
3658,paraphrased,1,0.2,1.2608437151620029
3659,mixed_text,1,0.2,1.053547874767798
3660,human_baseline,0,0.2,1.0273744653372143
3661,original_ai,1,0.2,1.8860693817612963
3662,translated,1,0.2,1.727371310114109
3663,substituted,1,0.2,1.1649275701593675
3664,paraphrased,1,0.2,1.3156333308276529
3665,mixed_text,1,0.2,1.2321557888489574
3666,human_baseline,0,0.2,1.070838224468217
3667,original_ai,1,0.2,1.5438103914166648
3668,translated,1,0.2,1.4193265356632785
3669,substituted,1,0.2,1.6936501338636227
3670,paraphrased,1,0.2,1.1230024654849609
3671,mixed_text,1,0.2,1.1573231113075535
3672,human_baseline,0,0.2,1.1604722086134718
3673,original_ai,1,0.2,1.8050470102987288
3674,translated,1,0.2,1.4554069047161888
3675,substituted,1,0.2,1.159377380375079
3676,paraphrased,1,0.2,1.5326491788120558
3677,mixed_text,1,0.2,1.1434937763178423
3678,human_baseline,0,0.2,0.706956504497593
3679,original_ai,1,0.2,1.167370430404955
3680,translated,1,0.2,1.1264603622519482
3681,substituted,1,0.2,1.1141140604310018
3682,paraphrased,1,0.2,1.2285402331944757
3683,mixed_text,1,0.2,0.8934575513988416
3684,human_baseline,0,0.2,1.1229983706536355
3685,original_ai,1,0.2,2.086933649816249
3686,translated,1,0.2,1.0622126370915383
3687,substituted,1,0.2,1.0498837146139903
3688,paraphrased,1,0.2,1.635996101780506
3689,mixed_text,1,0.2,1.553459644840656
3690,human_baseline,0,0.2,0.8040322505626494
3691,original_ai,1,0.2,2.999125925406085
3692,translated,1,0.2,2.038920166934699
3693,substituted,1,0.2,1.3801509125301323
3694,paraphrased,1,0.2,1.573179431312122
3695,mixed_text,1,0.2,1.4280905225150866
3696,human_baseline,0,0.2,1.1313591147497482
3697,original_ai,1,0.2,2.157291437157301
3698,translated,1,0.2,2.102612047360511
3699,substituted,1,0.2,1.4284651627325584
3700,paraphrased,1,0.2,1.2832254440459046
3701,mixed_text,1,0.2,2.020814054443486
3702,human_baseline,0,0.2,1.3534684747726815
3703,original_ai,1,0.2,1.025345048666503
3704,translated,1,0.2,1.049171563879758
3705,substituted,1,0.2,1.0545719911649136
3706,paraphrased,1,0.2,1.5060321743812453
3707,mixed_text,1,0.2,2.1171441006361325
3708,human_baseline,0,0.2,1.1747279108754771
3709,original_ai,1,0.2,2.609913839288214
3710,translated,1,0.2,2.550567201397344
3711,substituted,1,0.2,2.240091835783293
3712,paraphrased,1,0.2,1.4768617983165278
3713,mixed_text,1,0.2,1.46775251821819
3714,human_baseline,0,0.2,0.8219926225965843
3715,original_ai,1,0.2,1.8530332275923012
3716,translated,1,0.2,1.7152332339629226
3717,substituted,1,0.2,1.5653475421214182
3718,paraphrased,1,0.2,1.2615197419283366
3719,mixed_text,1,0.2,1.2332764596058785
3720,human_baseline,0,0.2,1.0349913611735737
3721,original_ai,1,0.2,1.4159220233611614
3722,translated,1,0.2,1.852940786339589
3723,substituted,1,0.2,1.2853721943151426
3724,paraphrased,1,0.2,1.362131160165981
3725,mixed_text,1,0.2,1.3736242915041423
3726,human_baseline,0,0.2,0.870333296436713
3727,original_ai,1,0.2,1.88337453084714
3728,translated,1,0.2,1.5254280510873537
3729,substituted,1,0.2,1.7226942722567018
3730,paraphrased,1,0.2,1.06715503230716
3731,mixed_text,1,0.2,2.2214808335737017
3732,human_baseline,0,0.2,0.843348347805913
3733,original_ai,1,0.2,2.656998263211148
3734,translated,1,0.2,2.030365860300985
3735,substituted,1,0.2,2.368643736915375
3736,paraphrased,1,0.2,2.316323846475364
3737,mixed_text,1,0.2,1.6890411717955758
3738,human_baseline,0,0.2,0.788144822582785
3739,original_ai,1,0.2,1.7941644545418398
3740,translated,1,0.2,1.6646803183004786
3741,substituted,1,0.2,1.27368643896276
3742,paraphrased,1,0.2,1.2961625319969723
3743,mixed_text,1,0.2,1.5026482773238596
3744,human_baseline,0,0.2,0.9476094384336328
3745,original_ai,1,0.2,1.292917394050517
3746,translated,1,0.2,1.2400259544983556
3747,substituted,1,0.2,1.2181093387209223
3748,paraphrased,1,0.2,0.9206327180010068
3749,mixed_text,1,0.2,1.1124987185553468
3750,human_baseline,0,0.2,0.7972850994818576
3751,original_ai,1,0.2,1.951449626424035
3752,translated,1,0.2,1.98219963116026
3753,substituted,1,0.2,1.8181753987030032
3754,paraphrased,1,0.2,1.148156555491709
3755,mixed_text,1,0.2,1.6841994928398192
3756,human_baseline,0,0.2,1.0308346726936302
3757,original_ai,1,0.2,2.118546603611939
3758,translated,1,0.2,1.4901455814770697
3759,substituted,1,0.2,1.3665605024891678
3760,paraphrased,1,0.2,1.1669596866191971
3761,mixed_text,1,0.2,1.3988491194281265
3762,human_baseline,0,0.2,0.947602232381356
3763,original_ai,1,0.2,1.377269862919775
3764,translated,1,0.2,1.8765755647281768
3765,substituted,1,0.2,1.1884610423219275
3766,paraphrased,1,0.2,1.186139287498645
3767,mixed_text,1,0.2,1.2047451804952165
3768,human_baseline,0,0.2,0.9589994388422638
3769,original_ai,1,0.2,1.6650675950639475
3770,translated,1,0.2,1.4186117390368074
3771,substituted,1,0.2,1.0671441952161824
3772,paraphrased,1,0.2,1.2310931342957772
3773,mixed_text,1,0.2,1.2840898400955871
3774,human_baseline,0,0.2,0.8370826314675212
3775,original_ai,1,0.2,2.253869783238267
3776,translated,1,0.2,1.712848989982858
3777,substituted,1,0.2,0.9168706527361504
3778,paraphrased,1,0.2,1.8894106845867715
3779,mixed_text,1,0.2,1.217261313818693
3780,human_baseline,0,0.2,0.7142749569799667
3781,original_ai,1,0.2,2.348554715570838
3782,translated,1,0.2,1.3456671152728137
3783,substituted,1,0.2,0.9587442299750304
3784,paraphrased,1,0.2,1.4230723961602385
3785,mixed_text,1,0.2,1.5504507982163065
3786,human_baseline,0,0.2,0.8984932641473206
3787,original_ai,1,0.2,1.2607828790859306
3788,translated,1,0.2,1.4741055945127126
3789,substituted,1,0.2,1.2299553825941074
3790,paraphrased,1,0.2,0.949569089739701
3791,mixed_text,1,0.2,1.0542092927047209
3792,human_baseline,0,0.2,1.3422881024034603
3793,original_ai,1,0.2,2.6162996770722904
3794,translated,1,0.2,2.470283099490948
3795,substituted,1,0.2,1.9579926681644968
3796,paraphrased,1,0.2,1.1921416986628972
3797,mixed_text,1,0.2,1.2756286865223951
3798,human_baseline,0,0.2,0.8280021902927615
3799,original_ai,1,0.2,1.7557242609797328
3800,translated,1,0.2,1.3329555330436185
3801,substituted,1,0.2,1.289931267547989
3802,paraphrased,1,0.2,1.126362603515326
3803,mixed_text,1,0.2,1.5767058296540142
3804,human_baseline,0,0.2,1.164460425045439
3805,original_ai,1,0.2,1.5424368740416408
3806,translated,1,0.2,1.3164446434141106
3807,substituted,1,0.2,2.0082063769702225
3808,paraphrased,1,0.2,1.3043818086888683
3809,mixed_text,1,0.2,1.9648066460581648
3810,human_baseline,0,0.2,0.9462482606176787
3811,original_ai,1,0.2,2.062271313029004
3812,translated,1,0.2,1.7939990825674736
3813,substituted,1,0.2,1.092348949978033
3814,paraphrased,1,0.2,0.7963549378629221
3815,mixed_text,1,0.2,1.62882961742938
3816,human_baseline,0,0.2,1.5243948408890495
3817,original_ai,1,0.2,1.459329026226048
3818,translated,1,0.2,1.3353308208034138
3819,substituted,1,0.2,0.9571374775784508
3820,paraphrased,1,0.2,1.1204376994680476
3821,mixed_text,1,0.2,1.5924296907960098
3822,human_baseline,0,0.2,0.9704067145697448
3823,original_ai,1,0.2,2.8221871948901134
3824,translated,1,0.2,2.658182171951537
3825,substituted,1,0.2,1.534048496054725
3826,paraphrased,1,0.2,2.284647205025527
3827,mixed_text,1,0.2,2.228069288582601
3828,human_baseline,0,0.2,1.0561476691966878
3829,original_ai,1,0.2,1.6155118678192
3830,translated,1,0.2,1.3131487850576924
3831,substituted,1,0.2,1.3874643256626615
3832,paraphrased,1,0.2,1.0918749042004086
3833,mixed_text,1,0.2,1.281237630610187
3834,human_baseline,0,0.2,0.6907041239488784
3835,original_ai,1,0.2,1.116684953068363
3836,translated,1,0.2,1.0343461852987268
3837,substituted,1,0.2,0.775617466387144
3838,paraphrased,1,0.2,0.9138278711475138
3839,mixed_text,1,0.2,0.9468919816242592
3840,human_baseline,0,0.2,1.0607103119220866
3841,original_ai,1,0.2,2.4480501124242267
3842,translated,1,0.2,1.9692668112454703
3843,substituted,1,0.2,1.5156570754230456
3844,paraphrased,1,0.2,0.83461417570617
3845,mixed_text,1,0.2,1.091314838303717
3846,human_baseline,0,0.2,1.0598198782959476
3847,original_ai,1,0.2,1.6856277097973489
3848,translated,1,0.2,1.3140780791501214
3849,substituted,1,0.2,1.2197811933134326
3850,paraphrased,1,0.2,0.9535395049170464
3851,mixed_text,1,0.2,1.5132706143988155
3852,human_baseline,0,0.2,0.9254568331759864
3853,original_ai,1,0.2,1.6961820524448703
3854,translated,1,0.2,1.6674837281204808
3855,substituted,1,0.2,1.3764005392719705
3856,paraphrased,1,0.2,1.2014017517234084
3857,mixed_text,1,0.2,1.395722486931574
3858,human_baseline,0,0.2,1.2061062539371763
3859,original_ai,1,0.2,1.5733398940962895
3860,translated,1,0.2,1.691591795826892
3861,substituted,1,0.2,1.5387973255078384
3862,paraphrased,1,0.2,1.4944657031835704
3863,mixed_text,1,0.2,1.6591048117374971
3864,human_baseline,0,0.2,1.1790204458513822
3865,original_ai,1,0.2,1.9637225046642457
3866,translated,1,0.2,1.2927024755118155
3867,substituted,1,0.2,1.4141496497740222
3868,paraphrased,1,0.2,1.0027290730884404
3869,mixed_text,1,0.2,2.0916171371625984
3870,human_baseline,0,0.2,1.0238796225361972
3871,original_ai,1,0.2,2.085989083820047
3872,translated,1,0.2,1.8869803118514543
3873,substituted,1,0.2,1.857934677636888
3874,paraphrased,1,0.2,1.387081133618709
3875,mixed_text,1,0.2,1.2179640088207826
3876,human_baseline,0,0.2,0.8887636000571365
3877,original_ai,1,0.2,1.5473562787883997
3878,translated,1,0.2,1.677929265502794
3879,substituted,1,0.2,1.792862130730471
3880,paraphrased,1,0.2,0.8203995204043787
3881,mixed_text,1,0.2,1.7998793888303444
3882,human_baseline,0,0.2,0.8151924200017724
3883,original_ai,1,0.2,3.0984232986336
3884,translated,1,0.2,2.500330902584309
3885,substituted,1,0.2,1.603104496811382
3886,paraphrased,1,0.2,1.366147264995949
3887,mixed_text,1,0.2,2.00225859878143
3888,human_baseline,0,0.2,1.137965248370569
3889,original_ai,1,0.2,1.5423345375367254
3890,translated,1,0.2,1.0556429822041944
3891,substituted,1,0.2,1.2186982004683502
3892,paraphrased,1,0.2,1.002257230190177
3893,mixed_text,1,0.2,1.0453785325579548
3894,human_baseline,0,0.2,0.727062118413726
3895,original_ai,1,0.2,2.043885198046975
3896,translated,1,0.2,1.7658955398930742
3897,substituted,1,0.2,1.3391663262421023
3898,paraphrased,1,0.2,1.4159856213766877
3899,mixed_text,1,0.2,1.3640001799824093
3900,human_baseline,0,0.2,0.9310578254627722
3901,original_ai,1,0.2,2.2419844133556
3902,translated,1,0.2,2.370072844820521
3903,substituted,1,0.2,1.3947373672293335
3904,paraphrased,1,0.2,1.2271329431406697
3905,mixed_text,1,0.2,1.699872994306674
3906,human_baseline,0,0.2,0.972704401977844
3907,original_ai,1,0.2,1.44768975435796
3908,translated,1,0.2,1.267906613939266
3909,substituted,1,0.2,1.434169829207577
3910,paraphrased,1,0.2,1.3717844484997028
3911,mixed_text,1,0.2,0.92613873156857
3912,human_baseline,0,0.2,0.9540079525534292
3913,original_ai,1,0.2,2.2864889125172594
3914,translated,1,0.2,1.7878720432098685
3915,substituted,1,0.2,1.2800110650914835
3916,paraphrased,1,0.2,1.1077395754174746
3917,mixed_text,1,0.2,1.6150789278823952
3918,human_baseline,0,0.2,0.7848894911067815
3919,original_ai,1,0.2,1.239046105431439
3920,translated,1,0.2,1.0756972392969968
3921,substituted,1,0.2,1.080152553922899
3922,paraphrased,1,0.2,0.835427468049658
3923,mixed_text,1,0.2,0.9446285931245918
3924,human_baseline,0,0.2,0.7416079217715567
3925,original_ai,1,0.2,1.431718791854265
3926,translated,1,0.2,1.34465947929378
3927,substituted,1,0.2,1.3415574637213652
3928,paraphrased,1,0.2,1.066389859978217
3929,mixed_text,1,0.2,1.7466193407432593
3930,human_baseline,0,0.2,0.8757066596896763
3931,original_ai,1,0.2,1.6250090811705968
3932,translated,1,0.2,1.747664013169445
3933,substituted,1,0.2,1.6302411851681988
3934,paraphrased,1,0.2,0.8891375823735546
3935,mixed_text,1,0.2,1.2360406731695763
3936,human_baseline,0,0.2,0.8931905155871319
3937,original_ai,1,0.2,2.2477640331103523
3938,translated,1,0.2,2.422779717703937
3939,substituted,1,0.2,1.3232147538769925
3940,paraphrased,1,0.2,1.0087433918560462
3941,mixed_text,1,0.2,0.9725371712226114
3942,human_baseline,0,0.2,0.985925485078939
3943,original_ai,1,0.2,2.1602486608274747
3944,translated,1,0.2,1.8489500048754228
3945,substituted,1,0.2,1.912410979710315
3946,paraphrased,1,0.2,1.4030089823019378
3947,mixed_text,1,0.2,1.3785345688470818
3948,human_baseline,0,0.2,0.7351222006605038
3949,original_ai,1,0.2,1.5276817445245234
3950,translated,1,0.2,1.939497499433893
3951,substituted,1,0.2,1.8720968626119965
3952,paraphrased,1,0.2,1.19756501671631
3953,mixed_text,1,0.2,1.6804071161819318
3954,human_baseline,0,0.2,0.9209758618776062
3955,original_ai,1,0.2,3.5391311853081917
3956,translated,1,0.2,2.5119676514638347
3957,substituted,1,0.2,2.080993022160684
3958,paraphrased,1,0.2,2.0104333584914125
3959,mixed_text,1,0.2,1.3813488362565172
3960,human_baseline,0,0.2,0.9567852956880598
3961,original_ai,1,0.2,2.6731220733974226
3962,translated,1,0.2,1.4426963473204644
3963,substituted,1,0.2,1.637527477316804
3964,paraphrased,1,0.2,2.392065028390417
3965,mixed_text,1,0.2,2.0711647506049555
3966,human_baseline,0,0.2,1.2174157990949273
3967,original_ai,1,0.2,2.4445785675443656
3968,translated,1,0.2,1.6142241357911773
3969,substituted,1,0.2,1.2320572654377318
3970,paraphrased,1,0.2,1.741354689483292
3971,mixed_text,1,0.2,1.6919028265741258
3972,human_baseline,0,0.2,0.9885534619129094
3973,original_ai,1,0.2,1.13154730646404
3974,translated,1,0.2,1.474958768980028
3975,substituted,1,0.2,1.006782266313151
3976,paraphrased,1,0.2,1.238274434959996
3977,mixed_text,1,0.2,1.1778161802671958
3978,human_baseline,0,0.2,0.7907580783473225
3979,original_ai,1,0.2,1.3431645762751776
3980,translated,1,0.2,1.3267324998663677
3981,substituted,1,0.2,1.0564664848800505
3982,paraphrased,1,0.2,1.2810221008014897
3983,mixed_text,1,0.2,1.1916201435549258
3984,human_baseline,0,0.2,1.0274032836497526
3985,original_ai,1,0.2,1.808466457724441
3986,translated,1,0.2,1.69778278039534
3987,substituted,1,0.2,1.4180430428675954
3988,paraphrased,1,0.2,1.266520545081146
3989,mixed_text,1,0.2,1.0961448957316793
3990,human_baseline,0,0.2,0.898272457010146
3991,original_ai,1,0.2,2.645026291130605
3992,translated,1,0.2,2.6802444781680443
3993,substituted,1,0.2,2.2502344740450777
3994,paraphrased,1,0.2,0.9418668778916588
3995,mixed_text,1,0.2,2.0338027873862186
3996,human_baseline,0,0.2,1.4209049685223991
3997,original_ai,1,0.2,1.640584697516155
3998,translated,1,0.2,1.2500813126020631
3999,substituted,1,0.2,1.547791912538817
4000,paraphrased,1,0.2,0.9046153409823317
4001,mixed_text,1,0.2,1.159637181851848
4002,human_baseline,0,0.2,0.7489499877668332
4003,original_ai,1,0.2,1.3842156783563966
4004,translated,1,0.2,1.3169664842027782
4005,substituted,1,0.2,1.1111619865892406
4006,paraphrased,1,0.2,0.9244572127512258
4007,mixed_text,1,0.2,1.2163950004117057
4008,human_baseline,0,0.2,0.7439932253120107
4009,original_ai,1,0.2,1.306785025366869
4010,translated,1,0.2,1.262879272324461
4011,substituted,1,0.2,1.5234196157648812
4012,paraphrased,1,0.2,1.1380750840878375
4013,mixed_text,1,0.2,0.8796171928618918
4014,human_baseline,0,0.2,1.0528256965839
4015,original_ai,1,0.2,2.184007174964177
4016,translated,1,0.2,2.0561568425270598
4017,substituted,1,0.2,1.841061322329368
4018,paraphrased,1,0.2,1.187502486167598
4019,mixed_text,1,0.2,1.3735949124644706
4020,human_baseline,0,0.2,0.8665313705431522
4021,original_ai,1,0.2,2.8676509243089825
4022,translated,1,0.2,1.9436165418988165
4023,substituted,1,0.2,1.352194610734175
4024,paraphrased,1,0.2,1.5908039892770616
4025,mixed_text,1,0.2,2.360254774747293
4026,human_baseline,0,0.2,0.9364162993079648
4027,original_ai,1,0.2,1.5791528751494417
4028,translated,1,0.2,1.4051313199364754
4029,substituted,1,0.2,1.4929987618566618
4030,paraphrased,1,0.2,1.550199328498302
4031,mixed_text,1,0.2,1.2222344217117116
4032,human_baseline,0,0.2,0.8350197657468987
4033,original_ai,1,0.2,2.211076381316859
4034,translated,1,0.2,2.0183798925605507
4035,substituted,1,0.2,2.034751021653854
4036,paraphrased,1,0.2,1.8229944480224476
4037,mixed_text,1,0.2,1.1832265369457091
4038,human_baseline,0,0.2,0.9211936925047042
4039,original_ai,1,0.2,1.9663544226840577
4040,translated,1,0.2,2.2652405176973214
4041,substituted,1,0.2,1.595891544111672
4042,paraphrased,1,0.2,0.9030964802356732
4043,mixed_text,1,0.2,1.2795575138132262
4044,human_baseline,0,0.2,0.9730991635995512
4045,original_ai,1,0.2,2.3777392976145784
4046,translated,1,0.2,2.0253395983103903
4047,substituted,1,0.2,1.4277236997829403
4048,paraphrased,1,0.2,1.514412196974317
4049,mixed_text,1,0.2,1.804637474962884
4050,human_baseline,0,0.2,1.2317336034853883
4051,original_ai,1,0.2,1.1761693847650485
4052,translated,1,0.2,1.3201957274907168
4053,substituted,1,0.2,1.04302496448601
4054,paraphrased,1,0.2,0.8315702098770946
4055,mixed_text,1,0.2,0.9446458440682324
4056,human_baseline,0,0.2,1.148543946238363
4057,original_ai,1,0.2,1.7281055813096926
4058,translated,1,0.2,1.6709843855685582
4059,substituted,1,0.2,1.4994261217952576
4060,paraphrased,1,0.2,1.405262153242448
4061,mixed_text,1,0.2,1.979959582709575
4062,human_baseline,0,0.2,0.8834495414049283
4063,original_ai,1,0.2,1.992333135206264
4064,translated,1,0.2,1.4792382120327523
4065,substituted,1,0.2,1.4176308554537091
4066,paraphrased,1,0.2,1.8852704398839653
4067,mixed_text,1,0.2,1.8717328916168752
4068,human_baseline,0,0.2,0.7368006266881523
4069,original_ai,1,0.2,1.5002101323469978
4070,translated,1,0.2,1.4200545076599456
4071,substituted,1,0.2,1.4778057356640597
4072,paraphrased,1,0.2,1.389793970526943
4073,mixed_text,1,0.2,1.1178301737214418
4074,human_baseline,0,0.2,0.8939464441309203
4075,original_ai,1,0.2,1.9266107292926968
4076,translated,1,0.2,1.6207545734587598
4077,substituted,1,0.2,2.2207643744068
4078,paraphrased,1,0.2,1.3629684275266465
4079,mixed_text,1,0.2,1.2149298008439913
4080,human_baseline,0,0.2,0.949393559464523
4081,original_ai,1,0.2,1.0931313042624098
4082,translated,1,0.2,1.069912387801913
4083,substituted,1,0.2,1.0564419740682691
4084,paraphrased,1,0.2,1.051860074817632
4085,mixed_text,1,0.2,1.0662690944900113
4086,human_baseline,0,0.2,1.1241799471658136
4087,original_ai,1,0.2,1.961927393943981
4088,translated,1,0.2,1.371011243612415
4089,substituted,1,0.2,1.1831690259404837
4090,paraphrased,1,0.2,1.315466519778892
4091,mixed_text,1,0.2,1.5492750960587267
4092,human_baseline,0,0.2,1.1374002123684035
4093,original_ai,1,0.2,1.873315988100244
4094,translated,1,0.2,1.337536259278613
4095,substituted,1,0.2,1.449661856992802
4096,paraphrased,1,0.2,1.125076037022901
4097,mixed_text,1,0.2,1.1433381127733062
4098,human_baseline,0,0.2,0.9668997233980592
4099,original_ai,1,0.2,1.764743382323749
4100,translated,1,0.2,1.732233222353872
4101,substituted,1,0.2,1.7216836714313646
4102,paraphrased,1,0.2,1.412232550778587
4103,mixed_text,1,0.2,1.691430061882175
4104,human_baseline,0,0.2,0.8534661543012985
4105,original_ai,1,0.2,1.7733157941617563
4106,translated,1,0.2,2.201484319665151
4107,substituted,1,0.2,1.5646191177665971
4108,paraphrased,1,0.2,1.456488072508676
4109,mixed_text,1,0.2,1.0022983601118225
4110,human_baseline,0,0.2,0.7225128163022828
4111,original_ai,1,0.2,1.5005890640292197
4112,translated,1,0.2,1.443510558934763
4113,substituted,1,0.2,1.6441203305305174
4114,paraphrased,1,0.2,1.2388653729446737
4115,mixed_text,1,0.2,1.53270089218012
4116,human_baseline,0,0.2,1.0530288564709118
4117,original_ai,1,0.2,1.7952361705267743
4118,translated,1,0.2,1.591227629541393
4119,substituted,1,0.2,1.4117640229577255
4120,paraphrased,1,0.2,1.02519759709473
4121,mixed_text,1,0.2,1.524059267051294
4122,human_baseline,0,0.2,0.975805432246142
4123,original_ai,1,0.2,2.264071055764646
4124,translated,1,0.2,1.692186354459209
4125,substituted,1,0.2,2.0268043474596324
4126,paraphrased,1,0.2,2.105033964816065
4127,mixed_text,1,0.2,1.3992102136523756
4128,human_baseline,0,0.2,1.0622113233183097
4129,original_ai,1,0.2,3.3901481303817094
4130,translated,1,0.2,3.135023051279144
4131,substituted,1,0.2,1.2568503516531606
4132,paraphrased,1,0.2,1.1802531584419147
4133,mixed_text,1,0.2,1.778964374967906
4134,human_baseline,0,0.2,0.9427431592148104
4135,original_ai,1,0.2,2.1327078329249094
4136,translated,1,0.2,2.2703864303590744
4137,substituted,1,0.2,1.949760095984763
4138,paraphrased,1,0.2,2.0319892690072874
4139,mixed_text,1,0.2,1.5103559489999323
4140,human_baseline,0,0.2,0.7516191596658159
4141,original_ai,1,0.2,2.520738706545932
4142,translated,1,0.2,1.7788859654357942
4143,substituted,1,0.2,1.1024154165203226
4144,paraphrased,1,0.2,1.040249476766497
4145,mixed_text,1,0.2,1.0237416932974104
4146,human_baseline,0,0.2,0.7189868194568311
4147,original_ai,1,0.2,1.5642324215403136
4148,translated,1,0.2,1.3503195193192798
4149,substituted,1,0.2,1.0759576079974993
4150,paraphrased,1,0.2,1.204107820642107
4151,mixed_text,1,0.2,1.1188665552889043
4152,human_baseline,0,0.2,0.9747741124659296
4153,original_ai,1,0.2,1.558340383472953
4154,translated,1,0.2,1.7574882856269645
4155,substituted,1,0.2,1.0762663540883637
4156,paraphrased,1,0.2,1.150441830683563
4157,mixed_text,1,0.2,1.2827417924851632
4158,human_baseline,0,0.2,1.1162303793334751
4159,original_ai,1,0.2,1.686755366314764
4160,translated,1,0.2,1.4092121573669
4161,substituted,1,0.2,1.2187548117764389
4162,paraphrased,1,0.2,0.8275049886856082
4163,mixed_text,1,0.2,1.0272257003481575
4164,human_baseline,0,0.2,1.629295749037922
4165,original_ai,1,0.2,1.4602187932179311
4166,translated,1,0.2,1.2870507985460171
4167,substituted,1,0.2,1.4281740065714326
4168,paraphrased,1,0.2,0.7589838881920217
4169,mixed_text,1,0.2,1.563678631963033
4170,human_baseline,0,0.2,0.5792667081224971
4171,original_ai,1,0.2,2.2481432021671703
4172,translated,1,0.2,1.66717739625022
4173,substituted,1,0.2,1.5707427582772486
4174,paraphrased,1,0.2,1.1224156599942745
4175,mixed_text,1,0.2,1.4732282228750833
4176,human_baseline,0,0.2,0.9255886644979706
4177,original_ai,1,0.2,1.2729780775391215
4178,translated,1,0.2,1.2159875626354673
4179,substituted,1,0.2,1.4048871956205808
4180,paraphrased,1,0.2,0.7112025500491101
4181,mixed_text,1,0.2,2.5050780652175653
4182,human_baseline,0,0.2,1.209803177306142
4183,original_ai,1,0.2,1.0947693105649536
4184,translated,1,0.2,0.9966035144980264
4185,substituted,1,0.2,0.8265189716242792
4186,paraphrased,1,0.2,1.0153517039407327
4187,mixed_text,1,0.2,1.3315749230057476
4188,human_baseline,0,0.2,1.175333597529259
4189,original_ai,1,0.2,2.2991247001642403
4190,translated,1,0.2,2.340566794160733
4191,substituted,1,0.2,1.370465158567902
4192,paraphrased,1,0.2,1.8164523762254376
4193,mixed_text,1,0.2,2.495760695667005
4194,human_baseline,0,0.2,0.8536245810975115
4195,original_ai,1,0.2,1.1023850274596827
4196,translated,1,0.2,1.083664579985583
4197,substituted,1,0.2,0.9787084341896758
4198,paraphrased,1,0.2,0.8959239282921212
4199,mixed_text,1,0.2,1.9904086140489468
4200,human_baseline,0,0.2,0.8474839558133319
4201,original_ai,1,0.2,1.3581019032426924
4202,translated,1,0.2,1.2013359295696222
4203,substituted,1,0.2,1.8802529001854973
4204,paraphrased,1,0.2,1.3318883144166598
4205,mixed_text,1,0.2,1.6207089815741968
4206,human_baseline,0,0.2,0.8599482402880007
4207,original_ai,1,0.2,2.2309695760045294
4208,translated,1,0.2,1.5725691616953277
4209,substituted,1,0.2,1.02577574520127
4210,paraphrased,1,0.2,1.6542084074832235
4211,mixed_text,1,0.2,1.084108602090169
4212,human_baseline,0,0.2,0.9584986980584796
4213,original_ai,1,0.2,1.1588246771149384
4214,translated,1,0.2,1.0386060507338457
4215,substituted,1,0.2,0.8242621486655645
4216,paraphrased,1,0.2,0.9553021146506876
4217,mixed_text,1,0.2,1.1656658094962236
4218,human_baseline,0,0.2,1.032832921789122
4219,original_ai,1,0.2,1.4885078370631226
4220,translated,1,0.2,1.4746387763208433
4221,substituted,1,0.2,1.3290099993750395
4222,paraphrased,1,0.2,1.1916193841325575
4223,mixed_text,1,0.2,1.6292909541566374
4224,human_baseline,0,0.2,1.1939042128742758
4225,original_ai,1,0.2,1.5978191921392968
4226,translated,1,0.2,1.1588415031979182
4227,substituted,1,0.2,1.7400155417971357
4228,paraphrased,1,0.2,0.950213613740736
4229,mixed_text,1,0.2,1.223790347649832
4230,human_baseline,0,0.2,0.9713128966364772
4231,original_ai,1,0.2,1.4276289526916226
4232,translated,1,0.2,0.9085661575868644
4233,substituted,1,0.2,1.1888903753328233
4234,paraphrased,1,0.2,1.2509817064546926
4235,mixed_text,1,0.2,1.0595272440794925
4236,human_baseline,0,0.2,0.9803334207478211
4237,original_ai,1,0.2,1.687903465060125
4238,translated,1,0.2,1.406319619664718
4239,substituted,1,0.2,1.0913998631243549
4240,paraphrased,1,0.2,1.2271749857194578
4241,mixed_text,1,0.2,1.3186407127359685
4242,human_baseline,0,0.2,1.0031975539971931
4243,original_ai,1,0.2,2.3604466728808893
4244,translated,1,0.2,1.4745528779568449
4245,substituted,1,0.2,1.2476505548709895
4246,paraphrased,1,0.2,1.4974064883594682
4247,mixed_text,1,0.2,1.3219162005526146
4248,human_baseline,0,0.2,1.2315951652588857
4249,original_ai,1,0.2,0.9802537640008528
4250,translated,1,0.2,0.9355855555950706
4251,substituted,1,0.2,1.2388281665854624
4252,paraphrased,1,0.2,1.2512462046875772
4253,mixed_text,1,0.2,1.207667420226396
4254,human_baseline,0,0.2,0.9554270736365276
4255,original_ai,1,0.2,2.1860543635498133
4256,translated,1,0.2,1.7729468271773936
4257,substituted,1,0.2,1.114679599517926
4258,paraphrased,1,0.2,1.0427466090069648
4259,mixed_text,1,0.2,1.3692939943563571
4260,human_baseline,0,0.2,1.1057355181549853
4261,original_ai,1,0.2,1.436193342436811
4262,translated,1,0.2,1.250316477115301
4263,substituted,1,0.2,1.280988695724005
4264,paraphrased,1,0.2,1.524993962921961
4265,mixed_text,1,0.2,1.159041691478818
4266,human_baseline,0,0.2,1.022461203632042
4267,original_ai,1,0.2,1.7066337382601082
4268,translated,1,0.2,1.7420898999524856
4269,substituted,1,0.2,1.1475438876645527
4270,paraphrased,1,0.2,1.3281494710380068
4271,mixed_text,1,0.2,1.501681541609066
4272,human_baseline,0,0.2,1.4553093560705403
4273,original_ai,1,0.2,1.7179851887800726
4274,translated,1,0.2,1.5131976774748948
4275,substituted,1,0.2,1.4894472410848716
4276,paraphrased,1,0.2,0.9616548527645236
4277,mixed_text,1,0.2,2.1232097567025656
4278,human_baseline,0,0.2,1.1132631895997984
4279,original_ai,1,0.2,3.030897091373481
4280,translated,1,0.2,2.638464095180056
4281,substituted,1,0.2,1.2378671172070763
4282,paraphrased,1,0.2,0.8700012790162832
4283,mixed_text,1,0.2,1.5543594106844596
4284,human_baseline,0,0.2,0.8026465322271245
4285,original_ai,1,0.2,2.080056797937292
4286,translated,1,0.2,1.4968807361587864
4287,substituted,1,0.2,1.992856285790818
4288,paraphrased,1,0.2,0.9695514428904116
4289,mixed_text,1,0.2,2.544287506602481
4290,human_baseline,0,0.2,0.7303876261333023
4291,original_ai,1,0.2,3.394974095137805
4292,translated,1,0.2,1.7150621768820158
4293,substituted,1,0.2,1.4103373707563416
4294,paraphrased,1,0.2,0.94700526198121
4295,mixed_text,1,0.2,1.78958340584065
4296,human_baseline,0,0.2,0.9568439048842994
4297,original_ai,1,0.2,2.9176834615292324
4298,translated,1,0.2,1.975162545271265
4299,substituted,1,0.2,1.8401944355240576
4300,paraphrased,1,0.2,1.885720839518631
4301,mixed_text,1,0.2,1.5128999955755265
4302,human_baseline,0,0.2,0.9237917283322024
4303,original_ai,1,0.2,2.0669665427024437
4304,translated,1,0.2,1.4154649680784095
4305,substituted,1,0.2,1.6441907799743158
4306,paraphrased,1,0.2,1.5120691170684364
4307,mixed_text,1,0.2,1.156770081946057
4308,human_baseline,0,0.2,0.7661344205977275
4309,original_ai,1,0.2,1.6336858292535834
4310,translated,1,0.2,1.515838910060111
4311,substituted,1,0.2,1.8116563398794967
4312,paraphrased,1,0.2,1.2193594344308292
4313,mixed_text,1,0.2,1.25679071977442
4314,human_baseline,0,0.2,1.0282778224852391
4315,original_ai,1,0.2,1.7138270826475803
4316,translated,1,0.2,1.3900975669905775
4317,substituted,1,0.2,1.369336264883409
4318,paraphrased,1,0.2,1.2269583105286892
4319,mixed_text,1,0.2,1.1133726892154083
4320,human_baseline,0,0.2,0.8576442398868734
4321,original_ai,1,0.2,2.2181540918863485
4322,translated,1,0.2,1.927197011735892
4323,substituted,1,0.2,1.4422487550194845
4324,paraphrased,1,0.2,1.9095565297459531
4325,mixed_text,1,0.2,1.302344096296617
4326,human_baseline,0,0.2,0.9493617336287256
4327,original_ai,1,0.2,1.389179235520733
4328,translated,1,0.2,1.3797025698291934
4329,substituted,1,0.2,1.2631587780856073
4330,paraphrased,1,0.2,1.0911618666482763
4331,mixed_text,1,0.2,1.10882327087967
4332,human_baseline,0,0.2,0.9403841483037154
4333,original_ai,1,0.2,1.8157512063503545
4334,translated,1,0.2,1.7099654203538643
4335,substituted,1,0.2,1.6297318192983676
4336,paraphrased,1,0.2,1.5379836460419896
4337,mixed_text,1,0.2,0.9858634049981064
4338,human_baseline,0,0.2,0.9866877831105688
4339,original_ai,1,0.2,1.393907566277483
4340,translated,1,0.2,1.2488817966626151
4341,substituted,1,0.2,1.2925081729638015
4342,paraphrased,1,0.2,1.531701510724298
4343,mixed_text,1,0.2,1.389638694794156
4344,human_baseline,0,0.2,0.8040064478485008
4345,original_ai,1,0.2,2.985117913771383
4346,translated,1,0.2,3.081901524446402
4347,substituted,1,0.2,2.595200847196633
4348,paraphrased,1,0.2,0.8117982356707701
4349,mixed_text,1,0.2,1.1709209848132858
4350,human_baseline,0,0.2,1.460927374062817
4351,original_ai,1,0.2,1.3727442568564845
4352,translated,1,0.2,1.5085306589709122
4353,substituted,1,0.2,1.0375327213257055
4354,paraphrased,1,0.2,1.03225587716016
4355,mixed_text,1,0.2,1.1729475275735968
4356,human_baseline,0,0.2,0.9409439494960996
4357,original_ai,1,0.2,3.2356568944983928
4358,translated,1,0.2,3.0414787852466336
4359,substituted,1,0.2,2.295331694616149
4360,paraphrased,1,0.2,1.1741916895070836
4361,mixed_text,1,0.2,1.3795166318725671
4362,human_baseline,0,0.2,0.9957274007561966
4363,original_ai,1,0.2,1.7074950986829764
4364,translated,1,0.2,1.4865072130209944
4365,substituted,1,0.2,1.23123347556187
4366,paraphrased,1,0.2,1.317007075147779
4367,mixed_text,1,0.2,1.405773957023588
4368,human_baseline,0,0.2,0.7634464332040851
4369,original_ai,1,0.2,1.736100610630527
4370,translated,1,0.2,1.6780323890405302
4371,substituted,1,0.2,1.1200829816703797
4372,paraphrased,1,0.2,1.5177785144279143
4373,mixed_text,1,0.2,1.9201312172790383
4374,human_baseline,0,0.2,1.116470534349573
4375,original_ai,1,0.2,1.3155773283587344
4376,translated,1,0.2,1.257167429412275
4377,substituted,1,0.2,1.0952198477516235
4378,paraphrased,1,0.2,1.088465842312735
4379,mixed_text,1,0.2,1.677012051095328
4380,human_baseline,0,0.2,1.0279816545944933
4381,original_ai,1,0.2,3.786807717445344
4382,translated,1,0.2,2.3151144281681924
4383,substituted,1,0.2,1.621716341486238
4384,paraphrased,1,0.2,1.202129589930355
4385,mixed_text,1,0.2,1.99762270777224
4386,human_baseline,0,0.2,1.2612481994671514
4387,original_ai,1,0.2,3.3183182444122217
4388,translated,1,0.2,3.2315029481430884
4389,substituted,1,0.2,2.186045722439142
4390,paraphrased,1,0.2,2.0424149667105733
4391,mixed_text,1,0.2,1.442119270113728
4392,human_baseline,0,0.2,1.379632423865876
4393,original_ai,1,0.2,1.546098408493891
4394,translated,1,0.2,2.032529927916259
4395,substituted,1,0.2,1.7512989641555186
4396,paraphrased,1,0.2,1.3956222921208512
4397,mixed_text,1,0.2,1.303215009932284
4398,human_baseline,0,0.2,0.8459790105939311
4399,original_ai,1,0.2,3.017806665821412
4400,translated,1,0.2,2.7137264075089824
4401,substituted,1,0.2,1.4280749613462995
4402,paraphrased,1,0.2,1.537101449819878
4403,mixed_text,1,0.2,2.1114262382966458
4404,human_baseline,0,0.2,1.0959363587451754
4405,original_ai,1,0.2,2.163416672992394
4406,translated,1,0.2,2.143254315696647
4407,substituted,1,0.2,1.8106633886428527
4408,paraphrased,1,0.2,1.356235837486126
4409,mixed_text,1,0.2,1.2484384635624517
4410,human_baseline,0,0.2,0.975264026843618
4411,original_ai,1,0.2,1.6120699545682893
4412,translated,1,0.2,1.3474383725083334
4413,substituted,1,0.2,1.0241789522498208
4414,paraphrased,1,0.2,0.9884299608084822
4415,mixed_text,1,0.2,1.739804414577106
4416,human_baseline,0,0.2,1.056487417365381
4417,original_ai,1,0.2,1.629987611482454
4418,translated,1,0.2,1.3816149028801723
4419,substituted,1,0.2,1.6011765257583923
4420,paraphrased,1,0.2,1.2536577960771147
4421,mixed_text,1,0.2,1.3818048474191669
4422,human_baseline,0,0.2,0.9217770802163572
4423,original_ai,1,0.2,1.2407896026288054
4424,translated,1,0.2,1.5697307909666989
4425,substituted,1,0.2,1.4146690569453202
4426,paraphrased,1,0.2,0.9616463387948556
4427,mixed_text,1,0.2,1.358229463754316
4428,human_baseline,0,0.2,0.9181004785786728
4429,original_ai,1,0.2,1.402288315050264
4430,translated,1,0.2,1.19810425292708
4431,substituted,1,0.2,0.9770705468967396
4432,paraphrased,1,0.2,0.8946128616761828
4433,mixed_text,1,0.2,1.1868367057283724
4434,human_baseline,0,0.2,1.0426448897307123
4435,original_ai,1,0.2,1.86027627944783
4436,translated,1,0.2,1.5640525846733064
4437,substituted,1,0.2,1.310857721193664
4438,paraphrased,1,0.2,1.2639021454239507
4439,mixed_text,1,0.2,1.463465696253737
4440,human_baseline,0,0.2,0.9295985546788996
4441,original_ai,1,0.2,1.657099607963179
4442,translated,1,0.2,1.4748856418502592
4443,substituted,1,0.2,1.5090252651705436
4444,paraphrased,1,0.2,1.3771633872016051
4445,mixed_text,1,0.2,1.3841845771360288
4446,human_baseline,0,0.2,0.9837625144318886
4447,original_ai,1,0.2,2.7200915510009644
4448,translated,1,0.2,1.8239663901333152
4449,substituted,1,0.2,1.5568380225289766
4450,paraphrased,1,0.2,1.1628409126675552
4451,mixed_text,1,0.2,2.341761258832408
4452,human_baseline,0,0.2,0.9209380376564466
4453,original_ai,1,0.2,1.6977405431355872
4454,translated,1,0.2,1.6257897092950977
4455,substituted,1,0.2,1.165614329897516
4456,paraphrased,1,0.2,1.3787522492712156
4457,mixed_text,1,0.2,1.2780738100819709
4458,human_baseline,0,0.2,0.8584810651696467
4459,original_ai,1,0.2,2.440234395933427
4460,translated,1,0.2,2.828906584445717
4461,substituted,1,0.2,1.6100559243517911
4462,paraphrased,1,0.2,1.369943532823205
4463,mixed_text,1,0.2,1.1608692080253795
4464,human_baseline,0,0.2,1.1028429969773956
4465,original_ai,1,0.2,1.4846733067268665
4466,translated,1,0.2,1.3096647437141284
4467,substituted,1,0.2,1.6103873042873829
4468,paraphrased,1,0.2,1.1510968327266446
4469,mixed_text,1,0.2,1.6830773085417876
4470,human_baseline,0,0.2,1.047224376936226
4471,original_ai,1,0.2,1.2054111335621736
4472,translated,1,0.2,1.3200664739360977
4473,substituted,1,0.2,1.1693163073810695
4474,paraphrased,1,0.2,0.9195026703872582
4475,mixed_text,1,0.2,1.2641003131312931
4476,human_baseline,0,0.2,1.036121054792315
4477,original_ai,1,0.2,2.6356829363543497
4478,translated,1,0.2,1.7658550704428515
4479,substituted,1,0.2,1.265069238724152
4480,paraphrased,1,0.2,1.5569854516502395
4481,mixed_text,1,0.2,1.7867550461693489
4482,human_baseline,0,0.2,1.068199441056629
4483,original_ai,1,0.2,1.745614151860853
4484,translated,1,0.2,1.668932530447508
4485,substituted,1,0.2,1.2068614435519804
4486,paraphrased,1,0.2,1.4659502214681197
4487,mixed_text,1,0.2,0.9504462462283833
4488,human_baseline,0,0.2,0.7469897457813504
4489,original_ai,1,0.2,1.704874125305927
4490,translated,1,0.2,1.3456025117195642
4491,substituted,1,0.2,1.4599960237687972
4492,paraphrased,1,0.2,1.0125958144815803
4493,mixed_text,1,0.2,1.0284500404667472
4494,human_baseline,0,0.2,0.8835342865928534
4495,original_ai,1,0.2,2.292282318499034
4496,translated,1,0.2,1.701539250356368
4497,substituted,1,0.2,1.332024184295547
4498,paraphrased,1,0.2,1.3570530797877003
4499,mixed_text,1,0.2,1.9068834006936335
4500,human_baseline,0,0.2,0.8957448552968552
4501,original_ai,1,0.2,2.3709740867754747
4502,translated,1,0.2,2.1832241570309443
4503,substituted,1,0.2,1.8660095657070352
4504,paraphrased,1,0.2,1.5371197226831723
4505,mixed_text,1,0.2,1.2822396609288134
4506,human_baseline,0,0.2,0.923072702014704
4507,original_ai,1,0.2,1.722853935169762
4508,translated,1,0.2,2.0734137622454414
4509,substituted,1,0.2,1.6970723920961004
4510,paraphrased,1,0.2,1.8939763717331977
4511,mixed_text,1,0.2,1.91285366249904
4512,human_baseline,0,0.2,0.9852150195045148
4513,original_ai,1,0.2,2.557724604377129
4514,translated,1,0.2,1.2194932867696824
4515,substituted,1,0.2,1.0994148078883228
4516,paraphrased,1,0.2,1.2028386377089595
4517,mixed_text,1,0.2,1.2420195566175771
4518,human_baseline,0,0.2,0.9455245285406249
4519,original_ai,1,0.2,1.8993043880358649
4520,translated,1,0.2,1.3549463542026876
4521,substituted,1,0.2,1.2323137115241298
4522,paraphrased,1,0.2,1.5879037191336876
4523,mixed_text,1,0.2,1.3103184328743351
4524,human_baseline,0,0.2,1.0919525003306174
4525,original_ai,1,0.2,1.8019167128340725
4526,translated,1,0.2,1.269121789049249
4527,substituted,1,0.2,2.0760225505951477
4528,paraphrased,1,0.2,1.417685547041327
4529,mixed_text,1,0.2,2.105006838086376
4530,human_baseline,0,0.2,0.972352291432569
4531,original_ai,1,0.2,3.35120746342062
4532,translated,1,0.2,2.5457082666548705
4533,substituted,1,0.2,1.394444773161336
4534,paraphrased,1,0.2,1.2430525333859797
4535,mixed_text,1,0.2,1.7777533079000267
4536,human_baseline,0,0.2,0.927350931301864
4537,original_ai,1,0.2,1.4392801320029789
4538,translated,1,0.2,1.4670027339783964
4539,substituted,1,0.2,1.0366810670271862
4540,paraphrased,1,0.2,1.4600847376382615
4541,mixed_text,1,0.2,1.2719916279942425
4542,human_baseline,0,0.2,1.2015054245539531
4543,original_ai,1,0.2,1.5717472911278505
4544,translated,1,0.2,1.646384875983235
4545,substituted,1,0.2,2.0027936415604017
4546,paraphrased,1,0.2,1.3039010194601053
4547,mixed_text,1,0.2,1.3123665437960346
4548,human_baseline,0,0.2,0.7829015784932307
4549,original_ai,1,0.2,1.545655512998005
4550,translated,1,0.2,1.5340286815887794
4551,substituted,1,0.2,1.9783699150535528
4552,paraphrased,1,0.2,0.6125040456355163
4553,mixed_text,1,0.2,1.0446408408045853
4554,human_baseline,0,0.2,0.9304093463884596
4555,original_ai,1,0.2,1.2156985129849425
4556,translated,1,0.2,1.28029118509979
4557,substituted,1,0.2,0.9766373776111614
4558,paraphrased,1,0.2,1.687315978346685
4559,mixed_text,1,0.2,1.0906106041298351
4560,human_baseline,0,0.2,1.092442287458082
4561,original_ai,1,0.2,1.3053215676301368
4562,translated,1,0.2,1.2667283924654251
4563,substituted,1,0.2,1.3629893398428543
4564,paraphrased,1,0.2,1.3250438076780735
4565,mixed_text,1,0.2,1.09270833728825
4566,human_baseline,0,0.2,1.9274766543484767
4567,original_ai,1,0.2,1.759412480166186
4568,translated,1,0.2,1.473985171707358
4569,substituted,1,0.2,1.3971304839433167
4570,paraphrased,1,0.2,1.236567056287584
4571,mixed_text,1,0.2,1.3797037026650611
4572,human_baseline,0,0.2,0.912606515657432
4573,original_ai,1,0.2,1.289389593694097
4574,translated,1,0.2,1.3954259253158272
4575,substituted,1,0.2,1.2638702353272389
4576,paraphrased,1,0.2,1.236549282514258
4577,mixed_text,1,0.2,0.92994531191427
4578,human_baseline,0,0.2,0.7695147185723092
4579,original_ai,1,0.2,1.8273913354037283
4580,translated,1,0.2,1.3344322718037531
4581,substituted,1,0.2,1.3443893351086265
4582,paraphrased,1,0.2,0.8244833931064178
4583,mixed_text,1,0.2,1.5689165868199886
4584,human_baseline,0,0.2,1.1366496003239537
4585,original_ai,1,0.2,1.15280355166917
4586,translated,1,0.2,1.1407035167169648
4587,substituted,1,0.2,0.898772518564566
4588,paraphrased,1,0.2,1.270040156801452
4589,mixed_text,1,0.2,0.8717095116290053
4590,human_baseline,0,0.2,0.9023497380219722
4591,original_ai,1,0.2,1.8991792475974592
4592,translated,1,0.2,1.5905623953857204
4593,substituted,1,0.2,1.417979666166422
4594,paraphrased,1,0.2,1.172572545855288
4595,mixed_text,1,0.2,1.1517113272105637
4596,human_baseline,0,0.2,0.7229243169610013
4597,original_ai,1,0.2,3.1563202036300573
4598,translated,1,0.2,2.893105971912088
4599,substituted,1,0.2,1.4906694464484729
4600,paraphrased,1,0.2,1.2351409616631523
4601,mixed_text,1,0.2,1.1844316491545066
4602,human_baseline,0,0.2,1.0385787761749627
4603,original_ai,1,0.2,1.9294716269693328
4604,translated,1,0.2,1.6098584964769005
4605,substituted,1,0.2,1.4671655997306536
4606,paraphrased,1,0.2,1.265385793635711
4607,mixed_text,1,0.2,1.3567991759696647
4608,human_baseline,0,0.2,0.8992298140330214
4609,original_ai,1,0.2,2.81783901440957
4610,translated,1,0.2,3.1678086419503915
4611,substituted,1,0.2,1.2672918956645962
4612,paraphrased,1,0.2,1.1800128942022177
4613,mixed_text,1,0.2,2.1308392160473777
4614,human_baseline,0,0.2,1.264625212560669
4615,original_ai,1,0.2,3.261805706250072
4616,translated,1,0.2,1.984839629610768
4617,substituted,1,0.2,1.6977497790682707
4618,paraphrased,1,0.2,1.887330941375607
4619,mixed_text,1,0.2,1.7825085171310435
4620,human_baseline,0,0.2,0.9734493733937428
4621,original_ai,1,0.2,1.1273913698279896
4622,translated,1,0.2,0.962479314178458
4623,substituted,1,0.2,0.8480262969585569
4624,paraphrased,1,0.2,0.9371427866882006
4625,mixed_text,1,0.2,1.2224550122998228
4626,human_baseline,0,0.2,0.9468090994704852
4627,original_ai,1,0.2,1.6928792882651251
4628,translated,1,0.2,1.7034542011761409
4629,substituted,1,0.2,1.4064260838303952
4630,paraphrased,1,0.2,1.411603238409878
4631,mixed_text,1,0.2,1.6859035661954087
4632,human_baseline,0,0.2,0.962026666009964
4633,original_ai,1,0.2,3.4857781601640947
4634,translated,1,0.2,2.543762346365324
4635,substituted,1,0.2,1.9463950921085456
4636,paraphrased,1,0.2,1.256400880571478
4637,mixed_text,1,0.2,2.736567498319446
4638,human_baseline,0,0.2,1.056337027319927
4639,original_ai,1,0.2,1.0973464722760649
4640,translated,1,0.2,1.1044912638042603
4641,substituted,1,0.2,1.74001026844978
4642,paraphrased,1,0.2,1.184359658233456
4643,mixed_text,1,0.2,1.3218548783817032
4644,human_baseline,0,0.2,1.3632504696338985
4645,original_ai,1,0.2,1.8878021494687507
4646,translated,1,0.2,1.7453667342136254
4647,substituted,1,0.2,1.2818751553783687
4648,paraphrased,1,0.2,1.591128833467638
4649,mixed_text,1,0.2,1.6916306053655163
4650,human_baseline,0,0.2,1.013779904202639
4651,original_ai,1,0.2,1.742836289304844
4652,translated,1,0.2,1.2893500403363505
4653,substituted,1,0.2,1.905990801084386
4654,paraphrased,1,0.2,1.0362105749991115
4655,mixed_text,1,0.2,1.1324758563033313
4656,human_baseline,0,0.2,0.6755548872374805
4657,original_ai,1,0.2,1.4244648175157986
4658,translated,1,0.2,1.3107532731423566
4659,substituted,1,0.2,1.0037346351190275
4660,paraphrased,1,0.2,0.9768987087930272
4661,mixed_text,1,0.2,1.6547690705990277
4662,human_baseline,0,0.2,0.8666350758646533
4663,original_ai,1,0.2,1.6275848689025447
4664,translated,1,0.2,1.556492320218577
4665,substituted,1,0.2,1.3189901300175584
4666,paraphrased,1,0.2,1.8287423716265656
4667,mixed_text,1,0.2,1.20140955477588
4668,human_baseline,0,0.2,0.965929385039526
4669,original_ai,1,0.2,2.467116415720185
4670,translated,1,0.2,1.8686831615454
4671,substituted,1,0.2,1.514351095573896
4672,paraphrased,1,0.2,1.8612058541596537
4673,mixed_text,1,0.2,1.445163390450496
4674,human_baseline,0,0.2,1.1128568779514387
4675,original_ai,1,0.2,1.4206804278347562
4676,translated,1,0.2,1.1944405431817406
4677,substituted,1,0.2,1.0620356624755236
4678,paraphrased,1,0.2,0.2906417013005326
4679,mixed_text,1,0.2,1.10607924702578
4680,human_baseline,0,0.2,0.7757658753552352
4681,original_ai,1,0.2,2.0926993651936825
4682,translated,1,0.2,2.0912186749354733
4683,substituted,1,0.2,1.4656329055483457
4684,paraphrased,1,0.2,1.567082102953077
4685,mixed_text,1,0.2,1.2034231008822511
4686,human_baseline,0,0.2,0.9234792851241084
4687,original_ai,1,0.2,1.615431568722823
4688,translated,1,0.2,1.199786550719099
4689,substituted,1,0.2,1.4882184271662202
4690,paraphrased,1,0.2,1.1634003300495068
4691,mixed_text,1,0.2,1.6970241378561524
4692,human_baseline,0,0.2,0.9474112864827072
4693,original_ai,1,0.2,2.933516080640478
4694,translated,1,0.2,2.247860547724803
4695,substituted,1,0.2,2.069377895084197
4696,paraphrased,1,0.2,2.0083958354638813
4697,mixed_text,1,0.2,1.1855400702399672
4698,human_baseline,0,0.2,0.9367564861498026
4699,original_ai,1,0.2,2.6560820715657143
4700,translated,1,0.2,2.22790830011842
4701,substituted,1,0.2,1.1368448551982615
4702,paraphrased,1,0.2,1.1212006982218858
4703,mixed_text,1,0.2,1.405839142311183
4704,human_baseline,0,0.2,1.1190050473732986
4705,original_ai,1,0.2,2.282825727382137
4706,translated,1,0.2,1.5770716904562556
4707,substituted,1,0.2,1.3411478712362692
4708,paraphrased,1,0.2,1.051611406130225
4709,mixed_text,1,0.2,1.5859071560517892
4710,human_baseline,0,0.2,0.7181724547151679
4711,original_ai,1,0.2,1.263446878964385
4712,translated,1,0.2,1.0046671638840912
4713,substituted,1,0.2,1.0818023940621466
4714,paraphrased,1,0.2,1.3089658489462288
4715,mixed_text,1,0.2,1.0806766444963654
4716,human_baseline,0,0.2,1.1436720121245572
4717,original_ai,1,0.2,1.2450936323008066
4718,translated,1,0.2,1.2072629811518605
4719,substituted,1,0.2,1.385779842782769
4720,paraphrased,1,0.2,1.3206159814461134
4721,mixed_text,1,0.2,1.6002499845073164
4722,human_baseline,0,0.2,0.9384742906550564
4723,original_ai,1,0.2,2.1281353880096234
4724,translated,1,0.2,2.30158378853052
4725,substituted,1,0.2,1.475048820291173
4726,paraphrased,1,0.2,0.7772411166425378
4727,mixed_text,1,0.2,1.5672806702782631
4728,human_baseline,0,0.2,0.669547296087631
4729,original_ai,1,0.2,1.4986295569448915
4730,translated,1,0.2,1.3392889945299318
4731,substituted,1,0.2,3.0445860731807626
4732,paraphrased,1,0.2,1.2054736610380608
4733,mixed_text,1,0.2,2.280792699201709
4734,human_baseline,0,0.2,0.7877616127915866
4735,original_ai,1,0.2,1.5383120869515683
4736,translated,1,0.2,1.322928729326409
4737,substituted,1,0.2,1.0810281315475911
4738,paraphrased,1,0.2,1.2781802644364706
4739,mixed_text,1,0.2,1.0050684986575271
4740,human_baseline,0,0.2,0.6988994670117062
4741,original_ai,1,0.2,1.4374891814830586
4742,translated,1,0.2,1.6841864104532709
4743,substituted,1,0.2,1.430538281853679
4744,paraphrased,1,0.2,1.519573434186798
4745,mixed_text,1,0.2,1.2454927595275247
4746,human_baseline,0,0.2,1.1018424368483135
4747,original_ai,1,0.2,1.6468127870825373
4748,translated,1,0.2,1.722583362266883
4749,substituted,1,0.2,1.8835316085176
4750,paraphrased,1,0.2,1.153579408981713
4751,mixed_text,1,0.2,1.3166651255816058
4752,human_baseline,0,0.2,1.1879159278374616
4753,original_ai,1,0.2,1.5904940963928544
4754,translated,1,0.2,1.495266591118986
4755,substituted,1,0.2,1.219307743527875
4756,paraphrased,1,0.2,1.1101780786617268
4757,mixed_text,1,0.2,1.4180513015954157
4758,human_baseline,0,0.2,0.8814311705020825
4759,original_ai,1,0.2,2.4387442820775447
4760,translated,1,0.2,2.284063630442781
4761,substituted,1,0.2,1.5704375541188085
4762,paraphrased,1,0.2,1.4222974676685158
4763,mixed_text,1,0.2,1.8644490945305356
4764,human_baseline,0,0.2,0.8205199798142226
4765,original_ai,1,0.2,2.993440843328673
4766,translated,1,0.2,2.610573917909348
4767,substituted,1,0.2,2.6030140742922767
4768,paraphrased,1,0.2,1.380781679626209
4769,mixed_text,1,0.2,2.1207604823167343
4770,human_baseline,0,0.2,0.95029890225521
4771,original_ai,1,0.2,2.604487308995365
4772,translated,1,0.2,2.605513621113482
4773,substituted,1,0.2,1.5625581488693403
4774,paraphrased,1,0.2,1.985442524971366
4775,mixed_text,1,0.2,1.5875041429721477
4776,human_baseline,0,0.2,0.745895708867322
4777,original_ai,1,0.2,2.205413279026514
4778,translated,1,0.2,2.005142090330049
4779,substituted,1,0.2,1.6152830524617483
4780,paraphrased,1,0.2,1.036729420091647
4781,mixed_text,1,0.2,1.6673462346118535
4782,human_baseline,0,0.2,0.8345934973517435
4783,original_ai,1,0.2,1.7964497215605806
4784,translated,1,0.2,1.0996481215344676
4785,substituted,1,0.2,1.4569352291514557
4786,paraphrased,1,0.2,1.2050696577400313
4787,mixed_text,1,0.2,1.011828000504898
4788,human_baseline,0,0.2,0.8702634290181192
4789,original_ai,1,0.2,1.917007351761324
4790,translated,1,0.2,1.858967421452636
4791,substituted,1,0.2,1.5623311176416343
4792,paraphrased,1,0.2,2.038741365755248
4793,mixed_text,1,0.2,2.513346787844126
4794,human_baseline,0,0.2,1.005664797594188
4795,original_ai,1,0.2,1.1856758653949064
4796,translated,1,0.2,1.0665951474540754
4797,substituted,1,0.2,0.8120880784334015
4798,paraphrased,1,0.2,1.0971583642837102
4799,mixed_text,1,0.2,1.1010676347839368
4800,human_baseline,0,0.2,1.281757044177509
4801,original_ai,1,0.2,2.7085747892127725
4802,translated,1,0.2,2.4844194589848536
4803,substituted,1,0.2,1.4401709816662558
4804,paraphrased,1,0.2,1.7443731370575666
4805,mixed_text,1,0.2,1.845319242303534
4806,human_baseline,0,0.2,0.8467501023434792
4807,original_ai,1,0.2,1.2305057974193043
4808,translated,1,0.2,1.0918734589654917
4809,substituted,1,0.2,1.2185137096844791
4810,paraphrased,1,0.2,1.0009269727427943
4811,mixed_text,1,0.2,1.140132759957026
4812,human_baseline,0,0.2,0.7963694759840829
4813,original_ai,1,0.2,1.7659207698818074
4814,translated,1,0.2,1.5802321982088383
4815,substituted,1,0.2,1.0373907531979856
4816,paraphrased,1,0.2,1.5412313220004414
4817,mixed_text,1,0.2,1.724390795386701
4818,human_baseline,0,0.2,0.750404020456042
4819,original_ai,1,0.2,1.3652921526480708
4820,translated,1,0.2,1.2087361024571257
4821,substituted,1,0.2,1.0009609962931898
4822,paraphrased,1,0.2,1.2838038849476745
4823,mixed_text,1,0.2,1.745047802555729
4824,human_baseline,0,0.2,0.7738801164626514
4825,original_ai,1,0.2,2.168624043181718
4826,translated,1,0.2,2.1018131320879148
4827,substituted,1,0.2,1.2405834662934552
4828,paraphrased,1,0.2,1.4677995212866133
4829,mixed_text,1,0.2,1.2643557893965216
4830,human_baseline,0,0.2,0.7909961030178233
4831,original_ai,1,0.2,3.0556440726200806
4832,translated,1,0.2,2.820033374361824
4833,substituted,1,0.2,1.162431212664307
4834,paraphrased,1,0.2,1.8323539325656288
4835,mixed_text,1,0.2,1.4142617870609528
4836,human_baseline,0,0.2,1.4392256989895624
4837,original_ai,1,0.2,2.1692546712091203
4838,translated,1,0.2,1.2462671481547831
4839,substituted,1,0.2,1.8659647581773704
4840,paraphrased,1,0.2,1.1977024022582246
4841,mixed_text,1,0.2,1.0887676661668455
4842,human_baseline,0,0.2,0.7827180580336986
4843,original_ai,1,0.2,1.2116323316188526
4844,translated,1,0.2,1.2189526469810457
4845,substituted,1,0.2,1.0260011706222707
4846,paraphrased,1,0.2,1.0074126706321251
4847,mixed_text,1,0.2,1.0545865710245912
4848,human_baseline,0,0.2,1.1209287671008816
4849,original_ai,1,0.2,1.6551006900456016
4850,translated,1,0.2,1.6569064387428212
4851,substituted,1,0.2,1.2087670208989436
4852,paraphrased,1,0.2,1.4879147664394727
4853,mixed_text,1,0.2,1.1765961771537818
4854,human_baseline,0,0.2,1.0256197860467111
4855,original_ai,1,0.2,1.5910279082207135
4856,translated,1,0.2,1.919740897243936
4857,substituted,1,0.2,2.3566657532629893
4858,paraphrased,1,0.2,1.4956827837670577
4859,mixed_text,1,0.2,2.059472911466404
4860,human_baseline,0,0.2,1.4770214873967231
4861,original_ai,1,0.2,1.559896996956009
4862,translated,1,0.2,1.6324517761713446
4863,substituted,1,0.2,1.145495624568325
4864,paraphrased,1,0.2,1.2730382625501044
4865,mixed_text,1,0.2,1.158681144071872
4866,human_baseline,0,0.2,0.8188250910428275
4867,original_ai,1,0.2,1.9195296446123868
4868,translated,1,0.2,1.24500735429383
4869,substituted,1,0.2,1.475949504356892
4870,paraphrased,1,0.2,1.6193524606173295
4871,mixed_text,1,0.2,1.230697011349494
4872,human_baseline,0,0.2,0.8479227519237196
4873,original_ai,1,0.2,2.537911771350024
4874,translated,1,0.2,2.1055568838824037
4875,substituted,1,0.2,1.574854609328477
4876,paraphrased,1,0.2,2.1312249631999167
4877,mixed_text,1,0.2,1.437066331135854
4878,human_baseline,0,0.2,0.964430024388418
4879,original_ai,1,0.2,1.595945039680028
4880,translated,1,0.2,1.8526592409895115
4881,substituted,1,0.2,1.3442088236179013
4882,paraphrased,1,0.2,1.340289239794056
4883,mixed_text,1,0.2,1.2807452685191445
4884,human_baseline,0,0.2,0.6957975557542868
4885,original_ai,1,0.2,1.879752612181758
4886,translated,1,0.2,1.1700493164730803
4887,substituted,1,0.2,1.541288734134164
4888,paraphrased,1,0.2,1.413561217461521
4889,mixed_text,1,0.2,1.3938911589791636
4890,human_baseline,0,0.2,1.2046675697333813
4891,original_ai,1,0.2,1.3521201962298108
4892,translated,1,0.2,1.085762984593572
4893,substituted,1,0.2,1.2375475239298237
4894,paraphrased,1,0.2,1.2719521568921548
4895,mixed_text,1,0.2,1.7552498624597717
4896,human_baseline,0,0.2,1.1274554360086997
4897,original_ai,1,0.2,1.9005198385571245
4898,translated,1,0.2,1.4457215766645226
4899,substituted,1,0.2,1.9620512192894068
4900,paraphrased,1,0.2,1.4067950253338384
4901,mixed_text,1,0.2,1.0179938981096022
4902,human_baseline,0,0.2,1.6859577725910109
4903,original_ai,1,0.2,1.271823136150212
4904,translated,1,0.2,1.3042487708657886
4905,substituted,1,0.2,1.3488666924429826
4906,paraphrased,1,0.2,1.0435698518245935
4907,mixed_text,1,0.2,1.3672318609558332
4908,human_baseline,0,0.2,1.2450541994404798
4909,original_ai,1,0.2,1.1226877538229512
4910,translated,1,0.2,1.093651884987168
4911,substituted,1,0.2,0.9009358045225114
4912,paraphrased,1,0.2,0.9897071628019856
4913,mixed_text,1,0.2,1.2909857854000542
4914,human_baseline,0,0.2,0.8607912447352373
4915,original_ai,1,0.2,1.5062927229301737
4916,translated,1,0.2,1.9299857758610053
4917,substituted,1,0.2,1.0588628009111505
4918,paraphrased,1,0.2,1.453270444214206
4919,mixed_text,1,0.2,0.8844500929173849
4920,human_baseline,0,0.2,0.9813596890286252
4921,original_ai,1,0.2,2.505241614549156
4922,translated,1,0.2,1.8727905833652672
4923,substituted,1,0.2,1.553623932263933
4924,paraphrased,1,0.2,1.4765680341707863
4925,mixed_text,1,0.2,1.4300606584132172
4926,human_baseline,0,0.2,1.311881847490915
4927,original_ai,1,0.2,1.6283635115292252
4928,translated,1,0.2,2.21946587362267
4929,substituted,1,0.2,1.5259162713688137
4930,paraphrased,1,0.2,1.3069773104499316
4931,mixed_text,1,0.2,1.766952726626091
4932,human_baseline,0,0.2,1.4032162103169945
4933,original_ai,1,0.2,1.4472451846256338
4934,translated,1,0.2,1.387486568727396
4935,substituted,1,0.2,1.0931384012417744
4936,paraphrased,1,0.2,1.2302495826615707
4937,mixed_text,1,0.2,1.2135102568833975
4938,human_baseline,0,0.2,1.0517189869509411
4939,original_ai,1,0.2,1.2606510462520495
4940,translated,1,0.2,1.1571985761376773
4941,substituted,1,0.2,1.2446428136078649
4942,paraphrased,1,0.2,1.3523397292036965
4943,mixed_text,1,0.2,1.0933992168204092
4944,human_baseline,0,0.2,1.166469947299506
4945,original_ai,1,0.2,1.1684766645222924
4946,translated,1,0.2,1.007386768446184
4947,substituted,1,0.2,1.1536854786122843
4948,paraphrased,1,0.2,1.289880499569716
4949,mixed_text,1,0.2,1.3535341697712138
4950,human_baseline,0,0.2,0.8173068566076519
4951,original_ai,1,0.2,2.7413815782093955
4952,translated,1,0.2,2.4686736837812333
4953,substituted,1,0.2,1.386764097378403
4954,paraphrased,1,0.2,1.5788178798180226
4955,mixed_text,1,0.2,1.350352526199322
4956,human_baseline,0,0.2,0.6112783012055344
4957,original_ai,1,0.2,2.105409362225366
4958,translated,1,0.2,1.535329131565521
4959,substituted,1,0.2,1.330342535879366
4960,paraphrased,1,0.2,1.5330105746517315
4961,mixed_text,1,0.2,1.538636259117575
4962,human_baseline,0,0.2,1.1703811028676347
4963,original_ai,1,0.2,1.3110913596850786
4964,translated,1,0.2,1.3959037395553529
4965,substituted,1,0.2,1.2867854358798625
4966,paraphrased,1,0.2,1.2373267203837963
4967,mixed_text,1,0.2,1.1318028053311833
4968,human_baseline,0,0.2,0.7170450004835128
4969,original_ai,1,0.2,2.802005187104389
4970,translated,1,0.2,3.0225702102991505
4971,substituted,1,0.2,2.332333338831938
4972,paraphrased,1,0.2,1.8902479905187923
4973,mixed_text,1,0.2,1.290068886821161
4974,human_baseline,0,0.2,1.0681602343343075
4975,original_ai,1,0.2,1.740861705799977
4976,translated,1,0.2,1.829179952984129
4977,substituted,1,0.2,1.717332937722319
4978,paraphrased,1,0.2,1.409228020699943
4979,mixed_text,1,0.2,1.7106300795534284
4980,human_baseline,0,0.2,0.9732612562872064
4981,original_ai,1,0.2,1.799454154609364
4982,translated,1,0.2,2.0900062890442594
4983,substituted,1,0.2,1.348054832756626
4984,paraphrased,1,0.2,1.1670837113344128
4985,mixed_text,1,0.2,1.6842547185706056
4986,human_baseline,0,0.2,0.8048708332975592
4987,original_ai,1,0.2,2.2573246742172866
4988,translated,1,0.2,2.1868794540194227
4989,substituted,1,0.2,1.6208635719582256
4990,paraphrased,1,0.2,0.9191989645832764
4991,mixed_text,1,0.2,1.852619060970837
4992,human_baseline,0,0.2,0.8467682330821713
4993,original_ai,1,0.2,1.3552079831604382
4994,translated,1,0.2,1.6409287994930308
4995,substituted,1,0.2,1.3912134338240707
4996,paraphrased,1,0.2,1.6464894888540222
4997,mixed_text,1,0.2,1.2602947665123856
4998,human_baseline,0,0.2,0.8396776643091913
4999,original_ai,1,0.2,2.414057457442357
5000,translated,1,0.2,1.7389257934056377
5001,substituted,1,0.2,1.700928250567455
5002,paraphrased,1,0.2,0.6977802987126379
5003,mixed_text,1,0.2,0.9481559921167574
5004,human_baseline,0,0.2,1.1297566168459583
5005,original_ai,1,0.2,2.768280565939123
5006,translated,1,0.2,1.559067913049251
5007,substituted,1,0.2,1.6488839331135672
5008,paraphrased,1,0.2,2.147513420483794
5009,mixed_text,1,0.2,1.3106941699646737
5010,human_baseline,0,0.2,0.9134723491682658
5011,original_ai,1,0.2,2.425682926443716
5012,translated,1,0.2,1.670552431225922
5013,substituted,1,0.2,1.784662564928966
5014,paraphrased,1,0.2,2.107377887177145
5015,mixed_text,1,0.2,1.0389402681844833
5016,human_baseline,0,0.2,0.9569809185913916
5017,original_ai,1,0.2,1.1541897124693248
5018,translated,1,0.2,1.0475932514222743
5019,substituted,1,0.2,0.9787360014262284
5020,paraphrased,1,0.2,1.0314075369579778
5021,mixed_text,1,0.2,1.403587554283542
5022,human_baseline,0,0.2,0.7261972552497217
5023,original_ai,1,0.2,2.3501697866034608
5024,translated,1,0.2,2.1702870509399825
5025,substituted,1,0.2,1.9722960740783164
5026,paraphrased,1,0.2,1.3791829816053056
5027,mixed_text,1,0.2,0.9293685031669392
5028,human_baseline,0,0.2,1.2976233730973483
5029,original_ai,1,0.2,2.273151706170504
5030,translated,1,0.2,1.976340006409836
5031,substituted,1,0.2,1.774095422945276
5032,paraphrased,1,0.2,1.5235744261807465
5033,mixed_text,1,0.2,1.296234273572079
5034,human_baseline,0,0.2,1.0811502837528062
5035,original_ai,1,0.2,1.3160555236707268
5036,translated,1,0.2,1.1414069681912868
5037,substituted,1,0.2,0.9316278719293838
5038,paraphrased,1,0.2,1.262139798557175
5039,mixed_text,1,0.2,1.156332938564177
5040,human_baseline,0,0.2,0.8754190929628102
5041,original_ai,1,0.2,1.3259722395691569
5042,translated,1,0.2,1.1167153395503369
5043,substituted,1,0.2,1.7277752246843627
5044,paraphrased,1,0.2,1.0641093527336265
5045,mixed_text,1,0.2,1.3721430152437308
5046,human_baseline,0,0.2,1.1963601845670353
5047,original_ai,1,0.2,1.8067396975303327
5048,translated,1,0.2,1.6974281709446335
5049,substituted,1,0.2,1.381306212010354
5050,paraphrased,1,0.2,1.464547978822825
5051,mixed_text,1,0.2,1.347935628957286
5052,human_baseline,0,0.2,0.8772004146193787
5053,original_ai,1,0.2,1.4807730612850325
5054,translated,1,0.2,1.559356825964757
5055,substituted,1,0.2,1.1009987122077085
5056,paraphrased,1,0.2,1.001593211434382
5057,mixed_text,1,0.2,1.3223358508399463
5058,human_baseline,0,0.2,0.8080900478254808
5059,original_ai,1,0.2,1.1966110657052544
5060,translated,1,0.2,1.1093887890249103
5061,substituted,1,0.2,2.117825776979441
5062,paraphrased,1,0.2,1.1577405973908843
5063,mixed_text,1,0.2,1.0595712920739646
5064,human_baseline,0,0.2,1.0925289953116004
5065,original_ai,1,0.2,1.6438302743417208
5066,translated,1,0.2,1.688360691287211
5067,substituted,1,0.2,1.5526406653832503
5068,paraphrased,1,0.2,1.0771878298848854
5069,mixed_text,1,0.2,1.9566129535529453
5070,human_baseline,0,0.2,0.9080434392037902
5071,original_ai,1,0.2,1.9135347253101795
5072,translated,1,0.2,1.421505179340411
5073,substituted,1,0.2,2.3962788862927904
5074,paraphrased,1,0.2,1.4054392113578296
5075,mixed_text,1,0.2,1.7713599718152309
5076,human_baseline,0,0.2,0.996293515882974
5077,original_ai,1,0.2,2.310975758107046
5078,translated,1,0.2,2.0619997675653607
5079,substituted,1,0.2,1.7362092663745543
5080,paraphrased,1,0.2,2.0864490034008325
5081,mixed_text,1,0.2,1.5280454071135825
5082,human_baseline,0,0.2,0.9575021610906072
5083,original_ai,1,0.2,3.2583520064171783
5084,translated,1,0.2,2.279604555820432
5085,substituted,1,0.2,1.7556882463919432
5086,paraphrased,1,0.2,1.4277988447995804
5087,mixed_text,1,0.2,1.6276588539872583
5088,human_baseline,0,0.2,0.6392140353145717
5089,original_ai,1,0.2,1.048040801141765
5090,translated,1,0.2,1.053933391557763
5091,substituted,1,0.2,1.1140687160332587
5092,paraphrased,1,0.2,0.881245141990573
5093,mixed_text,1,0.2,0.9884171040529048
5094,human_baseline,0,0.2,0.826604086673859
5095,original_ai,1,0.2,2.264522594454014
5096,translated,1,0.2,1.7099815894887411
5097,substituted,1,0.2,2.570960103627772
5098,paraphrased,1,0.2,1.3934437401528743
5099,mixed_text,1,0.2,1.2477278734383257
5100,human_baseline,0,0.2,0.7193218221647184
5101,original_ai,1,0.2,2.616662480750385
5102,translated,1,0.2,1.748875465234075
5103,substituted,1,0.2,1.854764215488427
5104,paraphrased,1,0.2,1.382898817598751
5105,mixed_text,1,0.2,1.421610526249519
5106,human_baseline,0,0.2,0.9204332916741044
5107,original_ai,1,0.2,2.112838555111101
5108,translated,1,0.2,1.5926453438997703
5109,substituted,1,0.2,1.0441930964046449
5110,paraphrased,1,0.2,1.544465320113367
5111,mixed_text,1,0.2,1.6658192609179014
5112,human_baseline,0,0.2,1.23551850709207
5113,original_ai,1,0.2,1.7383276972120745
5114,translated,1,0.2,1.440178337210844
5115,substituted,1,0.2,1.6974776493193084
5116,paraphrased,1,0.2,1.340997911114408
5117,mixed_text,1,0.2,1.7737426053989274
5118,human_baseline,0,0.2,1.2601073852753637
5119,original_ai,1,0.2,1.5413379170073414
5120,translated,1,0.2,1.5685709488933122
5121,substituted,1,0.2,1.4016649427281898
5122,paraphrased,1,0.2,1.1147071335519132
5123,mixed_text,1,0.2,1.126767827961646
5124,human_baseline,0,0.2,0.9927166708138472
5125,original_ai,1,0.2,2.006753608581739
5126,translated,1,0.2,1.6956789218416497
5127,substituted,1,0.2,1.3914293292346138
5128,paraphrased,1,0.2,0.9877601244135124
5129,mixed_text,1,0.2,1.1247964643310384
5130,human_baseline,0,0.2,1.1636222625005923
5131,original_ai,1,0.2,1.5964517070922932
5132,translated,1,0.2,1.1604323991035477
5133,substituted,1,0.2,1.3500947669946162
5134,paraphrased,1,0.2,1.3662897657747328
5135,mixed_text,1,0.2,1.0022679114945074
5136,human_baseline,0,0.2,0.9219764158442098
5137,original_ai,1,0.2,2.6814366214901657
5138,translated,1,0.2,1.95018847665711
5139,substituted,1,0.2,2.1091656845991245
5140,paraphrased,1,0.2,1.2082142667779188
5141,mixed_text,1,0.2,1.3721250752338383
5142,human_baseline,0,0.2,0.8103898549500836
5143,original_ai,1,0.2,1.5949398294072887
5144,translated,1,0.2,1.4418307872621563
5145,substituted,1,0.2,1.433465986387918
5146,paraphrased,1,0.2,1.1168729993256463
5147,mixed_text,1,0.2,1.4227734841443611
5148,human_baseline,0,0.2,0.7615226699096703
5149,original_ai,1,0.2,1.4309950897583916
5150,translated,1,0.2,1.4223885313478115
5151,substituted,1,0.2,1.0601508188293376
5152,paraphrased,1,0.2,1.244804680590735
5153,mixed_text,1,0.2,1.0849648565626535
5154,human_baseline,0,0.2,1.0151909174260731
5155,original_ai,1,0.2,1.432971073683774
5156,translated,1,0.2,1.506973569746138
5157,substituted,1,0.2,1.1160873874787245
5158,paraphrased,1,0.2,1.7651899137372111
5159,mixed_text,1,0.2,1.4483592982925533
5160,human_baseline,0,0.2,1.0387964455319116
5161,original_ai,1,0.2,1.3073262497150877
5162,translated,1,0.2,1.112866699101683
5163,substituted,1,0.2,1.2166877448653108
5164,paraphrased,1,0.2,1.1340398282706547
5165,mixed_text,1,0.2,0.9873242350337748
5166,human_baseline,0,0.2,1.2550768207641718
5167,original_ai,1,0.2,0.9431179084794769
5168,translated,1,0.2,0.8998750069553205
5169,substituted,1,0.2,1.2526432240585548
5170,paraphrased,1,0.2,1.0103692973286285
5171,mixed_text,1,0.2,1.3641133611094165
5172,human_baseline,0,0.2,1.040110410676994
5173,original_ai,1,0.2,1.5081200197409277
5174,translated,1,0.2,1.0712110992292307
5175,substituted,1,0.2,1.6547089598654665
5176,paraphrased,1,0.2,1.0666674968361285
5177,mixed_text,1,0.2,1.5830797644649273
5178,human_baseline,0,0.2,0.9604812308866232
5179,original_ai,1,0.2,1.8391502823742525
5180,translated,1,0.2,1.7162497012562374
5181,substituted,1,0.2,1.1537072120127243
5182,paraphrased,1,0.2,1.433480323942598
5183,mixed_text,1,0.2,1.3702470470669108
5184,human_baseline,0,0.2,0.9156927270482872
5185,original_ai,1,0.2,2.1441608776275567
5186,translated,1,0.2,2.180992765891377
5187,substituted,1,0.2,1.427070950666175
5188,paraphrased,1,0.2,0.9291783939556272
5189,mixed_text,1,0.2,1.274753536726284
5190,human_baseline,0,0.2,1.205646625382936
5191,original_ai,1,0.2,1.8402387466142056
5192,translated,1,0.2,1.690319401244759
5193,substituted,1,0.2,1.4627518344495058
5194,paraphrased,1,0.2,1.494175797282011
5195,mixed_text,1,0.2,1.772409236530133
5196,human_baseline,0,0.2,0.9697446849036696
5197,original_ai,1,0.2,1.8060537417956917
5198,translated,1,0.2,1.802222271556314
5199,substituted,1,0.2,1.3917072975463478
5200,paraphrased,1,0.2,1.6663125885417671
5201,mixed_text,1,0.2,1.4011580877980072
5202,human_baseline,0,0.2,0.861905133586842
5203,original_ai,1,0.2,2.6417728055293592
5204,translated,1,0.2,1.9723577509946808
5205,substituted,1,0.2,2.0274342741730145
5206,paraphrased,1,0.2,1.1220352130915623
5207,mixed_text,1,0.2,1.2357555847405202
5208,human_baseline,0,0.2,0.9205891219965184
5209,original_ai,1,0.2,3.3749910816637696
5210,translated,1,0.2,3.3606016919380584
5211,substituted,1,0.2,1.892834228671402
5212,paraphrased,1,0.2,1.9974995515530736
5213,mixed_text,1,0.2,1.6723276228757626
5214,human_baseline,0,0.2,0.9475159377358314
5215,original_ai,1,0.2,2.957581881635965
5216,translated,1,0.2,2.1073462701023566
5217,substituted,1,0.2,1.8577924094023248
5218,paraphrased,1,0.2,1.7230062802770734
5219,mixed_text,1,0.2,2.5834828904373053
5220,human_baseline,0,0.2,0.9563376322249862
5221,original_ai,1,0.2,2.604073513628044
5222,translated,1,0.2,1.9849972369401068
5223,substituted,1,0.2,1.87796248028852
5224,paraphrased,1,0.2,1.3767415438541248
5225,mixed_text,1,0.2,1.7212667509037565
5226,human_baseline,0,0.2,1.0042818971524303
5227,original_ai,1,0.2,1.1292926991957428
5228,translated,1,0.2,1.2669299880949485
5229,substituted,1,0.2,1.2225743240992508
5230,paraphrased,1,0.2,1.1790654420459112
5231,mixed_text,1,0.2,1.4996033613935948
5232,human_baseline,0,0.2,1.1585784828573231
5233,original_ai,1,0.2,1.6925846954641923
5234,translated,1,0.2,1.429233867655318
5235,substituted,1,0.2,1.0656515667558206
5236,paraphrased,1,0.2,1.6017289237293604
5237,mixed_text,1,0.2,1.0807049989857933
5238,human_baseline,0,0.2,0.8667789390693877
5239,original_ai,1,0.2,2.3615268793254267
5240,translated,1,0.2,2.171415553367835
5241,substituted,1,0.2,1.458824626949481
5242,paraphrased,1,0.2,1.5680697383172135
5243,mixed_text,1,0.2,1.5433686513420044
5244,human_baseline,0,0.2,1.0705200511127315
5245,original_ai,1,0.2,1.6156309440131291
5246,translated,1,0.2,1.3961934343557985
5247,substituted,1,0.2,1.04462319723311
5248,paraphrased,1,0.2,1.4122149953658665
5249,mixed_text,1,0.2,1.287247878573876
5250,human_baseline,0,0.2,0.7443322681207732
5251,original_ai,1,0.2,1.7807311693533086
5252,translated,1,0.2,1.6636934292342656
5253,substituted,1,0.2,1.2979797259987926
5254,paraphrased,1,0.2,1.3760299039387047
5255,mixed_text,1,0.2,1.4568236986025132
5256,human_baseline,0,0.2,1.715563656167547
5257,original_ai,1,0.2,3.2693171531515857
5258,translated,1,0.2,2.732356466057689
5259,substituted,1,0.2,1.3728289355389756
5260,paraphrased,1,0.2,1.3234269754372423
5261,mixed_text,1,0.2,2.5606005327405543
5262,human_baseline,0,0.2,1.2107545104306277
5263,original_ai,1,0.2,1.6826897608665317
5264,translated,1,0.2,1.6948992250432868
5265,substituted,1,0.2,1.4694096422965968
5266,paraphrased,1,0.2,1.4945679968067649
5267,mixed_text,1,0.2,1.9928621624249496
5268,human_baseline,0,0.2,0.7848180707817296
5269,original_ai,1,0.2,2.9632279373480555
5270,translated,1,0.2,2.115435398489599
5271,substituted,1,0.2,1.7169724767660717
5272,paraphrased,1,0.2,1.7625135046536962
5273,mixed_text,1,0.2,1.249737332639672
5274,human_baseline,0,0.2,1.0386621699414569
5275,original_ai,1,0.2,1.9902729815169804
5276,translated,1,0.2,1.517001753642374
5277,substituted,1,0.2,1.9546214944184117
5278,paraphrased,1,0.2,1.075801119540576
5279,mixed_text,1,0.2,1.2450401139053595
5280,human_baseline,0,0.2,0.8719061256326758
5281,original_ai,1,0.2,2.0604471788464505
5282,translated,1,0.2,1.432745372809706
5283,substituted,1,0.2,1.494587334614987
5284,paraphrased,1,0.2,1.8558633584360016
5285,mixed_text,1,0.2,1.2783952060487254
5286,human_baseline,0,0.2,0.9503838717258812
5287,original_ai,1,0.2,2.0271828214363543
5288,translated,1,0.2,1.7669236796167525
5289,substituted,1,0.2,1.249505963901978
5290,paraphrased,1,0.2,1.538088425966865
5291,mixed_text,1,0.2,2.056825753017694
5292,human_baseline,0,0.2,0.8299777369124739
5293,original_ai,1,0.2,3.6638385195829857
5294,translated,1,0.2,3.029417619723847
5295,substituted,1,0.2,1.8837886199129823
5296,paraphrased,1,0.2,1.4591236712435411
5297,mixed_text,1,0.2,2.178439507542423
5298,human_baseline,0,0.2,0.939420505643372
5299,original_ai,1,0.2,2.503562810207756
5300,translated,1,0.2,2.003664798392464
5301,substituted,1,0.2,1.065998369159632
5302,paraphrased,1,0.2,1.1256409418305549
5303,mixed_text,1,0.2,1.4971023385513342
5304,human_baseline,0,0.2,0.8499404183418394
5305,original_ai,1,0.2,1.4741650063968514
5306,translated,1,0.2,1.5317489660933186
5307,substituted,1,0.2,1.6497201464242912
5308,paraphrased,1,0.2,0.5345255714464435
5309,mixed_text,1,0.2,1.365375464918701
5310,human_baseline,0,0.2,1.141097221212474
5311,original_ai,1,0.2,1.431282532201887
5312,translated,1,0.2,1.384192029071998
5313,substituted,1,0.2,1.1604660838069636
5314,paraphrased,1,0.2,0.7582162098847713
5315,mixed_text,1,0.2,1.3019295022722497
5316,human_baseline,0,0.2,0.9254773734558293
5317,original_ai,1,0.2,1.3626127334873843
5318,translated,1,0.2,1.267384130871788
5319,substituted,1,0.2,1.0383077353857022
5320,paraphrased,1,0.2,0.9663533696093988
5321,mixed_text,1,0.2,1.406690850080483
5322,human_baseline,0,0.2,0.8327422034550563
5323,original_ai,1,0.2,1.4629633771114046
5324,translated,1,0.2,1.28214391903228
5325,substituted,1,0.2,1.248041400507729
5326,paraphrased,1,0.2,1.4489127737463998
5327,mixed_text,1,0.2,0.9844961311731472
5328,human_baseline,0,0.2,0.782265730510021
5329,original_ai,1,0.2,1.8298131347879416
5330,translated,1,0.2,1.8355038452117856
5331,substituted,1,0.2,1.452654252761327
5332,paraphrased,1,0.2,1.2584020548011745
5333,mixed_text,1,0.2,1.106318306695697
5334,human_baseline,0,0.2,0.8545339244025173
5335,original_ai,1,0.2,1.341100010236611
5336,translated,1,0.2,1.0803167673382512
5337,substituted,1,0.2,1.1447464307773836
5338,paraphrased,1,0.2,1.2515083491345516
5339,mixed_text,1,0.2,1.904400130760103
5340,human_baseline,0,0.2,0.9240054614058006
5341,original_ai,1,0.2,2.662313188039209
5342,translated,1,0.2,2.2013729529237263
5343,substituted,1,0.2,2.0522517131805533
5344,paraphrased,1,0.2,1.4504299277385826
5345,mixed_text,1,0.2,1.6547205322920784
5346,human_baseline,0,0.2,0.6417913368421791
5347,original_ai,1,0.2,3.152882124296473
5348,translated,1,0.2,2.417155376696228
5349,substituted,1,0.2,2.181456471411314
5350,paraphrased,1,0.2,1.4498609215943938
5351,mixed_text,1,0.2,2.04060895702334
5352,human_baseline,0,0.2,1.002061768468813
5353,original_ai,1,0.2,1.2680061007289778
5354,translated,1,0.2,1.4240985395929349
5355,substituted,1,0.2,1.0738570792036894
5356,paraphrased,1,0.2,1.1867261465755066
5357,mixed_text,1,0.2,2.0663002460270405
5358,human_baseline,0,0.2,1.1411600419360677
5359,original_ai,1,0.2,1.2810278988977315
5360,translated,1,0.2,1.0678029607724635
5361,substituted,1,0.2,1.2585542054850627
5362,paraphrased,1,0.2,0.9772322627001534
5363,mixed_text,1,0.2,1.8772747465323256
5364,human_baseline,0,0.2,1.0729561499102824
5365,original_ai,1,0.2,1.2983336210228449
5366,translated,1,0.2,1.3630627693399695
5367,substituted,1,0.2,1.1150636231593396
5368,paraphrased,1,0.2,1.1558306399696658
5369,mixed_text,1,0.2,2.262261079716923
5370,human_baseline,0,0.2,0.82569390898213
5371,original_ai,1,0.2,1.9209120662857968
5372,translated,1,0.2,1.6553789766752238
5373,substituted,1,0.2,1.6788973845664363
5374,paraphrased,1,0.2,1.3263113059879732
5375,mixed_text,1,0.2,0.8713210549418502
5376,human_baseline,0,0.2,0.8141047808149949
5377,original_ai,1,0.2,1.133766816960465
5378,translated,1,0.2,1.20703075069634
5379,substituted,1,0.2,1.3172817870437643
5380,paraphrased,1,0.2,1.2607200488377497
5381,mixed_text,1,0.2,1.3317681593457211
5382,human_baseline,0,0.2,1.2078613886341063
5383,original_ai,1,0.2,1.867095567704622
5384,translated,1,0.2,1.2740088272739751
5385,substituted,1,0.2,1.5389872146606736
5386,paraphrased,1,0.2,1.0385132069163108
5387,mixed_text,1,0.2,1.9376911960470244
5388,human_baseline,0,0.2,0.9220099661505444
5389,original_ai,1,0.2,1.709628793992491
5390,translated,1,0.2,1.0253860466028648
5391,substituted,1,0.2,1.054583059654001
5392,paraphrased,1,0.2,0.9138598962077568
5393,mixed_text,1,0.2,1.336138723172322
5394,human_baseline,0,0.2,0.8967420807047022
5395,original_ai,1,0.2,0.8909107882605949
5396,translated,1,0.2,1.0660423975975657
5397,substituted,1,0.2,1.0622486946218803
5398,paraphrased,1,0.2,1.0625058394767466
5399,mixed_text,1,0.2,1.001171492925599
5400,human_baseline,0,0.2,0.8904489414215
5401,original_ai,1,0.2,2.1484284265707765
5402,translated,1,0.2,1.8134056866466857
5403,substituted,1,0.2,1.3983455137847245
5404,paraphrased,1,0.2,1.647973963590273
5405,mixed_text,1,0.2,1.4445424817461874
5406,human_baseline,0,0.2,0.9429250953491424
5407,original_ai,1,0.2,2.163189494592705
5408,translated,1,0.2,1.6561350164931872
5409,substituted,1,0.2,1.4597639730167105
5410,paraphrased,1,0.2,1.2551307485864265
5411,mixed_text,1,0.2,1.3098467875507986
5412,human_baseline,0,0.2,0.8611106385233369
5413,original_ai,1,0.2,1.8218774168677223
5414,translated,1,0.2,1.5463477141220947
5415,substituted,1,0.2,1.3766403773715628
5416,paraphrased,1,0.2,1.0829486486355944
5417,mixed_text,1,0.2,1.2564729278102018
5418,human_baseline,0,0.2,1.1942634352877437
5419,original_ai,1,0.2,4.174580932989687
5420,translated,1,0.2,2.068677869876172
5421,substituted,1,0.2,1.3007417994670265
5422,paraphrased,1,0.2,1.9743617600658308
5423,mixed_text,1,0.2,2.649038114930036
5424,human_baseline,0,0.2,0.7076170717283875
5425,original_ai,1,0.2,2.742110348558267
5426,translated,1,0.2,2.4781165044606523
5427,substituted,1,0.2,1.6232235255638576
5428,paraphrased,1,0.2,1.6825676944239496
5429,mixed_text,1,0.2,1.167548695223257
5430,human_baseline,0,0.2,0.9058862560755856
5431,original_ai,1,0.2,2.1971057760967505
5432,translated,1,0.2,1.568160190320913
5433,substituted,1,0.2,1.3454954219471622
5434,paraphrased,1,0.2,1.8164331306071928
5435,mixed_text,1,0.2,1.7388543002501025
5436,human_baseline,0,0.2,0.9551001906073404
5437,original_ai,1,0.2,1.7015789988462555
5438,translated,1,0.2,1.226964112314242
5439,substituted,1,0.2,1.437849125852183
5440,paraphrased,1,0.2,0.8143999543380902
5441,mixed_text,1,0.2,1.6934680058706246
5442,human_baseline,0,0.2,1.3003111467322856
5443,original_ai,1,0.2,1.8219945940367483
5444,translated,1,0.2,1.579937264636848
5445,substituted,1,0.2,1.4030637514785194
5446,paraphrased,1,0.2,1.4582169708160195
5447,mixed_text,1,0.2,1.4364562920990942
5448,human_baseline,0,0.2,0.9932907858067764
5449,original_ai,1,0.2,1.5745897094401289
5450,translated,1,0.2,1.5811855927820728
5451,substituted,1,0.2,1.290060881931662
5452,paraphrased,1,0.2,0.6118035044667108
5453,mixed_text,1,0.2,1.5156150725202655
5454,human_baseline,0,0.2,0.8983776866581967
5455,original_ai,1,0.2,1.5064992029637865
5456,translated,1,0.2,1.5320702606005203
5457,substituted,1,0.2,1.050676656331007
5458,paraphrased,1,0.2,1.1379324959606754
5459,mixed_text,1,0.2,1.0806975981969862
5460,human_baseline,0,0.2,1.2509807008063232
5461,original_ai,1,0.2,1.5910240477876376
5462,translated,1,0.2,1.7279556373409617
5463,substituted,1,0.2,1.855547899918964
5464,paraphrased,1,0.2,0.976214691102628
5465,mixed_text,1,0.2,1.9059580648876369
5466,human_baseline,0,0.2,0.947930394323922
5467,original_ai,1,0.2,2.228670369927931
5468,translated,1,0.2,1.8793146430533023
5469,substituted,1,0.2,1.423834573071044
5470,paraphrased,1,0.2,1.7705146780687433
5471,mixed_text,1,0.2,2.0277042899914
5472,human_baseline,0,0.2,0.9111057658450712
5473,original_ai,1,0.2,1.734579571396084
5474,translated,1,0.2,1.6768641490201497
5475,substituted,1,0.2,1.1784554874834527
5476,paraphrased,1,0.2,1.169057805561566
5477,mixed_text,1,0.2,1.3820611388908912
5478,human_baseline,0,0.2,1.4681797896108644
5479,original_ai,1,0.2,1.5244336559887617
5480,translated,1,0.2,1.6401898509718469
5481,substituted,1,0.2,1.4650094135128753
5482,paraphrased,1,0.2,1.6754190772424151
5483,mixed_text,1,0.2,1.4295314684903715
5484,human_baseline,0,0.2,1.177240600864461
5485,original_ai,1,0.2,1.1099596762975557
5486,translated,1,0.2,1.0341722684194243
5487,substituted,1,0.2,1.1693339388998731
5488,paraphrased,1,0.2,0.93196871071892
5489,mixed_text,1,0.2,1.3314110779629769
5490,human_baseline,0,0.2,0.9606156561864744
5491,original_ai,1,0.2,2.0215590615440515
5492,translated,1,0.2,1.9548846473544408
5493,substituted,1,0.2,1.7789267874007777
5494,paraphrased,1,0.2,1.2547816902153657
5495,mixed_text,1,0.2,1.325989143220114
5496,human_baseline,0,0.2,1.2998971678282538
5497,original_ai,1,0.2,1.630802414822222
5498,translated,1,0.2,1.356838391039474
5499,substituted,1,0.2,1.4438986489794168
5500,paraphrased,1,0.2,1.3271603412642092
5501,mixed_text,1,0.2,1.3416167306321802
5502,human_baseline,0,0.2,0.6627091128379075
5503,original_ai,1,0.2,1.7452191508175938
5504,translated,1,0.2,1.9018054973857972
5505,substituted,1,0.2,1.5038062697242172
5506,paraphrased,1,0.2,0.9560690378081924
5507,mixed_text,1,0.2,2.5589244763658003
5508,human_baseline,0,0.2,0.8210326990383823
5509,original_ai,1,0.2,1.4810174365202295
5510,translated,1,0.2,1.0434609962044947
5511,substituted,1,0.2,1.466123986372187
5512,paraphrased,1,0.2,1.3240184368665942
5513,mixed_text,1,0.2,1.758885074764008
5514,human_baseline,0,0.2,1.4418421126901393
5515,original_ai,1,0.2,1.700946983597886
5516,translated,1,0.2,1.531358590449578
5517,substituted,1,0.2,1.4377639748967936
5518,paraphrased,1,0.2,2.497079139535111
5519,mixed_text,1,0.2,2.2822366001012644
5520,human_baseline,0,0.2,0.9204951180830956
5521,original_ai,1,0.2,1.801953365151406
5522,translated,1,0.2,1.750755965670506
5523,substituted,1,0.2,1.4649045156781386
5524,paraphrased,1,0.2,1.2204821443543492
5525,mixed_text,1,0.2,1.7306029872359971
5526,human_baseline,0,0.2,0.7814553629100476
5527,original_ai,1,0.2,1.5923308169668997
5528,translated,1,0.2,1.5487915991824914
5529,substituted,1,0.2,1.2136965358763656
5530,paraphrased,1,0.2,0.9552692609275388
5531,mixed_text,1,0.2,1.221166677090178
5532,human_baseline,0,0.2,0.9417593586519344
5533,original_ai,1,0.2,1.4076101447032443
5534,translated,1,0.2,1.1655478107664852
5535,substituted,1,0.2,1.4241889660386644
5536,paraphrased,1,0.2,0.9260350015482016
5537,mixed_text,1,0.2,1.2364158351811405
5538,human_baseline,0,0.2,0.7343992356328275
5539,original_ai,1,0.2,2.120008782125701
5540,translated,1,0.2,2.1001383741741404
5541,substituted,1,0.2,1.2349119199058711
5542,paraphrased,1,0.2,1.3060112743809698
5543,mixed_text,1,0.2,1.6638238407327262
5544,human_baseline,0,0.2,1.08959176362651
5545,original_ai,1,0.2,0.9485691469756072
5546,translated,1,0.2,0.9287429337910048
5547,substituted,1,0.2,1.0420613623301986
5548,paraphrased,1,0.2,0.8811966041481261
5549,mixed_text,1,0.2,0.9994023499461758
5550,human_baseline,0,0.2,0.8570847445334387
5551,original_ai,1,0.2,2.817054189302341
5552,translated,1,0.2,1.7960998800807104
5553,substituted,1,0.2,1.9723163555316805
5554,paraphrased,1,0.2,0.8072102969307385
5555,mixed_text,1,0.2,1.1066807983925375
5556,human_baseline,0,0.2,1.4354636604638602
5557,original_ai,1,0.2,1.6497407079336837
5558,translated,1,0.2,1.3411865617089462
5559,substituted,1,0.2,1.0897382312627393
5560,paraphrased,1,0.2,0.7785661712944968
5561,mixed_text,1,0.2,1.5753370587389464
5562,human_baseline,0,0.2,0.8026576654829245
5563,original_ai,1,0.2,2.6449286521590727
5564,translated,1,0.2,2.47877463962291
5565,substituted,1,0.2,1.568006011060641
5566,paraphrased,1,0.2,1.3246325996354045
5567,mixed_text,1,0.2,1.388529467273014
5568,human_baseline,0,0.2,1.2549698873459596
5569,original_ai,1,0.2,1.4631361299395251
5570,translated,1,0.2,1.052594690382634
5571,substituted,1,0.2,1.142957473285009
5572,paraphrased,1,0.2,1.2654273390167363
5573,mixed_text,1,0.2,1.4995821924856962
5574,human_baseline,0,0.2,0.8890492148680624
5575,original_ai,1,0.2,1.1650722720672275
5576,translated,1,0.2,1.1093474936503147
5577,substituted,1,0.2,0.944777126254714
5578,paraphrased,1,0.2,1.0568244348110527
5579,mixed_text,1,0.2,1.6644943883243482
5580,human_baseline,0,0.2,0.8987018729924731
5581,original_ai,1,0.2,1.3708618031851063
5582,translated,1,0.2,1.350546807270856
5583,substituted,1,0.2,1.376157722152962
5584,paraphrased,1,0.2,1.1424570013212612
5585,mixed_text,1,0.2,1.0504361617619131
5586,human_baseline,0,0.2,0.879853425703839
5587,original_ai,1,0.2,2.447450693441582
5588,translated,1,0.2,2.353774579031468
5589,substituted,1,0.2,2.06319171701117
5590,paraphrased,1,0.2,2.0579280802868745
5591,mixed_text,1,0.2,1.5531045164772297
5592,human_baseline,0,0.2,0.8265171338835804
5593,original_ai,1,0.2,2.075176693950024
5594,translated,1,0.2,1.2245692610923635
5595,substituted,1,0.2,1.9642121308522444
5596,paraphrased,1,0.2,1.630884289679682
5597,mixed_text,1,0.2,1.2209608914365218
5598,human_baseline,0,0.2,0.9073940189494256
5599,original_ai,1,0.2,2.140003738719773
5600,translated,1,0.2,1.882599620878728
5601,substituted,1,0.2,1.9629125970135453
5602,paraphrased,1,0.2,1.7203545286272226
5603,mixed_text,1,0.2,1.2560810742419977
5604,human_baseline,0,0.2,0.9378061469440084
5605,original_ai,1,0.2,3.4005473712823715
5606,translated,1,0.2,2.170732940067957
5607,substituted,1,0.2,1.6455289111533216
5608,paraphrased,1,0.2,1.8165348105125243
5609,mixed_text,1,0.2,1.1371323357014391
5610,human_baseline,0,0.2,1.067394410457782
5611,original_ai,1,0.2,2.327665346659581
5612,translated,1,0.2,2.0833007883051744
5613,substituted,1,0.2,2.321812885849013
5614,paraphrased,1,0.2,0.8641496166644924
5615,mixed_text,1,0.2,2.7689215373465026
5616,human_baseline,0,0.2,1.1865002399948803
5617,original_ai,1,0.2,1.3704516237953914
5618,translated,1,0.2,1.3994432074329155
5619,substituted,1,0.2,1.607818553381387
5620,paraphrased,1,0.2,1.0664226163902606
5621,mixed_text,1,0.2,1.6008779680825804
5622,human_baseline,0,0.2,1.2404077491999816
5623,original_ai,1,0.2,2.8403339568125547
5624,translated,1,0.2,2.6231137837192064
5625,substituted,1,0.2,1.6942067874826603
5626,paraphrased,1,0.2,2.108449869721181
5627,mixed_text,1,0.2,1.8004972610633274
5628,human_baseline,0,0.2,0.8523327467727088
5629,original_ai,1,0.2,2.7186006888490053
5630,translated,1,0.2,1.9477177611166288
5631,substituted,1,0.2,1.8945381912949488
5632,paraphrased,1,0.2,1.6754405048897694
5633,mixed_text,1,0.2,2.0368614672678578
5634,human_baseline,0,0.2,1.1549039456966468
5635,original_ai,1,0.2,1.4374792898001143
5636,translated,1,0.2,1.862803757417648
5637,substituted,1,0.2,1.6455546822748082
5638,paraphrased,1,0.2,0.8130309198902244
5639,mixed_text,1,0.2,1.0385231876987284
5640,human_baseline,0,0.2,0.8351078110084986
5641,original_ai,1,0.2,1.334859677831885
5642,translated,1,0.2,1.2920798473367276
5643,substituted,1,0.2,1.3024997287265858
5644,paraphrased,1,0.2,1.089858706415228
5645,mixed_text,1,0.2,1.3725652122060847
5646,human_baseline,0,0.2,0.9603488802632664
5647,original_ai,1,0.2,2.0722319639487448
5648,translated,1,0.2,1.556219496005155
5649,substituted,1,0.2,1.4379725719774623
5650,paraphrased,1,0.2,0.814499091823973
5651,mixed_text,1,0.2,1.562439136590379
5652,human_baseline,0,0.2,1.373182641310517
5653,original_ai,1,0.2,1.530471272505631
5654,translated,1,0.2,1.4682245875309576
5655,substituted,1,0.2,1.5494355615553803
5656,paraphrased,1,0.2,1.0248143194594783
5657,mixed_text,1,0.2,1.3111352271611805
5658,human_baseline,0,0.2,0.9875434719423158
5659,original_ai,1,0.2,2.402788670483454
5660,translated,1,0.2,1.865711837159525
5661,substituted,1,0.2,1.3844415578693543
5662,paraphrased,1,0.2,1.7044937294296052
5663,mixed_text,1,0.2,1.6208655289179252
5664,human_baseline,0,0.2,1.138964978423237
5665,original_ai,1,0.2,2.288229980103143
5666,translated,1,0.2,2.1230507017960303
5667,substituted,1,0.2,1.7579343051452476
5668,paraphrased,1,0.2,1.6008900656659633
5669,mixed_text,1,0.2,1.7780796854697063
5670,human_baseline,0,0.2,0.7936023016642932
5671,original_ai,1,0.2,1.6871008858066316
5672,translated,1,0.2,1.5326987670530112
5673,substituted,1,0.2,1.9747210215976765
5674,paraphrased,1,0.2,1.133085124546191
5675,mixed_text,1,0.2,1.4168782018184811
5676,human_baseline,0,0.2,1.212045962410632
5677,original_ai,1,0.2,1.5228875663185988
5678,translated,1,0.2,1.500389476999175
5679,substituted,1,0.2,1.357025942283417
5680,paraphrased,1,0.2,1.9085267813179183
5681,mixed_text,1,0.2,1.4232903519965774
5682,human_baseline,0,0.2,0.8955768959866233
5683,original_ai,1,0.2,2.2488039677063068
5684,translated,1,0.2,1.9865932452912376
5685,substituted,1,0.2,1.176648982071288
5686,paraphrased,1,0.2,1.2337946234275183
5687,mixed_text,1,0.2,1.6065680504456883
5688,human_baseline,0,0.2,0.8480984632492895
5689,original_ai,1,0.2,1.4171441470783657
5690,translated,1,0.2,1.1339842215429723
5691,substituted,1,0.2,0.8616480029253035
5692,paraphrased,1,0.2,0.9773650283593812
5693,mixed_text,1,0.2,1.6641826479234785
5694,human_baseline,0,0.2,0.9317545172352796
5695,original_ai,1,0.2,1.5957371508224816
5696,translated,1,0.2,1.5632332193518936
5697,substituted,1,0.2,1.342644349163942
5698,paraphrased,1,0.2,1.1741305750023736
5699,mixed_text,1,0.2,1.5515164063097666
5700,human_baseline,0,0.2,0.9471777681872376
5701,original_ai,1,0.2,1.1584727267468566
5702,translated,1,0.2,1.2367128266025305
5703,substituted,1,0.2,1.2204906952773455
5704,paraphrased,1,0.2,1.362256953077077
5705,mixed_text,1,0.2,1.2121476747530044
5706,human_baseline,0,0.2,0.864314572749462
5707,original_ai,1,0.2,1.5501337124701071
5708,translated,1,0.2,1.3616250976686142
5709,substituted,1,0.2,1.6946298526069896
5710,paraphrased,1,0.2,1.508254611934834
5711,mixed_text,1,0.2,2.030404359211876
5712,human_baseline,0,0.2,1.0749452375637876
5713,original_ai,1,0.2,1.319191556917576
5714,translated,1,0.2,1.2049511549304306
5715,substituted,1,0.2,1.0605541970972103
5716,paraphrased,1,0.2,0.924229925399534
5717,mixed_text,1,0.2,1.2767207499585862
5718,human_baseline,0,0.2,0.7673291890407881
5719,original_ai,1,0.2,2.033215829107192
5720,translated,1,0.2,1.5457270320736822
5721,substituted,1,0.2,1.141459642538837
5722,paraphrased,1,0.2,1.4276171058432534
5723,mixed_text,1,0.2,1.1008544951533543
5724,human_baseline,0,0.2,1.026977939896697
5725,original_ai,1,0.2,1.830889139734256
5726,translated,1,0.2,1.531812283359832
5727,substituted,1,0.2,1.6489455998593456
5728,paraphrased,1,0.2,1.1874629415595337
5729,mixed_text,1,0.2,1.4300203878979365
5730,human_baseline,0,0.2,1.458331170960217
5731,original_ai,1,0.2,1.2635537271460022
5732,translated,1,0.2,1.2474677205896376
5733,substituted,1,0.2,1.389361796981936
5734,paraphrased,1,0.2,0.9648156027383188
5735,mixed_text,1,0.2,1.0478326690687074
5736,human_baseline,0,0.2,1.058120286695234
5737,original_ai,1,0.2,2.667502462275693
5738,translated,1,0.2,1.937957661610446
5739,substituted,1,0.2,1.37716238015135
5740,paraphrased,1,0.2,1.4939314755862962
5741,mixed_text,1,0.2,1.7432354730490598
5742,human_baseline,0,0.2,0.8325022848438666
5743,original_ai,1,0.2,1.8147145790201
5744,translated,1,0.2,1.2946664730662207
5745,substituted,1,0.2,1.5920189847456545
5746,paraphrased,1,0.2,1.1993774170060676
5747,mixed_text,1,0.2,1.772869766776143
5748,human_baseline,0,0.2,1.0220546114627906
5749,original_ai,1,0.2,2.0509993566430147
5750,translated,1,0.2,1.9722996024939623
5751,substituted,1,0.2,1.219898865104078
5752,paraphrased,1,0.2,1.318920673334517
5753,mixed_text,1,0.2,1.5386047019124212
5754,human_baseline,0,0.2,1.075811413352706
5755,original_ai,1,0.2,1.5014346711263018
5756,translated,1,0.2,1.357415120606608
5757,substituted,1,0.2,1.1549738572849757
5758,paraphrased,1,0.2,1.3232578470959273
5759,mixed_text,1,0.2,1.5954101561952077
5760,human_baseline,0,0.2,0.9445103184205758
5761,original_ai,1,0.2,1.6423089180247088
5762,translated,1,0.2,1.7432908984093642
5763,substituted,1,0.2,1.485782216822032
5764,paraphrased,1,0.2,1.23246731906348
5765,mixed_text,1,0.2,1.5631099476775674
5766,human_baseline,0,0.2,0.9735386310938264
5767,original_ai,1,0.2,2.62000544265455
5768,translated,1,0.2,1.863626823900294
5769,substituted,1,0.2,1.3769105745511754
5770,paraphrased,1,0.2,1.5624640446129938
5771,mixed_text,1,0.2,1.701351575564704
5772,human_baseline,0,0.2,0.9651577794786976
5773,original_ai,1,0.2,1.0468531856213317
5774,translated,1,0.2,0.9248080858802408
5775,substituted,1,0.2,0.8583930466550452
5776,paraphrased,1,0.2,0.8917659501901316
5777,mixed_text,1,0.2,1.3254166805521972
5778,human_baseline,0,0.2,0.9578040990820316
5779,original_ai,1,0.2,2.219096776740529
5780,translated,1,0.2,1.657826545061037
5781,substituted,1,0.2,1.5305776887568832
5782,paraphrased,1,0.2,0.9126127419071072
5783,mixed_text,1,0.2,1.2832509011349271
5784,human_baseline,0,0.2,0.9623014826111952
5785,original_ai,1,0.2,2.187219658329421
5786,translated,1,0.2,1.5532609046013135
5787,substituted,1,0.2,1.3973027126893998
5788,paraphrased,1,0.2,1.179938506521438
5789,mixed_text,1,0.2,1.90870708146092
5790,human_baseline,0,0.2,1.0105964701405712
5791,original_ai,1,0.2,1.61009038316152
5792,translated,1,0.2,1.4529723764386886
5793,substituted,1,0.2,1.2694574867954962
5794,paraphrased,1,0.2,1.3225120024129835
5795,mixed_text,1,0.2,1.3821872068207426
5796,human_baseline,0,0.2,1.0507405255609914
5797,original_ai,1,0.2,1.8521588992139908
5798,translated,1,0.2,1.553939713483704
5799,substituted,1,0.2,1.55594770240446
5800,paraphrased,1,0.2,1.2141381085120244
5801,mixed_text,1,0.2,1.5499757127908582
5802,human_baseline,0,0.2,1.1045797952104808
5803,original_ai,1,0.2,1.5297724412740643
5804,translated,1,0.2,1.1686638592449416
5805,substituted,1,0.2,1.1494554784486848
5806,paraphrased,1,0.2,1.0662963243547956
5807,mixed_text,1,0.2,2.32468661406089
5808,human_baseline,0,0.2,0.9541101368671588
5809,original_ai,1,0.2,1.522894143332227
5810,translated,1,0.2,1.522894143332227
5811,substituted,1,0.2,1.4958280963486292
5812,paraphrased,1,0.2,0.977783672044942
5813,mixed_text,1,0.2,1.3291721372341907
5814,human_baseline,0,0.2,1.1284974910767525
5815,original_ai,1,0.2,1.8040756546832688
5816,translated,1,0.2,1.67163756059868
5817,substituted,1,0.2,1.1890464853702785
5818,paraphrased,1,0.2,1.0111163166597308
5819,mixed_text,1,0.2,2.0248351816381844
5820,human_baseline,0,0.2,1.0957704106061914
5821,original_ai,1,0.2,2.122910370821769
5822,translated,1,0.2,2.1970012973748947
5823,substituted,1,0.2,1.437409269025796
5824,paraphrased,1,0.2,0.6980596538765116
5825,mixed_text,1,0.2,1.5817323230979234
5826,human_baseline,0,0.2,0.9264980461489154
5827,original_ai,1,0.2,1.138847318593898
5828,translated,1,0.2,1.1413505147509873
5829,substituted,1,0.2,0.9226927759628268
5830,paraphrased,1,0.2,0.956868578773081
5831,mixed_text,1,0.2,1.452705171766069
5832,human_baseline,0,0.2,1.0007597148245018
5833,original_ai,1,0.2,1.6075072012836022
5834,translated,1,0.2,1.4824502251089842
5835,substituted,1,0.2,1.5412650252029554
5836,paraphrased,1,0.2,1.4018507738122643
5837,mixed_text,1,0.2,1.292645513980844
5838,human_baseline,0,0.2,0.8776709862515888
5839,original_ai,1,0.2,1.3720538128879314
5840,translated,1,0.2,1.1331443144119036
5841,substituted,1,0.2,1.6468526679657
5842,paraphrased,1,0.2,1.2170460555624405
5843,mixed_text,1,0.2,1.7468215508941367
5844,human_baseline,0,0.2,1.410990799432308
5845,original_ai,1,0.2,1.879798110230948
5846,translated,1,0.2,1.3232084882377957
5847,substituted,1,0.2,1.024240703599924
5848,paraphrased,1,0.2,1.4026610472136265
5849,mixed_text,1,0.2,1.1984547095904827
5850,human_baseline,0,0.2,1.063048314115037
5851,original_ai,1,0.2,1.9002768265845555
5852,translated,1,0.2,1.669066575567158
5853,substituted,1,0.2,1.0859251586013623
5854,paraphrased,1,0.2,1.2174451238658748
5855,mixed_text,1,0.2,2.113510103573608
5856,human_baseline,0,0.2,0.8543465658786368
5857,original_ai,1,0.2,2.9281076843571308
5858,translated,1,0.2,1.2915795115297508
5859,substituted,1,0.2,1.7616518896781157
5860,paraphrased,1,0.2,1.7757697134167898
5861,mixed_text,1,0.2,1.5422720030340695
5862,human_baseline,0,0.2,1.2877603082899538
5863,original_ai,1,0.2,1.195485076277568
5864,translated,1,0.2,1.1926396378341635
5865,substituted,1,0.2,0.9363786799760264
5866,paraphrased,1,0.2,1.072918874655712
5867,mixed_text,1,0.2,1.6855011693877866
5868,human_baseline,0,0.2,0.9932498128682884
5869,original_ai,1,0.2,1.3137228644347243
5870,translated,1,0.2,1.4470239074375055
5871,substituted,1,0.2,2.042420707625198
5872,paraphrased,1,0.2,1.056752597109058
5873,mixed_text,1,0.2,1.3451036655398187
5874,human_baseline,0,0.2,1.0290747326261636
5875,original_ai,1,0.2,2.020046895480158
5876,translated,1,0.2,1.8241521912445184
5877,substituted,1,0.2,1.360651900471457
5878,paraphrased,1,0.2,0.6327549464895275
5879,mixed_text,1,0.2,2.337261343301768
5880,human_baseline,0,0.2,0.849027412504213
5881,original_ai,1,0.2,2.151002661906237
5882,translated,1,0.2,1.621861797858776
5883,substituted,1,0.2,1.0632206891297784
5884,paraphrased,1,0.2,1.7294725370678885
5885,mixed_text,1,0.2,1.3975040625714563
5886,human_baseline,0,0.2,0.8319589637715453
5887,original_ai,1,0.2,2.529005870193944
5888,translated,1,0.2,1.4507140049586598
5889,substituted,1,0.2,1.5727558289496284
5890,paraphrased,1,0.2,0.4335158059875659
5891,mixed_text,1,0.2,1.7550038874231566
5892,human_baseline,0,0.2,1.1617079154992145
5893,original_ai,1,0.2,1.4336563954447452
5894,translated,1,0.2,1.2952095425644137
5895,substituted,1,0.2,1.2074323352870575
5896,paraphrased,1,0.2,1.243833006100512
5897,mixed_text,1,0.2,1.441139255961006
5898,human_baseline,0,0.2,0.9104374469578986
5899,original_ai,1,0.2,1.975491747842823
5900,translated,1,0.2,1.8184898637748452
5901,substituted,1,0.2,1.8124070856858112
5902,paraphrased,1,0.2,1.3524629695025645
5903,mixed_text,1,0.2,1.6486284408763017
5904,human_baseline,0,0.2,0.9643838789940028
5905,original_ai,1,0.2,1.5031737285625653
5906,translated,1,0.2,1.440279146871917
5907,substituted,1,0.2,1.2762087154302832
5908,paraphrased,1,0.2,0.9734933042901232
5909,mixed_text,1,0.2,1.638190048234735
5910,human_baseline,0,0.2,0.7154779415838871
5911,original_ai,1,0.2,1.4736010077939956
5912,translated,1,0.2,1.4377434082879637
5913,substituted,1,0.2,1.9405918182039787
5914,paraphrased,1,0.2,1.1412657452102253
5915,mixed_text,1,0.2,1.0012931905579752
5916,human_baseline,0,0.2,1.0962098380546423
5917,original_ai,1,0.2,1.3400141666620615
5918,translated,1,0.2,1.2032079176934931
5919,substituted,1,0.2,1.1359505307844144
5920,paraphrased,1,0.2,0.8765623454036693
5921,mixed_text,1,0.2,0.8293480340514868
5922,human_baseline,0,0.2,0.9596227846903588
5923,original_ai,1,0.2,2.2436302261576286
5924,translated,1,0.2,1.284013048849693
5925,substituted,1,0.2,1.506364598922969
5926,paraphrased,1,0.2,1.5528092415876555
5927,mixed_text,1,0.2,1.3783772738174649
5928,human_baseline,0,0.2,1.1180904665849754
5929,original_ai,1,0.2,2.9235733475852874
5930,translated,1,0.2,2.0221060909323474
5931,substituted,1,0.2,1.55861263626829
5932,paraphrased,1,0.2,1.8928592029956628
5933,mixed_text,1,0.2,1.0524781610060685
5934,human_baseline,0,0.2,1.0892661159875403
5935,original_ai,1,0.2,1.3330429823266372
5936,translated,1,0.2,1.2394006749148323
5937,substituted,1,0.2,1.491508650346501
5938,paraphrased,1,0.2,1.000846342577605
5939,mixed_text,1,0.2,1.1365024906226602
5940,human_baseline,0,0.2,1.1538447403428311
5941,original_ai,1,0.2,1.6427501933565185
5942,translated,1,0.2,1.5048182725817572
5943,substituted,1,0.2,1.4089596808790934
5944,paraphrased,1,0.2,1.166079141879855
5945,mixed_text,1,0.2,1.0276074239752155
5946,human_baseline,0,0.2,0.7639483282637836
5947,original_ai,1,0.2,1.7561549912680552
5948,translated,1,0.2,1.687776347610222
5949,substituted,1,0.2,1.501835090188801
5950,paraphrased,1,0.2,1.2291228733070214
5951,mixed_text,1,0.2,0.9554707848642656
5952,human_baseline,0,0.2,1.0108803891915474
5953,original_ai,1,0.2,1.930874309934854
5954,translated,1,0.2,2.0062278724785854
5955,substituted,1,0.2,1.7940047207065792
5956,paraphrased,1,0.2,1.4158258911864572
5957,mixed_text,1,0.2,1.988635586608709
5958,human_baseline,0,0.2,0.8007555935691594
5959,original_ai,1,0.2,3.28168404643577
5960,translated,1,0.2,1.7952191748607178
5961,substituted,1,0.2,1.3340116768630357
5962,paraphrased,1,0.2,1.495525238451229
5963,mixed_text,1,0.2,0.9945336928953632
5964,human_baseline,0,0.2,0.8886853789264736
5965,original_ai,1,0.2,2.0210176786188248
5966,translated,1,0.2,2.002691100975168
5967,substituted,1,0.2,1.519359333860576
5968,paraphrased,1,0.2,0.7345079464199511
5969,mixed_text,1,0.2,1.4856219884490478
5970,human_baseline,0,0.2,0.979654667857017
5971,original_ai,1,0.2,1.5637693274214974
5972,translated,1,0.2,1.7264439158907336
5973,substituted,1,0.2,1.123360091804925
5974,paraphrased,1,0.2,1.2010777259393617
5975,mixed_text,1,0.2,1.709107246046103
5976,human_baseline,0,0.2,1.15463445800798
5977,original_ai,1,0.2,3.249079409362548
5978,translated,1,0.2,2.5319888888272204
5979,substituted,1,0.2,1.3171452304921318
5980,paraphrased,1,0.2,2.2449735128559287
5981,mixed_text,1,0.2,2.797619987982675
5982,human_baseline,0,0.2,1.0091396573242306
5983,original_ai,1,0.2,1.7772249740479635
5984,translated,1,0.2,1.3045296774473611
5985,substituted,1,0.2,1.083704486606149
5986,paraphrased,1,0.2,0.7559792981409783
5987,mixed_text,1,0.2,1.5184066826536875
5988,human_baseline,0,0.2,1.2084314931946032
5989,original_ai,1,0.2,1.5640641065649592
5990,translated,1,0.2,1.270186726848277
5991,substituted,1,0.2,1.2279534312581124
5992,paraphrased,1,0.2,1.2617186321223892
5993,mixed_text,1,0.2,1.0651114268566848
5994,human_baseline,0,0.2,1.1059726853819634
5995,original_ai,1,0.2,1.9123643626371043
5996,translated,1,0.2,1.417197571486924
5997,substituted,1,0.2,1.5097721852016048
5998,paraphrased,1,0.2,1.1520026847979394
5999,mixed_text,1,0.2,1.677105974736864
6000,human_baseline,0,0.3,0.9207831960849182
6001,original_ai,1,0.3,1.3760334504600766
6002,translated,1,0.3,1.9030760926611092
6003,substituted,1,0.3,1.0430340643659366
6004,paraphrased,1,0.3,1.124405438265062
6005,mixed_text,1,0.3,1.5082522371884948
6006,human_baseline,0,0.3,1.66372542019828
6007,original_ai,1,0.3,1.7102991180557854
6008,translated,1,0.3,1.5977008200873313
6009,substituted,1,0.3,0.9521446690320376
6010,paraphrased,1,0.3,1.0266880798906466
6011,mixed_text,1,0.3,1.347534383686408
6012,human_baseline,0,0.3,1.013496416162586
6013,original_ai,1,0.3,1.15350993691798
6014,translated,1,0.3,1.1368534947465374
6015,substituted,1,0.3,1.0752485627893091
6016,paraphrased,1,0.3,0.8938507102086515
6017,mixed_text,1,0.3,1.2850527713963258
6018,human_baseline,0,0.3,0.8545675657130186
6019,original_ai,1,0.3,1.7393434701993138
6020,translated,1,0.3,1.481659950187838
6021,substituted,1,0.3,1.008550717461048
6022,paraphrased,1,0.3,1.4090570180296058
6023,mixed_text,1,0.3,1.651564557665452
6024,human_baseline,0,0.3,1.100829152851953
6025,original_ai,1,0.3,1.819289054382465
6026,translated,1,0.3,1.671436346926365
6027,substituted,1,0.3,1.7729126532940056
6028,paraphrased,1,0.3,1.6838198277774183
6029,mixed_text,1,0.3,1.6353646196840257
6030,human_baseline,0,0.3,0.8324831114220285
6031,original_ai,1,0.3,1.6219565616542553
6032,translated,1,0.3,1.4546527549493355
6033,substituted,1,0.3,1.1681565997927037
6034,paraphrased,1,0.3,1.2145090704576724
6035,mixed_text,1,0.3,1.2733340312320007
6036,human_baseline,0,0.3,0.9514676181195686
6037,original_ai,1,0.3,1.5042990543873276
6038,translated,1,0.3,1.1455007876373182
6039,substituted,1,0.3,1.2053771266555031
6040,paraphrased,1,0.3,0.6239999865456197
6041,mixed_text,1,0.3,1.721596706318213
6042,human_baseline,0,0.3,1.1021383215595566
6043,original_ai,1,0.3,1.8366611918590297
6044,translated,1,0.3,1.8055661182669691
6045,substituted,1,0.3,1.346049525811727
6046,paraphrased,1,0.3,1.03424337223616
6047,mixed_text,1,0.3,0.8744585092905398
6048,human_baseline,0,0.3,0.7055828056724794
6049,original_ai,1,0.3,1.3533438951269108
6050,translated,1,0.3,1.2836196133170945
6051,substituted,1,0.3,1.6059387134091436
6052,paraphrased,1,0.3,1.1270975555316052
6053,mixed_text,1,0.3,1.422854688910286
6054,human_baseline,0,0.3,0.8142027035708588
6055,original_ai,1,0.3,2.2109964955421364
6056,translated,1,0.3,1.8582312438664317
6057,substituted,1,0.3,1.5388361102654715
6058,paraphrased,1,0.3,0.8428485279804753
6059,mixed_text,1,0.3,1.5358225937391756
6060,human_baseline,0,0.3,0.8172155796436433
6061,original_ai,1,0.3,2.68712241544884
6062,translated,1,0.3,1.763192918653593
6063,substituted,1,0.3,1.114484027092625
6064,paraphrased,1,0.3,1.026119308059889
6065,mixed_text,1,0.3,1.3314745453618266
6066,human_baseline,0,0.3,1.0467702262239058
6067,original_ai,1,0.3,1.7529704270418394
6068,translated,1,0.3,1.5665076035420644
6069,substituted,1,0.3,1.53785098695535
6070,paraphrased,1,0.3,1.163745442084868
6071,mixed_text,1,0.3,2.0024049958206294
6072,human_baseline,0,0.3,1.05573647590917
6073,original_ai,1,0.3,1.9813412364807728
6074,translated,1,0.3,2.284055462025283
6075,substituted,1,0.3,1.9632558652621823
6076,paraphrased,1,0.3,1.576022495087418
6077,mixed_text,1,0.3,1.887602148588823
6078,human_baseline,0,0.3,0.9335246340656604
6079,original_ai,1,0.3,2.1848430266331134
6080,translated,1,0.3,1.8392029588440495
6081,substituted,1,0.3,1.2173162762022949
6082,paraphrased,1,0.3,1.312659010767119
6083,mixed_text,1,0.3,1.6940231605608729
6084,human_baseline,0,0.3,0.8839247980440874
6085,original_ai,1,0.3,2.047240115907227
6086,translated,1,0.3,1.4449934215716278
6087,substituted,1,0.3,1.0019946309002348
6088,paraphrased,1,0.3,1.2921245733044786
6089,mixed_text,1,0.3,1.6696212095193712
6090,human_baseline,0,0.3,1.0038821371242594
6091,original_ai,1,0.3,1.7835022278826624
6092,translated,1,0.3,1.6757962030600704
6093,substituted,1,0.3,1.3387896668139945
6094,paraphrased,1,0.3,1.2610617489190972
6095,mixed_text,1,0.3,2.117494227714564
6096,human_baseline,0,0.3,0.7107685207686103
6097,original_ai,1,0.3,1.8131765730951332
6098,translated,1,0.3,1.0912665434636992
6099,substituted,1,0.3,0.9394682395960556
6100,paraphrased,1,0.3,1.4822421766273215
6101,mixed_text,1,0.3,1.105021119078457
6102,human_baseline,0,0.3,1.022044920060437
6103,original_ai,1,0.3,1.4912328290163783
6104,translated,1,0.3,1.2845558178098089
6105,substituted,1,0.3,1.4288230242037456
6106,paraphrased,1,0.3,1.3136924412506994
6107,mixed_text,1,0.3,1.614055541244257
6108,human_baseline,0,0.3,1.467626860822387
6109,original_ai,1,0.3,1.5330193380752
6110,translated,1,0.3,1.5549212253322062
6111,substituted,1,0.3,0.9972748683503856
6112,paraphrased,1,0.3,1.2942947050551863
6113,mixed_text,1,0.3,1.5338903996589843
6114,human_baseline,0,0.3,0.9980994025942111
6115,original_ai,1,0.3,1.5543953027310011
6116,translated,1,0.3,1.324542086608308
6117,substituted,1,0.3,1.098294325137731
6118,paraphrased,1,0.3,1.1080871922630018
6119,mixed_text,1,0.3,2.0108819337900683
6120,human_baseline,0,0.3,1.2823540751441498
6121,original_ai,1,0.3,1.8079932663713751
6122,translated,1,0.3,1.5173049812376438
6123,substituted,1,0.3,1.3239102816023491
6124,paraphrased,1,0.3,1.120271676237974
6125,mixed_text,1,0.3,1.0182783960181985
6126,human_baseline,0,0.3,0.9082443730842747
6127,original_ai,1,0.3,2.461577738162842
6128,translated,1,0.3,1.95838304405372
6129,substituted,1,0.3,2.169261958630349
6130,paraphrased,1,0.3,1.5535516734994166
6131,mixed_text,1,0.3,1.573142044610992
6132,human_baseline,0,0.3,1.148279464408409
6133,original_ai,1,0.3,1.418203909731157
6134,translated,1,0.3,1.5382782518745524
6135,substituted,1,0.3,1.2160984997570292
6136,paraphrased,1,0.3,0.8906707075551156
6137,mixed_text,1,0.3,1.45631086513417
6138,human_baseline,0,0.3,0.6408883527790565
6139,original_ai,1,0.3,2.8079861635426866
6140,translated,1,0.3,2.115212756579155
6141,substituted,1,0.3,1.7406271384250067
6142,paraphrased,1,0.3,2.0244414868662504
6143,mixed_text,1,0.3,1.3790587735982711
6144,human_baseline,0,0.3,0.906351026604765
6145,original_ai,1,0.3,1.2287384114805229
6146,translated,1,0.3,1.2615980363192074
6147,substituted,1,0.3,1.1356787089213072
6148,paraphrased,1,0.3,0.7222284020719789
6149,mixed_text,1,0.3,1.2559902787943935
6150,human_baseline,0,0.3,0.8918551805433541
6151,original_ai,1,0.3,2.119315742351947
6152,translated,1,0.3,1.4944484259929895
6153,substituted,1,0.3,1.184795110247722
6154,paraphrased,1,0.3,0.9769889501055364
6155,mixed_text,1,0.3,0.9060600027823528
6156,human_baseline,0,0.3,1.0465741513670197
6157,original_ai,1,0.3,2.4869230145023304
6158,translated,1,0.3,2.188311683495408
6159,substituted,1,0.3,1.7021658503737898
6160,paraphrased,1,0.3,1.3677647231367749
6161,mixed_text,1,0.3,1.6758716002304557
6162,human_baseline,0,0.3,0.8464140262117811
6163,original_ai,1,0.3,1.9891606190176756
6164,translated,1,0.3,1.7431081158498651
6165,substituted,1,0.3,1.0934894117911067
6166,paraphrased,1,0.3,0.9829302339453098
6167,mixed_text,1,0.3,0.9658996812164788
6168,human_baseline,0,0.3,1.2129897075107012
6169,original_ai,1,0.3,2.214580546418611
6170,translated,1,0.3,1.8645626459558269
6171,substituted,1,0.3,2.1149042367913693
6172,paraphrased,1,0.3,0.8550903921643316
6173,mixed_text,1,0.3,1.7802197791649954
6174,human_baseline,0,0.3,1.0126840013821716
6175,original_ai,1,0.3,2.0406748321874275
6176,translated,1,0.3,1.4113753774798758
6177,substituted,1,0.3,0.9850501966480856
6178,paraphrased,1,0.3,0.946252339593958
6179,mixed_text,1,0.3,1.300117717700061
6180,human_baseline,0,0.3,1.067069771966284
6181,original_ai,1,0.3,2.043448022550581
6182,translated,1,0.3,1.32144172419161
6183,substituted,1,0.3,1.5818480282076854
6184,paraphrased,1,0.3,1.5538316521241444
6185,mixed_text,1,0.3,1.1983607945449262
6186,human_baseline,0,0.3,0.7715341142838895
6187,original_ai,1,0.3,2.1859726407158613
6188,translated,1,0.3,1.6399159940389632
6189,substituted,1,0.3,1.088787290964764
6190,paraphrased,1,0.3,1.2212879508453904
6191,mixed_text,1,0.3,1.5553375552770214
6192,human_baseline,0,0.3,0.6656000979580519
6193,original_ai,1,0.3,2.3415892018253945
6194,translated,1,0.3,1.393817860306345
6195,substituted,1,0.3,1.5136832660776671
6196,paraphrased,1,0.3,1.4822325613922769
6197,mixed_text,1,0.3,1.2205511232554134
6198,human_baseline,0,0.3,1.4424890347819077
6199,original_ai,1,0.3,2.3899642764267908
6200,translated,1,0.3,1.947422541637729
6201,substituted,1,0.3,1.6174905156495774
6202,paraphrased,1,0.3,1.07048728517268
6203,mixed_text,1,0.3,1.5182755059007915
6204,human_baseline,0,0.3,0.9103716781315396
6205,original_ai,1,0.3,2.100719298105695
6206,translated,1,0.3,2.1872034232994477
6207,substituted,1,0.3,1.4294375223446067
6208,paraphrased,1,0.3,1.6465876636282497
6209,mixed_text,1,0.3,1.5634058735670526
6210,human_baseline,0,0.3,0.8769083184702197
6211,original_ai,1,0.3,4.578744665810345
6212,translated,1,0.3,2.76944804206368
6213,substituted,1,0.3,1.38531107685851
6214,paraphrased,1,0.3,2.310885538691318
6215,mixed_text,1,0.3,1.9390205942089696
6216,human_baseline,0,0.3,1.0040121336566037
6217,original_ai,1,0.3,1.7055103519444776
6218,translated,1,0.3,1.4865813064656428
6219,substituted,1,0.3,1.8980218893973904
6220,paraphrased,1,0.3,1.1917043681144708
6221,mixed_text,1,0.3,1.2456525678381507
6222,human_baseline,0,0.3,1.236835750244353
6223,original_ai,1,0.3,1.110411188724176
6224,translated,1,0.3,1.032348427705274
6225,substituted,1,0.3,1.5462632294300902
6226,paraphrased,1,0.3,1.0445724906443372
6227,mixed_text,1,0.3,1.5545743378333268
6228,human_baseline,0,0.3,0.7242678955977978
6229,original_ai,1,0.3,1.0884267934709344
6230,translated,1,0.3,1.8328260245382095
6231,substituted,1,0.3,0.7146197238366182
6232,paraphrased,1,0.3,0.858955666366807
6233,mixed_text,1,0.3,0.9639104531557
6234,human_baseline,0,0.3,2.0403572099741765
6235,original_ai,1,0.3,1.337755432836173
6236,translated,1,0.3,1.1970763699943971
6237,substituted,1,0.3,1.5025306917109194
6238,paraphrased,1,0.3,0.870005878377925
6239,mixed_text,1,0.3,1.6583985848402063
6240,human_baseline,0,0.3,1.1594101103042067
6241,original_ai,1,0.3,2.3313609090343745
6242,translated,1,0.3,1.5091486847256808
6243,substituted,1,0.3,1.347598902919963
6244,paraphrased,1,0.3,1.564249503665082
6245,mixed_text,1,0.3,1.0366314350306605
6246,human_baseline,0,0.3,0.8322095149518584
6247,original_ai,1,0.3,3.122659054527708
6248,translated,1,0.3,2.679637230086913
6249,substituted,1,0.3,1.980423825027546
6250,paraphrased,1,0.3,1.6926972741730972
6251,mixed_text,1,0.3,1.764819079473598
6252,human_baseline,0,0.3,0.765968102049844
6253,original_ai,1,0.3,1.257474740503076
6254,translated,1,0.3,1.2297845197393376
6255,substituted,1,0.3,0.7806044048233216
6256,paraphrased,1,0.3,0.9847505225154356
6257,mixed_text,1,0.3,0.9062643965157976
6258,human_baseline,0,0.3,0.7833817199488304
6259,original_ai,1,0.3,2.1645971949661966
6260,translated,1,0.3,1.588340685438419
6261,substituted,1,0.3,1.554268476812641
6262,paraphrased,1,0.3,1.3783793772600068
6263,mixed_text,1,0.3,1.151517603905163
6264,human_baseline,0,0.3,1.3316942284383462
6265,original_ai,1,0.3,1.7212579898545668
6266,translated,1,0.3,1.55425222610292
6267,substituted,1,0.3,1.2358392019296196
6268,paraphrased,1,0.3,2.2345918497790627
6269,mixed_text,1,0.3,2.4345925378509343
6270,human_baseline,0,0.3,1.0589409411659376
6271,original_ai,1,0.3,2.2923205594700464
6272,translated,1,0.3,1.852308089894197
6273,substituted,1,0.3,1.242370176373106
6274,paraphrased,1,0.3,1.616996617286095
6275,mixed_text,1,0.3,1.526830888758557
6276,human_baseline,0,0.3,1.019755546563738
6277,original_ai,1,0.3,1.4069091198982535
6278,translated,1,0.3,1.668535856912971
6279,substituted,1,0.3,0.9441215058581786
6280,paraphrased,1,0.3,1.2029570232256428
6281,mixed_text,1,0.3,1.4103816102448077
6282,human_baseline,0,0.3,0.7093144104049721
6283,original_ai,1,0.3,1.112036591804593
6284,translated,1,0.3,0.9817824023918644
6285,substituted,1,0.3,1.3274541727532567
6286,paraphrased,1,0.3,0.9535946926340628
6287,mixed_text,1,0.3,0.9443062124377518
6288,human_baseline,0,0.3,0.8817880677135516
6289,original_ai,1,0.3,2.521745935941901
6290,translated,1,0.3,1.8604591375455013
6291,substituted,1,0.3,1.9302389047008213
6292,paraphrased,1,0.3,1.174931455680871
6293,mixed_text,1,0.3,1.105394900957507
6294,human_baseline,0,0.3,1.1143804757942728
6295,original_ai,1,0.3,1.5765941066169855
6296,translated,1,0.3,1.476289035100329
6297,substituted,1,0.3,1.3605402524867931
6298,paraphrased,1,0.3,1.0132310174050938
6299,mixed_text,1,0.3,1.5280256352627224
6300,human_baseline,0,0.3,1.0988104742632323
6301,original_ai,1,0.3,1.808946243547917
6302,translated,1,0.3,1.4852370151063732
6303,substituted,1,0.3,1.9086305967749724
6304,paraphrased,1,0.3,1.2154788119162705
6305,mixed_text,1,0.3,1.7260802354533535
6306,human_baseline,0,0.3,0.7494876004401323
6307,original_ai,1,0.3,1.5499642935977893
6308,translated,1,0.3,1.6489117498977568
6309,substituted,1,0.3,1.1082044736717214
6310,paraphrased,1,0.3,1.1525063160690248
6311,mixed_text,1,0.3,0.9472713142247444
6312,human_baseline,0,0.3,1.5513264808657985
6313,original_ai,1,0.3,1.85140050578753
6314,translated,1,0.3,1.5074547981693154
6315,substituted,1,0.3,1.2068604768919964
6316,paraphrased,1,0.3,0.7218589613541375
6317,mixed_text,1,0.3,1.86064442796769
6318,human_baseline,0,0.3,0.7008875346905604
6319,original_ai,1,0.3,2.432600853649648
6320,translated,1,0.3,1.4582343948249417
6321,substituted,1,0.3,1.277184476012987
6322,paraphrased,1,0.3,1.2990730950557858
6323,mixed_text,1,0.3,1.0694199166307052
6324,human_baseline,0,0.3,1.0543603959998191
6325,original_ai,1,0.3,2.036695065225349
6326,translated,1,0.3,1.7400110586624469
6327,substituted,1,0.3,1.2315768818429045
6328,paraphrased,1,0.3,1.3460026582750144
6329,mixed_text,1,0.3,1.4914224034985166
6330,human_baseline,0,0.3,1.0914195603665393
6331,original_ai,1,0.3,1.998925598792704
6332,translated,1,0.3,2.260435600581047
6333,substituted,1,0.3,1.4352667428038697
6334,paraphrased,1,0.3,1.2226329841635797
6335,mixed_text,1,0.3,1.479656554210262
6336,human_baseline,0,0.3,0.8984717255582307
6337,original_ai,1,0.3,1.8885826317322816
6338,translated,1,0.3,1.6130195998171908
6339,substituted,1,0.3,1.1074212859821688
6340,paraphrased,1,0.3,0.9903104168620332
6341,mixed_text,1,0.3,1.3840853282282537
6342,human_baseline,0,0.3,1.2082003149235427
6343,original_ai,1,0.3,1.3027250796561107
6344,translated,1,0.3,0.7924734315155794
6345,substituted,1,0.3,0.7979990196536412
6346,paraphrased,1,0.3,0.9138972849070274
6347,mixed_text,1,0.3,1.45995183880715
6348,human_baseline,0,0.3,1.021258748410062
6349,original_ai,1,0.3,1.9604535085792807
6350,translated,1,0.3,2.0272300249707165
6351,substituted,1,0.3,1.170141427320453
6352,paraphrased,1,0.3,0.9387114360163256
6353,mixed_text,1,0.3,1.3857783487749586
6354,human_baseline,0,0.3,1.3250990659642905
6355,original_ai,1,0.3,1.8384369145853885
6356,translated,1,0.3,1.2428278172851877
6357,substituted,1,0.3,1.8209174418436609
6358,paraphrased,1,0.3,1.360429459859338
6359,mixed_text,1,0.3,1.449914392420896
6360,human_baseline,0,0.3,0.798575154005456
6361,original_ai,1,0.3,2.1477418616132384
6362,translated,1,0.3,1.6779922446136772
6363,substituted,1,0.3,1.5103686834076426
6364,paraphrased,1,0.3,0.930222036761005
6365,mixed_text,1,0.3,1.2357791510728198
6366,human_baseline,0,0.3,1.115481911417728
6367,original_ai,1,0.3,1.8814376080376385
6368,translated,1,0.3,2.283707349387538
6369,substituted,1,0.3,0.9928193821439242
6370,paraphrased,1,0.3,1.9481286561436573
6371,mixed_text,1,0.3,1.874881505560865
6372,human_baseline,0,0.3,1.3510231668077777
6373,original_ai,1,0.3,1.296229168310877
6374,translated,1,0.3,1.4208038905364917
6375,substituted,1,0.3,1.1734942260034111
6376,paraphrased,1,0.3,1.4826861465688428
6377,mixed_text,1,0.3,2.567098295017386
6378,human_baseline,0,0.3,0.9352036441179378
6379,original_ai,1,0.3,2.3404052370363777
6380,translated,1,0.3,1.867110342579834
6381,substituted,1,0.3,1.6843261553755382
6382,paraphrased,1,0.3,1.7396306040411085
6383,mixed_text,1,0.3,2.1051100409580807
6384,human_baseline,0,0.3,0.8779104331474479
6385,original_ai,1,0.3,2.402073608393968
6386,translated,1,0.3,1.5093165471192191
6387,substituted,1,0.3,1.3544599342697123
6388,paraphrased,1,0.3,1.45995420480753
6389,mixed_text,1,0.3,1.668801413780695
6390,human_baseline,0,0.3,0.9166687741449568
6391,original_ai,1,0.3,2.316171008860942
6392,translated,1,0.3,1.4350727675892951
6393,substituted,1,0.3,1.5292296057803902
6394,paraphrased,1,0.3,1.2664172700743623
6395,mixed_text,1,0.3,1.5333456310780702
6396,human_baseline,0,0.3,0.8465904942624674
6397,original_ai,1,0.3,1.4866700064847136
6398,translated,1,0.3,1.3777177880238576
6399,substituted,1,0.3,1.438330879250514
6400,paraphrased,1,0.3,1.567695225217724
6401,mixed_text,1,0.3,1.7040795523970012
6402,human_baseline,0,0.3,1.152633183107566
6403,original_ai,1,0.3,1.2405300379530382
6404,translated,1,0.3,1.0324112892802884
6405,substituted,1,0.3,1.0440831989849326
6406,paraphrased,1,0.3,1.056227283434502
6407,mixed_text,1,0.3,1.12704425720194
6408,human_baseline,0,0.3,0.91535643310507
6409,original_ai,1,0.3,1.3615345262434626
6410,translated,1,0.3,1.3172951834818274
6411,substituted,1,0.3,2.832616882470852
6412,paraphrased,1,0.3,1.3551460663763726
6413,mixed_text,1,0.3,1.402228049365157
6414,human_baseline,0,0.3,0.7925306071146804
6415,original_ai,1,0.3,3.239326446920557
6416,translated,1,0.3,2.3687434842261705
6417,substituted,1,0.3,1.3725656257075027
6418,paraphrased,1,0.3,2.1006581848020374
6419,mixed_text,1,0.3,1.0052970672948591
6420,human_baseline,0,0.3,0.9038607250630296
6421,original_ai,1,0.3,2.539985188901816
6422,translated,1,0.3,2.452825826515283
6423,substituted,1,0.3,1.1665195857708646
6424,paraphrased,1,0.3,1.2530100797438972
6425,mixed_text,1,0.3,1.3981866489312964
6426,human_baseline,0,0.3,0.9230544106823064
6427,original_ai,1,0.3,2.140136411341401
6428,translated,1,0.3,1.4147215587401225
6429,substituted,1,0.3,1.0270347173307492
6430,paraphrased,1,0.3,1.3649955514750918
6431,mixed_text,1,0.3,0.9515129903010562
6432,human_baseline,0,0.3,0.8052388133176042
6433,original_ai,1,0.3,1.2736885310200037
6434,translated,1,0.3,1.326743759841218
6435,substituted,1,0.3,1.5523510136142966
6436,paraphrased,1,0.3,0.6913196758933063
6437,mixed_text,1,0.3,1.491152242203404
6438,human_baseline,0,0.3,0.924927350794612
6439,original_ai,1,0.3,1.9436671367907083
6440,translated,1,0.3,1.2883893830756397
6441,substituted,1,0.3,1.2698141435978636
6442,paraphrased,1,0.3,1.7901175811422376
6443,mixed_text,1,0.3,1.2543954221864464
6444,human_baseline,0,0.3,0.7856990369994699
6445,original_ai,1,0.3,1.4627014813925827
6446,translated,1,0.3,1.3171704438295104
6447,substituted,1,0.3,1.0596652335261914
6448,paraphrased,1,0.3,1.1582828530933165
6449,mixed_text,1,0.3,1.240397133501835
6450,human_baseline,0,0.3,1.6504449059234287
6451,original_ai,1,0.3,2.4180646576613105
6452,translated,1,0.3,1.839116861743555
6453,substituted,1,0.3,1.4899454631703857
6454,paraphrased,1,0.3,1.3438803244313882
6455,mixed_text,1,0.3,1.4654678868842217
6456,human_baseline,0,0.3,0.8299491718648182
6457,original_ai,1,0.3,1.593468292935606
6458,translated,1,0.3,1.3649504516320146
6459,substituted,1,0.3,1.3710232880823172
6460,paraphrased,1,0.3,1.130590282030171
6461,mixed_text,1,0.3,1.090002396018046
6462,human_baseline,0,0.3,1.1820885969019304
6463,original_ai,1,0.3,1.809937576994657
6464,translated,1,0.3,1.6206290959836505
6465,substituted,1,0.3,2.678586821204297
6466,paraphrased,1,0.3,1.0611065865952196
6467,mixed_text,1,0.3,1.4173556199639818
6468,human_baseline,0,0.3,1.4088755041651173
6469,original_ai,1,0.3,1.562379507090799
6470,translated,1,0.3,1.5694382672682845
6471,substituted,1,0.3,1.2085807397966313
6472,paraphrased,1,0.3,0.8371034446893512
6473,mixed_text,1,0.3,1.2548485119824817
6474,human_baseline,0,0.3,1.3022496608487255
6475,original_ai,1,0.3,1.7229762072503374
6476,translated,1,0.3,1.6517684163126924
6477,substituted,1,0.3,1.0588109707762017
6478,paraphrased,1,0.3,1.7216800907468484
6479,mixed_text,1,0.3,1.4034772146504957
6480,human_baseline,0,0.3,0.989133851301246
6481,original_ai,1,0.3,2.317393268236934
6482,translated,1,0.3,1.8136630960605429
6483,substituted,1,0.3,1.4993080031553694
6484,paraphrased,1,0.3,0.905835817169351
6485,mixed_text,1,0.3,1.2613576270163371
6486,human_baseline,0,0.3,0.959843805866943
6487,original_ai,1,0.3,2.3224255548082144
6488,translated,1,0.3,2.633127233332704
6489,substituted,1,0.3,1.4442859127315617
6490,paraphrased,1,0.3,1.0413668095441289
6491,mixed_text,1,0.3,1.5780655777538588
6492,human_baseline,0,0.3,1.5084267937680162
6493,original_ai,1,0.3,1.0871479864240503
6494,translated,1,0.3,1.2324572601125945
6495,substituted,1,0.3,1.0699284384362666
6496,paraphrased,1,0.3,0.6051928889667237
6497,mixed_text,1,0.3,1.3931401656152658
6498,human_baseline,0,0.3,1.0099764612836484
6499,original_ai,1,0.3,1.7192802886965703
6500,translated,1,0.3,1.1503630885381246
6501,substituted,1,0.3,1.37186714355747
6502,paraphrased,1,0.3,1.1544141553959284
6503,mixed_text,1,0.3,0.8907284025699748
6504,human_baseline,0,0.3,0.7397859887800844
6505,original_ai,1,0.3,3.053602844045481
6506,translated,1,0.3,1.483309459206202
6507,substituted,1,0.3,1.456156003027793
6508,paraphrased,1,0.3,0.859385895270744
6509,mixed_text,1,0.3,1.4498407371543491
6510,human_baseline,0,0.3,1.2511738455175554
6511,original_ai,1,0.3,1.8997776014619336
6512,translated,1,0.3,1.413026335615274
6513,substituted,1,0.3,1.4060360790807225
6514,paraphrased,1,0.3,1.160390237814958
6515,mixed_text,1,0.3,1.9308566717778937
6516,human_baseline,0,0.3,0.8476299302964118
6517,original_ai,1,0.3,1.0941228617511902
6518,translated,1,0.3,1.2035390938005397
6519,substituted,1,0.3,1.1911504534143222
6520,paraphrased,1,0.3,1.7615223263988362
6521,mixed_text,1,0.3,1.3612882254799172
6522,human_baseline,0,0.3,0.6977865800120584
6523,original_ai,1,0.3,1.283140449040279
6524,translated,1,0.3,1.0962814381454362
6525,substituted,1,0.3,1.123299402397761
6526,paraphrased,1,0.3,1.1998775660474226
6527,mixed_text,1,0.3,1.1367858804697708
6528,human_baseline,0,0.3,1.199388105958433
6529,original_ai,1,0.3,2.0231243807664776
6530,translated,1,0.3,1.9515622723607928
6531,substituted,1,0.3,1.938693024760588
6532,paraphrased,1,0.3,1.258756201445118
6533,mixed_text,1,0.3,1.1074381004979132
6534,human_baseline,0,0.3,1.1418750447692694
6535,original_ai,1,0.3,1.6652904622572922
6536,translated,1,0.3,1.4832915068294257
6537,substituted,1,0.3,1.540318402982476
6538,paraphrased,1,0.3,1.7752577164699517
6539,mixed_text,1,0.3,1.2849321114570285
6540,human_baseline,0,0.3,1.4848355950414531
6541,original_ai,1,0.3,2.4583210097486305
6542,translated,1,0.3,2.393980074417012
6543,substituted,1,0.3,2.3519880236305792
6544,paraphrased,1,0.3,1.3373887773115534
6545,mixed_text,1,0.3,1.5119361630551198
6546,human_baseline,0,0.3,0.9092292211182864
6547,original_ai,1,0.3,1.7997221576671365
6548,translated,1,0.3,1.7731617313404386
6549,substituted,1,0.3,1.3016644979453456
6550,paraphrased,1,0.3,1.566843712273727
6551,mixed_text,1,0.3,1.442461860315206
6552,human_baseline,0,0.3,0.9239931655844756
6553,original_ai,1,0.3,1.6533762891289527
6554,translated,1,0.3,1.692968601202553
6555,substituted,1,0.3,1.5450277754892177
6556,paraphrased,1,0.3,0.5721697088575447
6557,mixed_text,1,0.3,1.3761151749353626
6558,human_baseline,0,0.3,1.100798079470097
6559,original_ai,1,0.3,2.3895567161695217
6560,translated,1,0.3,1.6981858970791566
6561,substituted,1,0.3,1.3439589584281173
6562,paraphrased,1,0.3,1.2736150963518111
6563,mixed_text,1,0.3,1.6291640994582517
6564,human_baseline,0,0.3,1.005236745438267
6565,original_ai,1,0.3,2.6875200738027063
6566,translated,1,0.3,1.369892980148661
6567,substituted,1,0.3,1.4285773258425634
6568,paraphrased,1,0.3,0.937968827996124
6569,mixed_text,1,0.3,1.6382823362363854
6570,human_baseline,0,0.3,0.926877533348391
6571,original_ai,1,0.3,1.5838437835252708
6572,translated,1,0.3,1.4176742706742886
6573,substituted,1,0.3,1.22797094552802
6574,paraphrased,1,0.3,1.1606033921098355
6575,mixed_text,1,0.3,1.8416147963946612
6576,human_baseline,0,0.3,0.602523312556134
6577,original_ai,1,0.3,1.607322210007577
6578,translated,1,0.3,1.3086669103160131
6579,substituted,1,0.3,1.0570423395936537
6580,paraphrased,1,0.3,1.0127077016223218
6581,mixed_text,1,0.3,1.3605471725945195
6582,human_baseline,0,0.3,0.69345276764008
6583,original_ai,1,0.3,2.150013938756563
6584,translated,1,0.3,1.7693482763871045
6585,substituted,1,0.3,1.8865624765649869
6586,paraphrased,1,0.3,1.3091613977951118
6587,mixed_text,1,0.3,0.9683332901877878
6588,human_baseline,0,0.3,0.952466229433922
6589,original_ai,1,0.3,2.00311876665317
6590,translated,1,0.3,1.67843324446786
6591,substituted,1,0.3,1.176047338005129
6592,paraphrased,1,0.3,1.121043592991061
6593,mixed_text,1,0.3,1.5298797281697838
6594,human_baseline,0,0.3,0.9805564552215534
6595,original_ai,1,0.3,2.191468540280728
6596,translated,1,0.3,1.648904061511052
6597,substituted,1,0.3,1.5585181864491302
6598,paraphrased,1,0.3,1.0990131658342324
6599,mixed_text,1,0.3,1.3821518721758963
6600,human_baseline,0,0.3,0.6674094266910446
6601,original_ai,1,0.3,2.568120742009595
6602,translated,1,0.3,2.327133314290189
6603,substituted,1,0.3,1.3145569998624895
6604,paraphrased,1,0.3,1.2021505012387228
6605,mixed_text,1,0.3,1.5769435740137756
6606,human_baseline,0,0.3,0.802805784460678
6607,original_ai,1,0.3,2.447675716277718
6608,translated,1,0.3,1.9882476861165024
6609,substituted,1,0.3,1.297219913036936
6610,paraphrased,1,0.3,0.6823550562359664
6611,mixed_text,1,0.3,1.3226852140756
6612,human_baseline,0,0.3,1.4146296686068265
6613,original_ai,1,0.3,1.5214637100669328
6614,translated,1,0.3,1.2718105824754895
6615,substituted,1,0.3,1.0782990790195472
6616,paraphrased,1,0.3,0.7827165378074913
6617,mixed_text,1,0.3,1.0227469860241387
6618,human_baseline,0,0.3,1.4505072007608943
6619,original_ai,1,0.3,1.8638231527415052
6620,translated,1,0.3,1.6465114755236343
6621,substituted,1,0.3,1.0783511565150206
6622,paraphrased,1,0.3,1.2852821916627886
6623,mixed_text,1,0.3,1.2536667920228997
6624,human_baseline,0,0.3,0.8159269826799734
6625,original_ai,1,0.3,2.298712108477241
6626,translated,1,0.3,1.7936077464051288
6627,substituted,1,0.3,1.3422752409966083
6628,paraphrased,1,0.3,1.7476391621587029
6629,mixed_text,1,0.3,1.3461899323538864
6630,human_baseline,0,0.3,1.0174699323699508
6631,original_ai,1,0.3,1.415723112271604
6632,translated,1,0.3,1.4193156724082896
6633,substituted,1,0.3,1.748979757006667
6634,paraphrased,1,0.3,1.3475650026320436
6635,mixed_text,1,0.3,1.076088264784923
6636,human_baseline,0,0.3,0.974753016302654
6637,original_ai,1,0.3,1.472980732036627
6638,translated,1,0.3,1.5614903648628164
6639,substituted,1,0.3,1.3123818822693596
6640,paraphrased,1,0.3,1.1473237808319836
6641,mixed_text,1,0.3,0.9827244487673924
6642,human_baseline,0,0.3,0.9176683794038588
6643,original_ai,1,0.3,1.814912598699779
6644,translated,1,0.3,1.5882184747345285
6645,substituted,1,0.3,1.3703158095819308
6646,paraphrased,1,0.3,0.8107457733316575
6647,mixed_text,1,0.3,1.3405239365098234
6648,human_baseline,0,0.3,1.333013263138126
6649,original_ai,1,0.3,1.5154060714729989
6650,translated,1,0.3,1.1336188690014963
6651,substituted,1,0.3,1.1696272888306276
6652,paraphrased,1,0.3,1.2062119189093097
6653,mixed_text,1,0.3,1.5099280917766806
6654,human_baseline,0,0.3,0.8776672328939416
6655,original_ai,1,0.3,1.2341192558674607
6656,translated,1,0.3,1.17886547599697
6657,substituted,1,0.3,0.9003913381556294
6658,paraphrased,1,0.3,1.1528527530926702
6659,mixed_text,1,0.3,0.7935887931580159
6660,human_baseline,0,0.3,1.0273744653372143
6661,original_ai,1,0.3,1.8860693817612963
6662,translated,1,0.3,1.8872739928473576
6663,substituted,1,0.3,1.5629889808577844
6664,paraphrased,1,0.3,1.7726216746068406
6665,mixed_text,1,0.3,1.255703802458597
6666,human_baseline,0,0.3,1.070838224468217
6667,original_ai,1,0.3,1.5438103914166648
6668,translated,1,0.3,1.4429728745098995
6669,substituted,1,0.3,1.6089397433852104
6670,paraphrased,1,0.3,1.292660262203362
6671,mixed_text,1,0.3,1.1481994780100244
6672,human_baseline,0,0.3,1.1604722086134718
6673,original_ai,1,0.3,1.8050470102987288
6674,translated,1,0.3,1.330152258957779
6675,substituted,1,0.3,0.8724662064748251
6676,paraphrased,1,0.3,1.5878186732304462
6677,mixed_text,1,0.3,1.3648775114695733
6678,human_baseline,0,0.3,0.706956504497593
6679,original_ai,1,0.3,1.167370430404955
6680,translated,1,0.3,1.5215827355295712
6681,substituted,1,0.3,1.6525396045702276
6682,paraphrased,1,0.3,1.054355437849826
6683,mixed_text,1,0.3,0.7749568686852671
6684,human_baseline,0,0.3,1.1229983706536355
6685,original_ai,1,0.3,2.086933649816249
6686,translated,1,0.3,1.565346730540064
6687,substituted,1,0.3,1.094152482392762
6688,paraphrased,1,0.3,1.635996101780506
6689,mixed_text,1,0.3,1.0000448190197977
6690,human_baseline,0,0.3,0.8040322505626494
6691,original_ai,1,0.3,2.999125925406085
6692,translated,1,0.3,1.355168312186267
6693,substituted,1,0.3,1.152600460468566
6694,paraphrased,1,0.3,1.3920740071156446
6695,mixed_text,1,0.3,1.2369836048551524
6696,human_baseline,0,0.3,1.1313591147497482
6697,original_ai,1,0.3,2.157291437157301
6698,translated,1,0.3,1.958851880253892
6699,substituted,1,0.3,1.572452493024664
6700,paraphrased,1,0.3,1.2892806733669726
6701,mixed_text,1,0.3,1.327753617732924
6702,human_baseline,0,0.3,1.3534684747726815
6703,original_ai,1,0.3,1.025345048666503
6704,translated,1,0.3,1.049171563879758
6705,substituted,1,0.3,1.2368525136140185
6706,paraphrased,1,0.3,1.5060321743812453
6707,mixed_text,1,0.3,1.5514091254274471
6708,human_baseline,0,0.3,1.1747279108754771
6709,original_ai,1,0.3,2.609913839288214
6710,translated,1,0.3,1.7558647811951598
6711,substituted,1,0.3,2.651170144613598
6712,paraphrased,1,0.3,1.2981135744890264
6713,mixed_text,1,0.3,1.5727041613591228
6714,human_baseline,0,0.3,0.8219926225965843
6715,original_ai,1,0.3,1.8530332275923012
6716,translated,1,0.3,1.401157567345429
6717,substituted,1,0.3,1.4127088869862143
6718,paraphrased,1,0.3,1.2184706379776935
6719,mixed_text,1,0.3,1.8920516920073531
6720,human_baseline,0,0.3,1.0349913611735737
6721,original_ai,1,0.3,1.4159220233611614
6722,translated,1,0.3,1.2814208577613748
6723,substituted,1,0.3,0.9757494487587928
6724,paraphrased,1,0.3,1.100929867105258
6725,mixed_text,1,0.3,1.4255672935415808
6726,human_baseline,0,0.3,0.870333296436713
6727,original_ai,1,0.3,1.88337453084714
6728,translated,1,0.3,1.5327810956042132
6729,substituted,1,0.3,1.0858606646908042
6730,paraphrased,1,0.3,1.06715503230716
6731,mixed_text,1,0.3,1.9509433408241763
6732,human_baseline,0,0.3,0.843348347805913
6733,original_ai,1,0.3,2.656998263211148
6734,translated,1,0.3,1.4372085320271677
6735,substituted,1,0.3,1.2004885242734893
6736,paraphrased,1,0.3,2.056932191692105
6737,mixed_text,1,0.3,1.211117586721277
6738,human_baseline,0,0.3,0.788144822582785
6739,original_ai,1,0.3,1.7941644545418398
6740,translated,1,0.3,1.670687837847035
6741,substituted,1,0.3,1.6332480468965205
6742,paraphrased,1,0.3,1.0067302879608089
6743,mixed_text,1,0.3,1.2898236338397857
6744,human_baseline,0,0.3,0.9476094384336328
6745,original_ai,1,0.3,1.292917394050517
6746,translated,1,0.3,1.182275094096688
6747,substituted,1,0.3,1.0155795465071735
6748,paraphrased,1,0.3,0.9796280778622372
6749,mixed_text,1,0.3,0.8941329804920086
6750,human_baseline,0,0.3,0.7972850994818576
6751,original_ai,1,0.3,1.951449626424035
6752,translated,1,0.3,1.4328268446324055
6753,substituted,1,0.3,1.9484102872809848
6754,paraphrased,1,0.3,1.5730702098973832
6755,mixed_text,1,0.3,1.1887643148657494
6756,human_baseline,0,0.3,1.0308346726936302
6757,original_ai,1,0.3,2.118546603611939
6758,translated,1,0.3,1.7424449273305749
6759,substituted,1,0.3,1.1777725455461336
6760,paraphrased,1,0.3,1.1669596866191971
6761,mixed_text,1,0.3,1.3868528683009964
6762,human_baseline,0,0.3,0.947602232381356
6763,original_ai,1,0.3,1.377269862919775
6764,translated,1,0.3,1.306484887569268
6765,substituted,1,0.3,0.8856454666426103
6766,paraphrased,1,0.3,1.2105608067859324
6767,mixed_text,1,0.3,1.2146086171764117
6768,human_baseline,0,0.3,0.9589994388422638
6769,original_ai,1,0.3,1.6650675950639475
6770,translated,1,0.3,1.5834360000097103
6771,substituted,1,0.3,1.0020912918971363
6772,paraphrased,1,0.3,0.7137415640353224
6773,mixed_text,1,0.3,1.5937395075979828
6774,human_baseline,0,0.3,0.8370826314675212
6775,original_ai,1,0.3,2.253869783238267
6776,translated,1,0.3,1.5663813875434178
6777,substituted,1,0.3,1.958153352105322
6778,paraphrased,1,0.3,1.2191885975479444
6779,mixed_text,1,0.3,1.076033947146807
6780,human_baseline,0,0.3,0.7142749569799667
6781,original_ai,1,0.3,2.348554715570838
6782,translated,1,0.3,1.1433801405385613
6783,substituted,1,0.3,1.3689376897974337
6784,paraphrased,1,0.3,1.1613616947778618
6785,mixed_text,1,0.3,1.0331972597008576
6786,human_baseline,0,0.3,0.8984932641473206
6787,original_ai,1,0.3,1.2607828790859306
6788,translated,1,0.3,1.4741055945127126
6789,substituted,1,0.3,1.6071936508113525
6790,paraphrased,1,0.3,0.949569089739701
6791,mixed_text,1,0.3,0.9485645393979129
6792,human_baseline,0,0.3,1.3422881024034603
6793,original_ai,1,0.3,2.6162996770722904
6794,translated,1,0.3,2.1074318196053867
6795,substituted,1,0.3,1.7368120795674284
6796,paraphrased,1,0.3,1.1831376963346607
6797,mixed_text,1,0.3,1.2506314385385904
6798,human_baseline,0,0.3,0.8280021902927615
6799,original_ai,1,0.3,1.7557242609797328
6800,translated,1,0.3,1.5359504844999248
6801,substituted,1,0.3,1.1247678624964768
6802,paraphrased,1,0.3,1.1278407882616663
6803,mixed_text,1,0.3,1.1963651158637774
6804,human_baseline,0,0.3,1.164460425045439
6805,original_ai,1,0.3,1.5424368740416408
6806,translated,1,0.3,1.5107898877094337
6807,substituted,1,0.3,1.4832428021787378
6808,paraphrased,1,0.3,0.8354515724523985
6809,mixed_text,1,0.3,1.8893934719064571
6810,human_baseline,0,0.3,0.9462482606176787
6811,original_ai,1,0.3,2.062271313029004
6812,translated,1,0.3,1.3585657308077788
6813,substituted,1,0.3,1.11711253635957
6814,paraphrased,1,0.3,1.203187262981593
6815,mixed_text,1,0.3,0.9886367083410398
6816,human_baseline,0,0.3,1.5243948408890495
6817,original_ai,1,0.3,1.459329026226048
6818,translated,1,0.3,2.0566459696696278
6819,substituted,1,0.3,1.5717463541135592
6820,paraphrased,1,0.3,0.9948536290330816
6821,mixed_text,1,0.3,1.5842825843041728
6822,human_baseline,0,0.3,0.9704067145697448
6823,original_ai,1,0.3,2.8221871948901134
6824,translated,1,0.3,2.5332576267550317
6825,substituted,1,0.3,1.4163340127175408
6826,paraphrased,1,0.3,2.1314365463377984
6827,mixed_text,1,0.3,1.1951052216309257
6828,human_baseline,0,0.3,1.0561476691966878
6829,original_ai,1,0.3,1.6155118678192
6830,translated,1,0.3,1.297858277797218
6831,substituted,1,0.3,1.1053302945342922
6832,paraphrased,1,0.3,0.7661904770754846
6833,mixed_text,1,0.3,1.3574815461852423
6834,human_baseline,0,0.3,0.6907041239488784
6835,original_ai,1,0.3,1.116684953068363
6836,translated,1,0.3,1.1286543488406682
6837,substituted,1,0.3,0.9717928597820096
6838,paraphrased,1,0.3,1.042908018390041
6839,mixed_text,1,0.3,1.03128172101328
6840,human_baseline,0,0.3,1.0607103119220866
6841,original_ai,1,0.3,2.4480501124242267
6842,translated,1,0.3,1.97093052072844
6843,substituted,1,0.3,1.1271859912567772
6844,paraphrased,1,0.3,0.83461417570617
6845,mixed_text,1,0.3,1.745879402552505
6846,human_baseline,0,0.3,1.0598198782959476
6847,original_ai,1,0.3,1.6856277097973489
6848,translated,1,0.3,1.8958945926001705
6849,substituted,1,0.3,1.4039566060682074
6850,paraphrased,1,0.3,1.127031878273737
6851,mixed_text,1,0.3,1.4991096537702715
6852,human_baseline,0,0.3,0.9254568331759864
6853,original_ai,1,0.3,1.6961820524448703
6854,translated,1,0.3,1.6711452663956037
6855,substituted,1,0.3,1.3615488283829047
6856,paraphrased,1,0.3,1.2133196750871476
6857,mixed_text,1,0.3,1.076048267737413
6858,human_baseline,0,0.3,1.2061062539371763
6859,original_ai,1,0.3,1.5733398940962895
6860,translated,1,0.3,1.6778098458087185
6861,substituted,1,0.3,1.2783218884837235
6862,paraphrased,1,0.3,1.0952367151629592
6863,mixed_text,1,0.3,1.6648636618198311
6864,human_baseline,0,0.3,1.1790204458513822
6865,original_ai,1,0.3,1.9637225046642457
6866,translated,1,0.3,1.835975000193485
6867,substituted,1,0.3,0.8361663178869536
6868,paraphrased,1,0.3,1.244371106991089
6869,mixed_text,1,0.3,1.543937401564876
6870,human_baseline,0,0.3,1.0238796225361972
6871,original_ai,1,0.3,2.085989083820047
6872,translated,1,0.3,2.041997676871295
6873,substituted,1,0.3,1.4231950738508374
6874,paraphrased,1,0.3,1.3065997105803464
6875,mixed_text,1,0.3,1.159817937089061
6876,human_baseline,0,0.3,0.8887636000571365
6877,original_ai,1,0.3,1.5473562787883997
6878,translated,1,0.3,1.6864263376723456
6879,substituted,1,0.3,1.474597188210184
6880,paraphrased,1,0.3,1.3337150593594
6881,mixed_text,1,0.3,1.6699511885197271
6882,human_baseline,0,0.3,0.8151924200017724
6883,original_ai,1,0.3,3.0984232986336
6884,translated,1,0.3,1.9338115526953537
6885,substituted,1,0.3,1.271035429544205
6886,paraphrased,1,0.3,1.3328615029680742
6887,mixed_text,1,0.3,1.712040881897968
6888,human_baseline,0,0.3,1.137965248370569
6889,original_ai,1,0.3,1.5423345375367254
6890,translated,1,0.3,1.2267214409364442
6891,substituted,1,0.3,1.8472505635023184
6892,paraphrased,1,0.3,1.0157358445906557
6893,mixed_text,1,0.3,1.229968594425548
6894,human_baseline,0,0.3,0.727062118413726
6895,original_ai,1,0.3,2.043885198046975
6896,translated,1,0.3,1.4388916020847804
6897,substituted,1,0.3,1.091417075457337
6898,paraphrased,1,0.3,1.1713883118230135
6899,mixed_text,1,0.3,1.0169598938773965
6900,human_baseline,0,0.3,0.9310578254627722
6901,original_ai,1,0.3,2.2419844133556
6902,translated,1,0.3,2.2871625349780205
6903,substituted,1,0.3,1.7109616602195927
6904,paraphrased,1,0.3,1.4537030010715437
6905,mixed_text,1,0.3,1.4299363389908064
6906,human_baseline,0,0.3,0.972704401977844
6907,original_ai,1,0.3,1.44768975435796
6908,translated,1,0.3,2.143610141764664
6909,substituted,1,0.3,1.1966060320677934
6910,paraphrased,1,0.3,1.2302304984173256
6911,mixed_text,1,0.3,0.9571094843390202
6912,human_baseline,0,0.3,0.9540079525534292
6913,original_ai,1,0.3,2.2864889125172594
6914,translated,1,0.3,2.5574281294241232
6915,substituted,1,0.3,1.515506315689833
6916,paraphrased,1,0.3,1.3013530890145275
6917,mixed_text,1,0.3,1.42352998082269
6918,human_baseline,0,0.3,0.7848894911067815
6919,original_ai,1,0.3,1.239046105431439
6920,translated,1,0.3,1.004012340657752
6921,substituted,1,0.3,0.9903542478904772
6922,paraphrased,1,0.3,0.8419044082947894
6923,mixed_text,1,0.3,0.7785875835030246
6924,human_baseline,0,0.3,0.7416079217715567
6925,original_ai,1,0.3,1.431718791854265
6926,translated,1,0.3,1.0400898886250984
6927,substituted,1,0.3,1.366359661901615
6928,paraphrased,1,0.3,1.1936310081203407
6929,mixed_text,1,0.3,1.3603153381063198
6930,human_baseline,0,0.3,0.8757066596896763
6931,original_ai,1,0.3,1.6250090811705968
6932,translated,1,0.3,1.3061035628232418
6933,substituted,1,0.3,1.1632340812807251
6934,paraphrased,1,0.3,0.8891375823735546
6935,mixed_text,1,0.3,1.007443494605038
6936,human_baseline,0,0.3,0.8931905155871319
6937,original_ai,1,0.3,2.2477640331103523
6938,translated,1,0.3,1.8198782238237936
6939,substituted,1,0.3,1.316519616435333
6940,paraphrased,1,0.3,2.14713114040816
6941,mixed_text,1,0.3,1.4800210737780606
6942,human_baseline,0,0.3,0.985925485078939
6943,original_ai,1,0.3,2.1602486608274747
6944,translated,1,0.3,1.8695292886174335
6945,substituted,1,0.3,0.9777091557045612
6946,paraphrased,1,0.3,1.2952972851070872
6947,mixed_text,1,0.3,1.4443648806174545
6948,human_baseline,0,0.3,0.7351222006605038
6949,original_ai,1,0.3,1.5276817445245234
6950,translated,1,0.3,1.4123813470449793
6951,substituted,1,0.3,1.3830571349407483
6952,paraphrased,1,0.3,1.0896911169394898
6953,mixed_text,1,0.3,1.56559822071815
6954,human_baseline,0,0.3,0.9209758618776062
6955,original_ai,1,0.3,3.5391311853081917
6956,translated,1,0.3,2.2517031286689524
6957,substituted,1,0.3,1.5048212474942155
6958,paraphrased,1,0.3,1.413864021737862
6959,mixed_text,1,0.3,1.876615490632758
6960,human_baseline,0,0.3,0.9567852956880598
6961,original_ai,1,0.3,2.6731220733974226
6962,translated,1,0.3,1.9482605945245712
6963,substituted,1,0.3,1.4764212853820375
6964,paraphrased,1,0.3,1.9725975952403851
6965,mixed_text,1,0.3,1.172933226740704
6966,human_baseline,0,0.3,1.2174157990949273
6967,original_ai,1,0.3,2.4445785675443656
6968,translated,1,0.3,1.457628153033264
6969,substituted,1,0.3,1.2640835985529355
6970,paraphrased,1,0.3,1.2051526395845282
6971,mixed_text,1,0.3,1.2850801860215657
6972,human_baseline,0,0.3,0.9885534619129094
6973,original_ai,1,0.3,1.13154730646404
6974,translated,1,0.3,1.1660924392797938
6975,substituted,1,0.3,1.0542273565458251
6976,paraphrased,1,0.3,1.2717173137320787
6977,mixed_text,1,0.3,1.3344874245226293
6978,human_baseline,0,0.3,0.7907580783473225
6979,original_ai,1,0.3,1.3431645762751776
6980,translated,1,0.3,1.120614437452523
6981,substituted,1,0.3,1.3754044514380246
6982,paraphrased,1,0.3,1.6741488989464886
6983,mixed_text,1,0.3,1.5176823808408575
6984,human_baseline,0,0.3,1.0274032836497526
6985,original_ai,1,0.3,1.808466457724441
6986,translated,1,0.3,1.619134770068695
6987,substituted,1,0.3,1.4625405354704974
6988,paraphrased,1,0.3,3.064761625507585
6989,mixed_text,1,0.3,1.0443759073212164
6990,human_baseline,0,0.3,0.898272457010146
6991,original_ai,1,0.3,2.645026291130605
6992,translated,1,0.3,2.530175586843205
6993,substituted,1,0.3,2.2145551177939526
6994,paraphrased,1,0.3,1.745244943701577
6995,mixed_text,1,0.3,1.074698541668757
6996,human_baseline,0,0.3,1.4209049685223991
6997,original_ai,1,0.3,1.640584697516155
6998,translated,1,0.3,1.2500813126020631
6999,substituted,1,0.3,0.9577445636339894
7000,paraphrased,1,0.3,0.9046153409823317
7001,mixed_text,1,0.3,1.6890780392332922
7002,human_baseline,0,0.3,0.7489499877668332
7003,original_ai,1,0.3,1.3842156783563966
7004,translated,1,0.3,2.5146846033734693
7005,substituted,1,0.3,0.9960670431781432
7006,paraphrased,1,0.3,1.3211488489401606
7007,mixed_text,1,0.3,1.0965905059462198
7008,human_baseline,0,0.3,0.7439932253120107
7009,original_ai,1,0.3,1.306785025366869
7010,translated,1,0.3,1.184118268028595
7011,substituted,1,0.3,0.8692082428447541
7012,paraphrased,1,0.3,1.4039396272809397
7013,mixed_text,1,0.3,1.3206427223835886
7014,human_baseline,0,0.3,1.0528256965839
7015,original_ai,1,0.3,2.184007174964177
7016,translated,1,0.3,2.19875287030006
7017,substituted,1,0.3,1.2208949358601822
7018,paraphrased,1,0.3,1.8243785205991148
7019,mixed_text,1,0.3,1.3879147140322057
7020,human_baseline,0,0.3,0.8665313705431522
7021,original_ai,1,0.3,2.8676509243089825
7022,translated,1,0.3,1.906919330334158
7023,substituted,1,0.3,1.445192842960962
7024,paraphrased,1,0.3,1.5908039892770616
7025,mixed_text,1,0.3,2.274710212431493
7026,human_baseline,0,0.3,0.9364162993079648
7027,original_ai,1,0.3,1.5791528751494417
7028,translated,1,0.3,1.5148729190369696
7029,substituted,1,0.3,1.1694765049335991
7030,paraphrased,1,0.3,0.9222454077392376
7031,mixed_text,1,0.3,1.1072978265456894
7032,human_baseline,0,0.3,0.8350197657468987
7033,original_ai,1,0.3,2.211076381316859
7034,translated,1,0.3,2.0913041851850345
7035,substituted,1,0.3,1.7759944837668606
7036,paraphrased,1,0.3,1.253167717178548
7037,mixed_text,1,0.3,0.8395097941739489
7038,human_baseline,0,0.3,0.9211936925047042
7039,original_ai,1,0.3,1.9663544226840577
7040,translated,1,0.3,1.686867006672374
7041,substituted,1,0.3,1.3741686247672815
7042,paraphrased,1,0.3,0.7296109405953228
7043,mixed_text,1,0.3,1.2263453931445882
7044,human_baseline,0,0.3,0.9730991635995512
7045,original_ai,1,0.3,2.3777392976145784
7046,translated,1,0.3,2.0658399881069456
7047,substituted,1,0.3,1.1103615972129868
7048,paraphrased,1,0.3,1.514412196974317
7049,mixed_text,1,0.3,1.1970931930760431
7050,human_baseline,0,0.3,1.2317336034853883
7051,original_ai,1,0.3,1.1761693847650485
7052,translated,1,0.3,1.2370727526588734
7053,substituted,1,0.3,1.1015161787172392
7054,paraphrased,1,0.3,0.908187772281458
7055,mixed_text,1,0.3,0.9910955622105218
7056,human_baseline,0,0.3,1.148543946238363
7057,original_ai,1,0.3,1.7281055813096926
7058,translated,1,0.3,1.6171005278305228
7059,substituted,1,0.3,1.2234868183986172
7060,paraphrased,1,0.3,1.4118954654839806
7061,mixed_text,1,0.3,2.0165581452397907
7062,human_baseline,0,0.3,0.8834495414049283
7063,original_ai,1,0.3,1.992333135206264
7064,translated,1,0.3,1.4792382120327523
7065,substituted,1,0.3,1.3401431095762937
7066,paraphrased,1,0.3,1.8852704398839653
7067,mixed_text,1,0.3,1.71124087193327
7068,human_baseline,0,0.3,0.7368006266881523
7069,original_ai,1,0.3,1.5002101323469978
7070,translated,1,0.3,1.5319377506835008
7071,substituted,1,0.3,1.250334110780632
7072,paraphrased,1,0.3,1.0152315590972578
7073,mixed_text,1,0.3,1.0711045672260613
7074,human_baseline,0,0.3,0.8939464441309203
7075,original_ai,1,0.3,1.9266107292926968
7076,translated,1,0.3,1.6055986055997515
7077,substituted,1,0.3,1.5494776261497505
7078,paraphrased,1,0.3,1.2990438980238217
7079,mixed_text,1,0.3,2.0425835348572616
7080,human_baseline,0,0.3,0.949393559464523
7081,original_ai,1,0.3,1.0931313042624098
7082,translated,1,0.3,1.1051853241022411
7083,substituted,1,0.3,0.9523980031120022
7084,paraphrased,1,0.3,1.0269018149121216
7085,mixed_text,1,0.3,0.9781817400202388
7086,human_baseline,0,0.3,1.1241799471658136
7087,original_ai,1,0.3,1.961927393943981
7088,translated,1,0.3,1.449411325560328
7089,substituted,1,0.3,1.0087791513284023
7090,paraphrased,1,0.3,1.0372242015499793
7091,mixed_text,1,0.3,1.414981879190918
7092,human_baseline,0,0.3,1.1374002123684035
7093,original_ai,1,0.3,1.873315988100244
7094,translated,1,0.3,1.691721434009279
7095,substituted,1,0.3,1.493794679197049
7096,paraphrased,1,0.3,1.125076037022901
7097,mixed_text,1,0.3,0.9756463025377516
7098,human_baseline,0,0.3,0.9668997233980592
7099,original_ai,1,0.3,1.764743382323749
7100,translated,1,0.3,1.7796035887438486
7101,substituted,1,0.3,1.4563410592990835
7102,paraphrased,1,0.3,1.426602458978714
7103,mixed_text,1,0.3,1.4552371671096778
7104,human_baseline,0,0.3,0.8534661543012985
7105,original_ai,1,0.3,1.7733157941617563
7106,translated,1,0.3,1.7795007856833305
7107,substituted,1,0.3,0.8499037724090917
7108,paraphrased,1,0.3,1.0479133668901506
7109,mixed_text,1,0.3,1.0505147994693762
7110,human_baseline,0,0.3,0.7225128163022828
7111,original_ai,1,0.3,1.5005890640292197
7112,translated,1,0.3,1.3885493910389215
7113,substituted,1,0.3,1.1775446903939586
7114,paraphrased,1,0.3,1.157273238016204
7115,mixed_text,1,0.3,1.7968363940941547
7116,human_baseline,0,0.3,1.0530288564709118
7117,original_ai,1,0.3,1.7952361705267743
7118,translated,1,0.3,1.57982344300228
7119,substituted,1,0.3,1.4523551175001002
7120,paraphrased,1,0.3,1.02519759709473
7121,mixed_text,1,0.3,1.0640771529101591
7122,human_baseline,0,0.3,0.975805432246142
7123,original_ai,1,0.3,2.264071055764646
7124,translated,1,0.3,1.692186354459209
7125,substituted,1,0.3,1.0774274861120685
7126,paraphrased,1,0.3,2.105033964816065
7127,mixed_text,1,0.3,2.1617584485758896
7128,human_baseline,0,0.3,1.0622113233183097
7129,original_ai,1,0.3,3.3901481303817094
7130,translated,1,0.3,2.814797311545492
7131,substituted,1,0.3,1.3056175462383464
7132,paraphrased,1,0.3,1.0228352337183195
7133,mixed_text,1,0.3,1.7153582400629492
7134,human_baseline,0,0.3,0.9427431592148104
7135,original_ai,1,0.3,2.1327078329249094
7136,translated,1,0.3,2.5846403152234805
7137,substituted,1,0.3,1.856550359931452
7138,paraphrased,1,0.3,1.4152721555595007
7139,mixed_text,1,0.3,1.7381769957289108
7140,human_baseline,0,0.3,0.7516191596658159
7141,original_ai,1,0.3,2.520738706545932
7142,translated,1,0.3,1.7788859654357942
7143,substituted,1,0.3,1.2115321472816107
7144,paraphrased,1,0.3,1.0883015364103412
7145,mixed_text,1,0.3,1.1292901041175474
7146,human_baseline,0,0.3,0.7189868194568311
7147,original_ai,1,0.3,1.5642324215403136
7148,translated,1,0.3,1.3503195193192798
7149,substituted,1,0.3,1.0467682668441471
7150,paraphrased,1,0.3,1.1414770561466636
7151,mixed_text,1,0.3,0.9545622031001052
7152,human_baseline,0,0.3,0.9747741124659296
7153,original_ai,1,0.3,1.558340383472953
7154,translated,1,0.3,0.9351964461445128
7155,substituted,1,0.3,1.170879776188218
7156,paraphrased,1,0.3,1.150441830683563
7157,mixed_text,1,0.3,1.051854427866142
7158,human_baseline,0,0.3,1.1162303793334751
7159,original_ai,1,0.3,1.686755366314764
7160,translated,1,0.3,1.7247560178065722
7161,substituted,1,0.3,0.8992601404234564
7162,paraphrased,1,0.3,1.018360309392944
7163,mixed_text,1,0.3,1.2249774390362491
7164,human_baseline,0,0.3,1.629295749037922
7165,original_ai,1,0.3,1.4602187932179311
7166,translated,1,0.3,1.4890560713869454
7167,substituted,1,0.3,1.1249671625693929
7168,paraphrased,1,0.3,1.8677637858753509
7169,mixed_text,1,0.3,1.420501676131114
7170,human_baseline,0,0.3,0.5792667081224971
7171,original_ai,1,0.3,2.2481432021671703
7172,translated,1,0.3,1.980637759919513
7173,substituted,1,0.3,1.0274739215516648
7174,paraphrased,1,0.3,1.196653291836529
7175,mixed_text,1,0.3,0.9973216319753389
7176,human_baseline,0,0.3,0.9255886644979706
7177,original_ai,1,0.3,1.2729780775391215
7178,translated,1,0.3,1.3563581764021235
7179,substituted,1,0.3,1.2730768365362637
7180,paraphrased,1,0.3,0.7036001255295561
7181,mixed_text,1,0.3,2.310910549294126
7182,human_baseline,0,0.3,1.209803177306142
7183,original_ai,1,0.3,1.0947693105649536
7184,translated,1,0.3,1.112119818804062
7185,substituted,1,0.3,0.8767149704154616
7186,paraphrased,1,0.3,0.880156395716146
7187,mixed_text,1,0.3,1.3807293143687185
7188,human_baseline,0,0.3,1.175333597529259
7189,original_ai,1,0.3,2.2991247001642403
7190,translated,1,0.3,2.160141925771867
7191,substituted,1,0.3,1.574878335428976
7192,paraphrased,1,0.3,1.4532464566908851
7193,mixed_text,1,0.3,1.8544476670549923
7194,human_baseline,0,0.3,0.8536245810975115
7195,original_ai,1,0.3,1.1023850274596827
7196,translated,1,0.3,1.0706658125118873
7197,substituted,1,0.3,1.13689767574372
7198,paraphrased,1,0.3,0.9178333882857
7199,mixed_text,1,0.3,1.4996876786673314
7200,human_baseline,0,0.3,0.8474839558133319
7201,original_ai,1,0.3,1.3581019032426924
7202,translated,1,0.3,1.2809953173405586
7203,substituted,1,0.3,0.9825848509974184
7204,paraphrased,1,0.3,1.192179442899304
7205,mixed_text,1,0.3,1.022868776820725
7206,human_baseline,0,0.3,0.8599482402880007
7207,original_ai,1,0.3,2.2309695760045294
7208,translated,1,0.3,1.110839756766777
7209,substituted,1,0.3,1.0449170939374892
7210,paraphrased,1,0.3,1.0809610761685526
7211,mixed_text,1,0.3,1.0821208462959169
7212,human_baseline,0,0.3,0.9584986980584796
7213,original_ai,1,0.3,1.1588246771149384
7214,translated,1,0.3,1.041340747799751
7215,substituted,1,0.3,0.8925985459762485
7216,paraphrased,1,0.3,0.8063525716762614
7217,mixed_text,1,0.3,1.2245395511527593
7218,human_baseline,0,0.3,1.032832921789122
7219,original_ai,1,0.3,1.4885078370631226
7220,translated,1,0.3,1.5404809267876105
7221,substituted,1,0.3,1.9656631383611245
7222,paraphrased,1,0.3,1.2423945294156564
7223,mixed_text,1,0.3,1.505475165264963
7224,human_baseline,0,0.3,1.1939042128742758
7225,original_ai,1,0.3,1.5978191921392968
7226,translated,1,0.3,1.9613268376965312
7227,substituted,1,0.3,1.1587396464123596
7228,paraphrased,1,0.3,0.950213613740736
7229,mixed_text,1,0.3,1.622328456981319
7230,human_baseline,0,0.3,0.9713128966364772
7231,original_ai,1,0.3,1.4276289526916226
7232,translated,1,0.3,1.344074710650427
7233,substituted,1,0.3,1.0387679521010318
7234,paraphrased,1,0.3,1.027077752179152
7235,mixed_text,1,0.3,1.2222359642596334
7236,human_baseline,0,0.3,0.9803334207478211
7237,original_ai,1,0.3,1.687903465060125
7238,translated,1,0.3,1.3594330492199445
7239,substituted,1,0.3,1.1879023568095828
7240,paraphrased,1,0.3,1.124669166526971
7241,mixed_text,1,0.3,1.0876992905456218
7242,human_baseline,0,0.3,1.0031975539971931
7243,original_ai,1,0.3,2.3604466728808893
7244,translated,1,0.3,1.378868393736462
7245,substituted,1,0.3,1.377133103656749
7246,paraphrased,1,0.3,1.1173970808035285
7247,mixed_text,1,0.3,1.2683843076349774
7248,human_baseline,0,0.3,1.2315951652588857
7249,original_ai,1,0.3,0.9802537640008528
7250,translated,1,0.3,1.149063800192962
7251,substituted,1,0.3,0.9162630204665828
7252,paraphrased,1,0.3,1.1170941477180945
7253,mixed_text,1,0.3,1.0673775539890549
7254,human_baseline,0,0.3,0.9554270736365276
7255,original_ai,1,0.3,2.1860543635498133
7256,translated,1,0.3,1.945450400334219
7257,substituted,1,0.3,1.534692848319314
7258,paraphrased,1,0.3,1.276732520990546
7259,mixed_text,1,0.3,1.372816828744981
7260,human_baseline,0,0.3,1.1057355181549853
7261,original_ai,1,0.3,1.436193342436811
7262,translated,1,0.3,1.189449465080986
7263,substituted,1,0.3,1.44786139422789
7264,paraphrased,1,0.3,1.356937639981956
7265,mixed_text,1,0.3,0.9184155969110948
7266,human_baseline,0,0.3,1.022461203632042
7267,original_ai,1,0.3,1.7066337382601082
7268,translated,1,0.3,1.6813503003789982
7269,substituted,1,0.3,1.4193155950457734
7270,paraphrased,1,0.3,1.6288050429240082
7271,mixed_text,1,0.3,1.3738718993888426
7272,human_baseline,0,0.3,1.4553093560705403
7273,original_ai,1,0.3,1.7179851887800726
7274,translated,1,0.3,1.6786335181602148
7275,substituted,1,0.3,1.5953447856182417
7276,paraphrased,1,0.3,0.7326334740110557
7277,mixed_text,1,0.3,1.4868679964095828
7278,human_baseline,0,0.3,1.1132631895997984
7279,original_ai,1,0.3,3.030897091373481
7280,translated,1,0.3,1.7224347029612814
7281,substituted,1,0.3,1.3535963982701262
7282,paraphrased,1,0.3,1.0379795440979591
7283,mixed_text,1,0.3,1.4482923026914112
7284,human_baseline,0,0.3,0.8026465322271245
7285,original_ai,1,0.3,2.080056797937292
7286,translated,1,0.3,1.505235001432536
7287,substituted,1,0.3,1.4388337343283295
7288,paraphrased,1,0.3,0.8845186510204719
7289,mixed_text,1,0.3,1.5097870066597163
7290,human_baseline,0,0.3,0.7303876261333023
7291,original_ai,1,0.3,3.394974095137805
7292,translated,1,0.3,2.2486777636811666
7293,substituted,1,0.3,1.5089912352353414
7294,paraphrased,1,0.3,0.94700526198121
7295,mixed_text,1,0.3,1.8214708695119104
7296,human_baseline,0,0.3,0.9568439048842994
7297,original_ai,1,0.3,2.9176834615292324
7298,translated,1,0.3,1.8162980336694443
7299,substituted,1,0.3,1.2658223287086952
7300,paraphrased,1,0.3,1.1545094287189297
7301,mixed_text,1,0.3,1.2278607579771823
7302,human_baseline,0,0.3,0.9237917283322024
7303,original_ai,1,0.3,2.0669665427024437
7304,translated,1,0.3,1.4154649680784095
7305,substituted,1,0.3,1.1966784507034534
7306,paraphrased,1,0.3,0.9552588552798488
7307,mixed_text,1,0.3,1.02823651697492
7308,human_baseline,0,0.3,0.7661344205977275
7309,original_ai,1,0.3,1.6336858292535834
7310,translated,1,0.3,1.4665111377403777
7311,substituted,1,0.3,1.1459465441918482
7312,paraphrased,1,0.3,0.7055583518217232
7313,mixed_text,1,0.3,1.004666997883899
7314,human_baseline,0,0.3,1.0282778224852391
7315,original_ai,1,0.3,1.7138270826475803
7316,translated,1,0.3,1.479791228890392
7317,substituted,1,0.3,1.4419011585157506
7318,paraphrased,1,0.3,1.1752986267661998
7319,mixed_text,1,0.3,1.0238216582786448
7320,human_baseline,0,0.3,0.8576442398868734
7321,original_ai,1,0.3,2.2181540918863485
7322,translated,1,0.3,1.9105340732032847
7323,substituted,1,0.3,2.7127245718188258
7324,paraphrased,1,0.3,1.9095565297459531
7325,mixed_text,1,0.3,1.2998149194858664
7326,human_baseline,0,0.3,0.9493617336287256
7327,original_ai,1,0.3,1.389179235520733
7328,translated,1,0.3,1.3853265987264722
7329,substituted,1,0.3,1.2057596835688789
7330,paraphrased,1,0.3,1.4688174567850276
7331,mixed_text,1,0.3,1.1078736599079635
7332,human_baseline,0,0.3,0.9403841483037154
7333,original_ai,1,0.3,1.8157512063503545
7334,translated,1,0.3,1.4702295810903645
7335,substituted,1,0.3,1.4245496508648363
7336,paraphrased,1,0.3,1.4912143814271204
7337,mixed_text,1,0.3,0.9151289229144312
7338,human_baseline,0,0.3,0.9866877831105688
7339,original_ai,1,0.3,1.393907566277483
7340,translated,1,0.3,1.1651687664237045
7341,substituted,1,0.3,0.8266362268024234
7342,paraphrased,1,0.3,1.001730815253868
7343,mixed_text,1,0.3,1.5377020338844083
7344,human_baseline,0,0.3,0.8040064478485008
7345,original_ai,1,0.3,2.985117913771383
7346,translated,1,0.3,2.9803031855436988
7347,substituted,1,0.3,2.0711039832311244
7348,paraphrased,1,0.3,0.9176636359066006
7349,mixed_text,1,0.3,1.1335823625022556
7350,human_baseline,0,0.3,1.460927374062817
7351,original_ai,1,0.3,1.3727442568564845
7352,translated,1,0.3,1.5691054497243526
7353,substituted,1,0.3,0.9692570938018495
7354,paraphrased,1,0.3,0.8826437214720214
7355,mixed_text,1,0.3,1.3565044629527658
7356,human_baseline,0,0.3,0.9409439494960996
7357,original_ai,1,0.3,3.2356568944983928
7358,translated,1,0.3,3.0414787852466336
7359,substituted,1,0.3,2.295046215052002
7360,paraphrased,1,0.3,0.9262502515863064
7361,mixed_text,1,0.3,1.519358529020099
7362,human_baseline,0,0.3,0.9957274007561966
7363,original_ai,1,0.3,1.7074950986829764
7364,translated,1,0.3,1.259809998436653
7365,substituted,1,0.3,1.4949373120746403
7366,paraphrased,1,0.3,1.132832490816646
7367,mixed_text,1,0.3,1.5985979350830608
7368,human_baseline,0,0.3,0.7634464332040851
7369,original_ai,1,0.3,1.736100610630527
7370,translated,1,0.3,1.4167267595389512
7371,substituted,1,0.3,0.7568883591049226
7372,paraphrased,1,0.3,1.25127207625851
7373,mixed_text,1,0.3,1.0779611237148443
7374,human_baseline,0,0.3,1.116470534349573
7375,original_ai,1,0.3,1.3155773283587344
7376,translated,1,0.3,1.2734937337229617
7377,substituted,1,0.3,1.0574390218916732
7378,paraphrased,1,0.3,1.2816366994543769
7379,mixed_text,1,0.3,1.3747961883356128
7380,human_baseline,0,0.3,1.0279816545944933
7381,original_ai,1,0.3,3.786807717445344
7382,translated,1,0.3,2.094833160748365
7383,substituted,1,0.3,1.985630663509868
7384,paraphrased,1,0.3,0.9872355901040964
7385,mixed_text,1,0.3,2.1246920299713854
7386,human_baseline,0,0.3,1.2612481994671514
7387,original_ai,1,0.3,3.3183182444122217
7388,translated,1,0.3,1.983365987560868
7389,substituted,1,0.3,1.1137772640238368
7390,paraphrased,1,0.3,1.5803731670296608
7391,mixed_text,1,0.3,1.851653010477499
7392,human_baseline,0,0.3,1.379632423865876
7393,original_ai,1,0.3,1.546098408493891
7394,translated,1,0.3,2.0639211682006406
7395,substituted,1,0.3,1.5168403037205829
7396,paraphrased,1,0.3,1.5776816285547366
7397,mixed_text,1,0.3,1.1905082703829366
7398,human_baseline,0,0.3,0.8459790105939311
7399,original_ai,1,0.3,3.017806665821412
7400,translated,1,0.3,1.8097424124488708
7401,substituted,1,0.3,1.668066690597599
7402,paraphrased,1,0.3,1.3025568320944518
7403,mixed_text,1,0.3,1.1870978302523847
7404,human_baseline,0,0.3,1.0959363587451754
7405,original_ai,1,0.3,2.163416672992394
7406,translated,1,0.3,1.360413625777834
7407,substituted,1,0.3,2.040611528832066
7408,paraphrased,1,0.3,1.187668702142409
7409,mixed_text,1,0.3,1.157918324547898
7410,human_baseline,0,0.3,0.975264026843618
7411,original_ai,1,0.3,1.6120699545682893
7412,translated,1,0.3,1.4353742456323446
7413,substituted,1,0.3,1.6683683425455167
7414,paraphrased,1,0.3,1.180765347030092
7415,mixed_text,1,0.3,1.6596864163620542
7416,human_baseline,0,0.3,1.056487417365381
7417,original_ai,1,0.3,1.629987611482454
7418,translated,1,0.3,1.327009608649378
7419,substituted,1,0.3,1.5244568664156657
7420,paraphrased,1,0.3,1.318466825072441
7421,mixed_text,1,0.3,1.786428634111048
7422,human_baseline,0,0.3,0.9217770802163572
7423,original_ai,1,0.3,1.2407896026288054
7424,translated,1,0.3,1.754622752441689
7425,substituted,1,0.3,1.192802141521825
7426,paraphrased,1,0.3,0.6510236723651492
7427,mixed_text,1,0.3,1.646902759865793
7428,human_baseline,0,0.3,0.9181004785786728
7429,original_ai,1,0.3,1.402288315050264
7430,translated,1,0.3,1.088705443916804
7431,substituted,1,0.3,0.8529811091193874
7432,paraphrased,1,0.3,0.9002756988306755
7433,mixed_text,1,0.3,1.1994117443482415
7434,human_baseline,0,0.3,1.0426448897307123
7435,original_ai,1,0.3,1.86027627944783
7436,translated,1,0.3,1.751712093164361
7437,substituted,1,0.3,1.5532614554598534
7438,paraphrased,1,0.3,1.8827256604173987
7439,mixed_text,1,0.3,1.5626110946826566
7440,human_baseline,0,0.3,0.9295985546788996
7441,original_ai,1,0.3,1.657099607963179
7442,translated,1,0.3,1.8529387876750436
7443,substituted,1,0.3,1.276478398952967
7444,paraphrased,1,0.3,1.4576414135275928
7445,mixed_text,1,0.3,1.2385513340696388
7446,human_baseline,0,0.3,0.9837625144318886
7447,original_ai,1,0.3,2.7200915510009644
7448,translated,1,0.3,2.9452721448628134
7449,substituted,1,0.3,1.4061894616046335
7450,paraphrased,1,0.3,1.2217641129103274
7451,mixed_text,1,0.3,1.6680175656808964
7452,human_baseline,0,0.3,0.9209380376564466
7453,original_ai,1,0.3,1.6977405431355872
7454,translated,1,0.3,1.3843355991331312
7455,substituted,1,0.3,1.290432490835767
7456,paraphrased,1,0.3,1.3787522492712156
7457,mixed_text,1,0.3,1.02991467816079
7458,human_baseline,0,0.3,0.8584810651696467
7459,original_ai,1,0.3,2.440234395933427
7460,translated,1,0.3,1.9405114723244865
7461,substituted,1,0.3,2.8171167329765447
7462,paraphrased,1,0.3,1.2759992888746423
7463,mixed_text,1,0.3,1.1613883965767648
7464,human_baseline,0,0.3,1.1028429969773956
7465,original_ai,1,0.3,1.4846733067268665
7466,translated,1,0.3,1.6129864739887436
7467,substituted,1,0.3,1.2246873673678156
7468,paraphrased,1,0.3,1.1510968327266446
7469,mixed_text,1,0.3,1.4689967189865134
7470,human_baseline,0,0.3,1.047224376936226
7471,original_ai,1,0.3,1.2054111335621736
7472,translated,1,0.3,1.3200664739360977
7473,substituted,1,0.3,1.051425498233304
7474,paraphrased,1,0.3,0.9195026703872582
7475,mixed_text,1,0.3,1.4283576785151175
7476,human_baseline,0,0.3,1.036121054792315
7477,original_ai,1,0.3,2.6356829363543497
7478,translated,1,0.3,2.0200801846334917
7479,substituted,1,0.3,1.333221513991368
7480,paraphrased,1,0.3,1.0085923229087344
7481,mixed_text,1,0.3,1.5972176833361338
7482,human_baseline,0,0.3,1.068199441056629
7483,original_ai,1,0.3,1.745614151860853
7484,translated,1,0.3,1.320604381045629
7485,substituted,1,0.3,1.0636447117361272
7486,paraphrased,1,0.3,1.4312536993845644
7487,mixed_text,1,0.3,0.8639068996686503
7488,human_baseline,0,0.3,0.7469897457813504
7489,original_ai,1,0.3,1.704874125305927
7490,translated,1,0.3,1.201250111093447
7491,substituted,1,0.3,1.1101045986035516
7492,paraphrased,1,0.3,0.9541591584170044
7493,mixed_text,1,0.3,0.9169320551461226
7494,human_baseline,0,0.3,0.8835342865928534
7495,original_ai,1,0.3,2.292282318499034
7496,translated,1,0.3,1.7703619122979832
7497,substituted,1,0.3,1.5947310294300767
7498,paraphrased,1,0.3,1.0854436220011572
7499,mixed_text,1,0.3,1.6663002726971328
7500,human_baseline,0,0.3,0.8957448552968552
7501,original_ai,1,0.3,2.3709740867754747
7502,translated,1,0.3,2.119934348728248
7503,substituted,1,0.3,1.5084050499000148
7504,paraphrased,1,0.3,1.1313442249943229
7505,mixed_text,1,0.3,1.306852067311282
7506,human_baseline,0,0.3,0.923072702014704
7507,original_ai,1,0.3,1.722853935169762
7508,translated,1,0.3,1.8911119449966527
7509,substituted,1,0.3,1.0629750784130447
7510,paraphrased,1,0.3,1.06692535077342
7511,mixed_text,1,0.3,1.4187361910264595
7512,human_baseline,0,0.3,0.9852150195045148
7513,original_ai,1,0.3,2.557724604377129
7514,translated,1,0.3,1.6532825192396063
7515,substituted,1,0.3,1.0688541059766814
7516,paraphrased,1,0.3,0.9778414547478342
7517,mixed_text,1,0.3,1.1265761281875128
7518,human_baseline,0,0.3,0.9455245285406249
7519,original_ai,1,0.3,1.8993043880358649
7520,translated,1,0.3,1.446821755247935
7521,substituted,1,0.3,0.9746758987465526
7522,paraphrased,1,0.3,1.4393304258991442
7523,mixed_text,1,0.3,1.0583810073207425
7524,human_baseline,0,0.3,1.0919525003306174
7525,original_ai,1,0.3,1.8019167128340725
7526,translated,1,0.3,1.766008450368303
7527,substituted,1,0.3,1.518448842065372
7528,paraphrased,1,0.3,1.1404238757688747
7529,mixed_text,1,0.3,1.764887111639212
7530,human_baseline,0,0.3,0.972352291432569
7531,original_ai,1,0.3,3.35120746342062
7532,translated,1,0.3,2.930175291320777
7533,substituted,1,0.3,1.851521380915364
7534,paraphrased,1,0.3,1.0872608332146456
7535,mixed_text,1,0.3,1.9538860972296288
7536,human_baseline,0,0.3,0.927350931301864
7537,original_ai,1,0.3,1.4392801320029789
7538,translated,1,0.3,1.3739043511305298
7539,substituted,1,0.3,1.1709461245943351
7540,paraphrased,1,0.3,0.7693388120953885
7541,mixed_text,1,0.3,1.4858923652475775
7542,human_baseline,0,0.3,1.2015054245539531
7543,original_ai,1,0.3,1.5717472911278505
7544,translated,1,0.3,1.637844738316775
7545,substituted,1,0.3,1.786968961540198
7546,paraphrased,1,0.3,1.021036128351824
7547,mixed_text,1,0.3,1.408735636851823
7548,human_baseline,0,0.3,0.7829015784932307
7549,original_ai,1,0.3,1.545655512998005
7550,translated,1,0.3,1.7365573033925206
7551,substituted,1,0.3,1.4340185489837454
7552,paraphrased,1,0.3,0.6125040456355163
7553,mixed_text,1,0.3,0.9678884202682742
7554,human_baseline,0,0.3,0.9304093463884596
7555,original_ai,1,0.3,1.2156985129849425
7556,translated,1,0.3,1.3992025157484984
7557,substituted,1,0.3,1.306823056157579
7558,paraphrased,1,0.3,1.178561661161152
7559,mixed_text,1,0.3,1.0616076732296555
7560,human_baseline,0,0.3,1.092442287458082
7561,original_ai,1,0.3,1.3053215676301368
7562,translated,1,0.3,1.1589151675912597
7563,substituted,1,0.3,1.014272243908495
7564,paraphrased,1,0.3,1.250231562514543
7565,mixed_text,1,0.3,1.3383684763373611
7566,human_baseline,0,0.3,1.9274766543484767
7567,original_ai,1,0.3,1.759412480166186
7568,translated,1,0.3,1.5221170362735652
7569,substituted,1,0.3,1.3756865087748196
7570,paraphrased,1,0.3,1.1104914881335974
7571,mixed_text,1,0.3,1.3419522048694563
7572,human_baseline,0,0.3,0.912606515657432
7573,original_ai,1,0.3,1.289389593694097
7574,translated,1,0.3,1.0867122540170704
7575,substituted,1,0.3,1.105612994498106
7576,paraphrased,1,0.3,1.5108185830294651
7577,mixed_text,1,0.3,0.9252366150492992
7578,human_baseline,0,0.3,0.7695147185723092
7579,original_ai,1,0.3,1.8273913354037283
7580,translated,1,0.3,1.2967103360274173
7581,substituted,1,0.3,1.5992732510187542
7582,paraphrased,1,0.3,1.329628418897999
7583,mixed_text,1,0.3,1.1858257942142407
7584,human_baseline,0,0.3,1.1366496003239537
7585,original_ai,1,0.3,1.15280355166917
7586,translated,1,0.3,1.4709666529825582
7587,substituted,1,0.3,1.100144617970905
7588,paraphrased,1,0.3,1.270040156801452
7589,mixed_text,1,0.3,1.0295569788403878
7590,human_baseline,0,0.3,0.9023497380219722
7591,original_ai,1,0.3,1.8991792475974592
7592,translated,1,0.3,1.4000541613048154
7593,substituted,1,0.3,1.1441704048076506
7594,paraphrased,1,0.3,0.9271454871109802
7595,mixed_text,1,0.3,1.277344674545594
7596,human_baseline,0,0.3,0.7229243169610013
7597,original_ai,1,0.3,3.1563202036300573
7598,translated,1,0.3,2.1539796124887407
7599,substituted,1,0.3,1.3338909335892242
7600,paraphrased,1,0.3,1.3839665150706264
7601,mixed_text,1,0.3,1.1492233467359352
7602,human_baseline,0,0.3,1.0385787761749627
7603,original_ai,1,0.3,1.9294716269693328
7604,translated,1,0.3,1.7501748777199095
7605,substituted,1,0.3,1.3195700300208526
7606,paraphrased,1,0.3,1.330275353954493
7607,mixed_text,1,0.3,1.543429225348045
7608,human_baseline,0,0.3,0.8992298140330214
7609,original_ai,1,0.3,2.81783901440957
7610,translated,1,0.3,2.597163253118896
7611,substituted,1,0.3,0.9769545457829332
7612,paraphrased,1,0.3,1.063139335272095
7613,mixed_text,1,0.3,1.8374920761357496
7614,human_baseline,0,0.3,1.264625212560669
7615,original_ai,1,0.3,3.261805706250072
7616,translated,1,0.3,3.077673992066384
7617,substituted,1,0.3,1.560884045718699
7618,paraphrased,1,0.3,1.0659752065931956
7619,mixed_text,1,0.3,1.3108151986739798
7620,human_baseline,0,0.3,0.9734493733937428
7621,original_ai,1,0.3,1.1273913698279896
7622,translated,1,0.3,1.1755974515249588
7623,substituted,1,0.3,1.1786915745336193
7624,paraphrased,1,0.3,0.6723619602282416
7625,mixed_text,1,0.3,1.055749171008367
7626,human_baseline,0,0.3,0.9468090994704852
7627,original_ai,1,0.3,1.6928792882651251
7628,translated,1,0.3,1.3776174131203036
7629,substituted,1,0.3,1.765763612583664
7630,paraphrased,1,0.3,1.175966549647223
7631,mixed_text,1,0.3,1.6013186003898794
7632,human_baseline,0,0.3,0.962026666009964
7633,original_ai,1,0.3,3.4857781601640947
7634,translated,1,0.3,3.465562799244538
7635,substituted,1,0.3,1.3551764653032676
7636,paraphrased,1,0.3,1.3602128668912368
7637,mixed_text,1,0.3,2.2935029662475377
7638,human_baseline,0,0.3,1.056337027319927
7639,original_ai,1,0.3,1.0973464722760649
7640,translated,1,0.3,1.030074863467472
7641,substituted,1,0.3,1.1547626131743876
7642,paraphrased,1,0.3,1.1080507504814707
7643,mixed_text,1,0.3,1.6325101460934286
7644,human_baseline,0,0.3,1.3632504696338985
7645,original_ai,1,0.3,1.8878021494687507
7646,translated,1,0.3,1.6114147553097538
7647,substituted,1,0.3,1.1871926172379648
7648,paraphrased,1,0.3,1.591128833467638
7649,mixed_text,1,0.3,1.625317685239444
7650,human_baseline,0,0.3,1.013779904202639
7651,original_ai,1,0.3,1.742836289304844
7652,translated,1,0.3,1.3415469047278687
7653,substituted,1,0.3,1.1124016275869733
7654,paraphrased,1,0.3,1.0362105749991115
7655,mixed_text,1,0.3,1.3625842190564337
7656,human_baseline,0,0.3,0.6755548872374805
7657,original_ai,1,0.3,1.4244648175157986
7658,translated,1,0.3,1.44005345359096
7659,substituted,1,0.3,1.4235825402711575
7660,paraphrased,1,0.3,0.9768987087930272
7661,mixed_text,1,0.3,1.362367836482107
7662,human_baseline,0,0.3,0.8666350758646533
7663,original_ai,1,0.3,1.6275848689025447
7664,translated,1,0.3,1.445428444558779
7665,substituted,1,0.3,1.0600594143487725
7666,paraphrased,1,0.3,1.8287423716265656
7667,mixed_text,1,0.3,1.0985049722570808
7668,human_baseline,0,0.3,0.965929385039526
7669,original_ai,1,0.3,2.467116415720185
7670,translated,1,0.3,1.8686831615454
7671,substituted,1,0.3,1.1616435920945485
7672,paraphrased,1,0.3,1.925000435843641
7673,mixed_text,1,0.3,1.6101521876916225
7674,human_baseline,0,0.3,1.1128568779514387
7675,original_ai,1,0.3,1.4206804278347562
7676,translated,1,0.3,1.2081275779590612
7677,substituted,1,0.3,0.9381939190095951
7678,paraphrased,1,0.3,0.2906417013005326
7679,mixed_text,1,0.3,1.4451775744209676
7680,human_baseline,0,0.3,0.7757658753552352
7681,original_ai,1,0.3,2.0926993651936825
7682,translated,1,0.3,1.652427887794951
7683,substituted,1,0.3,0.8660023357998333
7684,paraphrased,1,0.3,0.8558385835750454
7685,mixed_text,1,0.3,1.0202164367208584
7686,human_baseline,0,0.3,0.9234792851241084
7687,original_ai,1,0.3,1.615431568722823
7688,translated,1,0.3,1.2499406892354838
7689,substituted,1,0.3,0.945985970700102
7690,paraphrased,1,0.3,1.1219093520836945
7691,mixed_text,1,0.3,1.1521011721165657
7692,human_baseline,0,0.3,0.9474112864827072
7693,original_ai,1,0.3,2.933516080640478
7694,translated,1,0.3,1.7898200290205033
7695,substituted,1,0.3,1.455092268249998
7696,paraphrased,1,0.3,1.7926214735758397
7697,mixed_text,1,0.3,1.2547566741999887
7698,human_baseline,0,0.3,0.9367564861498026
7699,original_ai,1,0.3,2.6560820715657143
7700,translated,1,0.3,2.2301855628683582
7701,substituted,1,0.3,1.6756995030220792
7702,paraphrased,1,0.3,1.008483391265671
7703,mixed_text,1,0.3,1.7307466717766014
7704,human_baseline,0,0.3,1.1190050473732986
7705,original_ai,1,0.3,2.282825727382137
7706,translated,1,0.3,1.5495994111717453
7707,substituted,1,0.3,1.2199641841530835
7708,paraphrased,1,0.3,1.2668655907662474
7709,mixed_text,1,0.3,1.4262381138274791
7710,human_baseline,0,0.3,0.7181724547151679
7711,original_ai,1,0.3,1.263446878964385
7712,translated,1,0.3,0.9216371726006204
7713,substituted,1,0.3,1.276548841409079
7714,paraphrased,1,0.3,1.3227166868250355
7715,mixed_text,1,0.3,1.065955629810598
7716,human_baseline,0,0.3,1.1436720121245572
7717,original_ai,1,0.3,1.2450936323008066
7718,translated,1,0.3,1.181585512670558
7719,substituted,1,0.3,1.2281046923682413
7720,paraphrased,1,0.3,0.9545601580536994
7721,mixed_text,1,0.3,1.325551404400357
7722,human_baseline,0,0.3,0.9384742906550564
7723,original_ai,1,0.3,2.1281353880096234
7724,translated,1,0.3,2.0387524064584595
7725,substituted,1,0.3,1.7808194980877097
7726,paraphrased,1,0.3,1.002083672138817
7727,mixed_text,1,0.3,1.6180218752693991
7728,human_baseline,0,0.3,0.669547296087631
7729,original_ai,1,0.3,1.4986295569448915
7730,translated,1,0.3,1.466722728714499
7731,substituted,1,0.3,1.1319475829414456
7732,paraphrased,1,0.3,0.9665827056651388
7733,mixed_text,1,0.3,1.8235037281221165
7734,human_baseline,0,0.3,0.7877616127915866
7735,original_ai,1,0.3,1.5383120869515683
7736,translated,1,0.3,1.2371676303789263
7737,substituted,1,0.3,1.1784840233923075
7738,paraphrased,1,0.3,1.2757951615712717
7739,mixed_text,1,0.3,1.031142660711045
7740,human_baseline,0,0.3,0.6988994670117062
7741,original_ai,1,0.3,1.4374891814830586
7742,translated,1,0.3,1.593009442282029
7743,substituted,1,0.3,1.5667844281890917
7744,paraphrased,1,0.3,1.0882804701743325
7745,mixed_text,1,0.3,1.1668081029348576
7746,human_baseline,0,0.3,1.1018424368483135
7747,original_ai,1,0.3,1.6468127870825373
7748,translated,1,0.3,1.7560943006148986
7749,substituted,1,0.3,1.596631803293602
7750,paraphrased,1,0.3,0.9149244380630496
7751,mixed_text,1,0.3,1.3917763649184425
7752,human_baseline,0,0.3,1.1879159278374616
7753,original_ai,1,0.3,1.5904940963928544
7754,translated,1,0.3,1.4381944952077694
7755,substituted,1,0.3,1.241954791058956
7756,paraphrased,1,0.3,1.093272073473659
7757,mixed_text,1,0.3,1.5030844119468434
7758,human_baseline,0,0.3,0.8814311705020825
7759,original_ai,1,0.3,2.4387442820775447
7760,translated,1,0.3,2.3095392930799603
7761,substituted,1,0.3,1.5022526463738308
7762,paraphrased,1,0.3,1.5627245489762682
7763,mixed_text,1,0.3,2.064219178456311
7764,human_baseline,0,0.3,0.8205199798142226
7765,original_ai,1,0.3,2.993440843328673
7766,translated,1,0.3,2.509012240041685
7767,substituted,1,0.3,1.626949813198996
7768,paraphrased,1,0.3,1.327424348020318
7769,mixed_text,1,0.3,1.8788030575207288
7770,human_baseline,0,0.3,0.95029890225521
7771,original_ai,1,0.3,2.604487308995365
7772,translated,1,0.3,1.9905299011267623
7773,substituted,1,0.3,1.646669122139806
7774,paraphrased,1,0.3,1.9730193264796545
7775,mixed_text,1,0.3,1.1957354418207202
7776,human_baseline,0,0.3,0.745895708867322
7777,original_ai,1,0.3,2.205413279026514
7778,translated,1,0.3,1.8452058772979365
7779,substituted,1,0.3,1.4137699864572344
7780,paraphrased,1,0.3,1.036729420091647
7781,mixed_text,1,0.3,1.28462622803594
7782,human_baseline,0,0.3,0.8345934973517435
7783,original_ai,1,0.3,1.7964497215605806
7784,translated,1,0.3,1.0286466739914892
7785,substituted,1,0.3,0.9734940274458058
7786,paraphrased,1,0.3,1.0560747319313566
7787,mixed_text,1,0.3,0.9406420615038604
7788,human_baseline,0,0.3,0.8702634290181192
7789,original_ai,1,0.3,1.917007351761324
7790,translated,1,0.3,1.4523935336256046
7791,substituted,1,0.3,1.2802773718286773
7792,paraphrased,1,0.3,1.663716813416698
7793,mixed_text,1,0.3,1.6465312714177427
7794,human_baseline,0,0.3,1.005664797594188
7795,original_ai,1,0.3,1.1856758653949064
7796,translated,1,0.3,1.107254061198338
7797,substituted,1,0.3,1.119850767687888
7798,paraphrased,1,0.3,1.5728874358916856
7799,mixed_text,1,0.3,1.1099244551911076
7800,human_baseline,0,0.3,1.281757044177509
7801,original_ai,1,0.3,2.7085747892127725
7802,translated,1,0.3,1.708443606311234
7803,substituted,1,0.3,1.5142221269152023
7804,paraphrased,1,0.3,1.2509910603620802
7805,mixed_text,1,0.3,1.6539479805361297
7806,human_baseline,0,0.3,0.8467501023434792
7807,original_ai,1,0.3,1.2305057974193043
7808,translated,1,0.3,1.064476422939989
7809,substituted,1,0.3,1.0854365208171002
7810,paraphrased,1,0.3,0.8861045700077332
7811,mixed_text,1,0.3,0.8738857993656581
7812,human_baseline,0,0.3,0.7963694759840829
7813,original_ai,1,0.3,1.7659207698818074
7814,translated,1,0.3,1.5156216880091542
7815,substituted,1,0.3,1.5430494344807055
7816,paraphrased,1,0.3,1.4340546420946203
7817,mixed_text,1,0.3,1.7040648195183068
7818,human_baseline,0,0.3,0.750404020456042
7819,original_ai,1,0.3,1.3652921526480708
7820,translated,1,0.3,1.0103803083839118
7821,substituted,1,0.3,0.927921576464916
7822,paraphrased,1,0.3,1.1158877298631047
7823,mixed_text,1,0.3,1.1886199178170789
7824,human_baseline,0,0.3,0.7738801164626514
7825,original_ai,1,0.3,2.168624043181718
7826,translated,1,0.3,1.9890779994797727
7827,substituted,1,0.3,1.2686652762861623
7828,paraphrased,1,0.3,1.5776957875075748
7829,mixed_text,1,0.3,1.303071869136447
7830,human_baseline,0,0.3,0.7909961030178233
7831,original_ai,1,0.3,3.0556440726200806
7832,translated,1,0.3,2.1478150696406173
7833,substituted,1,0.3,2.1306913108957137
7834,paraphrased,1,0.3,1.3827650865945895
7835,mixed_text,1,0.3,1.470462277514747
7836,human_baseline,0,0.3,1.4392256989895624
7837,original_ai,1,0.3,2.1692546712091203
7838,translated,1,0.3,1.1686761033055724
7839,substituted,1,0.3,1.4977467002941864
7840,paraphrased,1,0.3,1.3943854524407542
7841,mixed_text,1,0.3,1.22663111999816
7842,human_baseline,0,0.3,0.7827180580336986
7843,original_ai,1,0.3,1.2116323316188526
7844,translated,1,0.3,1.2498893176229204
7845,substituted,1,0.3,0.854426551746566
7846,paraphrased,1,0.3,1.1132301730004994
7847,mixed_text,1,0.3,1.0369512498217257
7848,human_baseline,0,0.3,1.1209287671008816
7849,original_ai,1,0.3,1.6551006900456016
7850,translated,1,0.3,1.1887425442065591
7851,substituted,1,0.3,1.001180094998427
7852,paraphrased,1,0.3,1.4415076207664514
7853,mixed_text,1,0.3,1.2676037812204368
7854,human_baseline,0,0.3,1.0256197860467111
7855,original_ai,1,0.3,1.5910279082207135
7856,translated,1,0.3,1.568056997969246
7857,substituted,1,0.3,1.0693909002680546
7858,paraphrased,1,0.3,1.0543364990482005
7859,mixed_text,1,0.3,1.6622831267519742
7860,human_baseline,0,0.3,1.4770214873967231
7861,original_ai,1,0.3,1.559896996956009
7862,translated,1,0.3,1.6721927458181844
7863,substituted,1,0.3,1.1762697178533374
7864,paraphrased,1,0.3,1.1698666155815336
7865,mixed_text,1,0.3,1.2326383276905342
7866,human_baseline,0,0.3,0.8188250910428275
7867,original_ai,1,0.3,1.9195296446123868
7868,translated,1,0.3,1.4559407330466383
7869,substituted,1,0.3,0.8695673625108685
7870,paraphrased,1,0.3,0.892188935818425
7871,mixed_text,1,0.3,1.4109415562808263
7872,human_baseline,0,0.3,0.8479227519237196
7873,original_ai,1,0.3,2.537911771350024
7874,translated,1,0.3,2.1276032247828107
7875,substituted,1,0.3,1.2749307560368208
7876,paraphrased,1,0.3,1.6122130671859631
7877,mixed_text,1,0.3,1.40954484284926
7878,human_baseline,0,0.3,0.964430024388418
7879,original_ai,1,0.3,1.595945039680028
7880,translated,1,0.3,1.4638788275511412
7881,substituted,1,0.3,1.274176348388465
7882,paraphrased,1,0.3,1.6254276315582468
7883,mixed_text,1,0.3,1.586315672257155
7884,human_baseline,0,0.3,0.6957975557542868
7885,original_ai,1,0.3,1.879752612181758
7886,translated,1,0.3,1.0286914077260338
7887,substituted,1,0.3,1.554862363678296
7888,paraphrased,1,0.3,1.2545858748079572
7889,mixed_text,1,0.3,1.1830227428004827
7890,human_baseline,0,0.3,1.2046675697333813
7891,original_ai,1,0.3,1.3521201962298108
7892,translated,1,0.3,1.2562202474543944
7893,substituted,1,0.3,1.211530084886876
7894,paraphrased,1,0.3,1.1414632732406391
7895,mixed_text,1,0.3,2.02386861723591
7896,human_baseline,0,0.3,1.1274554360086997
7897,original_ai,1,0.3,1.9005198385571245
7898,translated,1,0.3,1.367110559228342
7899,substituted,1,0.3,1.1193631484213742
7900,paraphrased,1,0.3,1.050779297779746
7901,mixed_text,1,0.3,1.395276810623964
7902,human_baseline,0,0.3,1.6859577725910109
7903,original_ai,1,0.3,1.271823136150212
7904,translated,1,0.3,1.173226263988471
7905,substituted,1,0.3,1.2226044730566823
7906,paraphrased,1,0.3,1.25987094668567
7907,mixed_text,1,0.3,1.3935593321290989
7908,human_baseline,0,0.3,1.2450541994404798
7909,original_ai,1,0.3,1.1226877538229512
7910,translated,1,0.3,1.02660247531156
7911,substituted,1,0.3,1.074168821851051
7912,paraphrased,1,0.3,0.897239349716659
7913,mixed_text,1,0.3,1.3117779457978118
7914,human_baseline,0,0.3,0.8607912447352373
7915,original_ai,1,0.3,1.5062927229301737
7916,translated,1,0.3,1.2684149712262411
7917,substituted,1,0.3,1.2033580136614133
7918,paraphrased,1,0.3,0.9977734228284544
7919,mixed_text,1,0.3,0.8595242138395808
7920,human_baseline,0,0.3,0.9813596890286252
7921,original_ai,1,0.3,2.505241614549156
7922,translated,1,0.3,2.280610497302732
7923,substituted,1,0.3,1.5602611611091906
7924,paraphrased,1,0.3,1.0892498099226184
7925,mixed_text,1,0.3,2.11853709061016
7926,human_baseline,0,0.3,1.311881847490915
7927,original_ai,1,0.3,1.6283635115292252
7928,translated,1,0.3,1.5523055508788146
7929,substituted,1,0.3,1.471524444271366
7930,paraphrased,1,0.3,1.5966116930962866
7931,mixed_text,1,0.3,1.584725578304457
7932,human_baseline,0,0.3,1.4032162103169945
7933,original_ai,1,0.3,1.4472451846256338
7934,translated,1,0.3,1.2832487510686323
7935,substituted,1,0.3,1.3184128592001492
7936,paraphrased,1,0.3,1.19328636164262
7937,mixed_text,1,0.3,1.375413435589989
7938,human_baseline,0,0.3,1.0517189869509411
7939,original_ai,1,0.3,1.2606510462520495
7940,translated,1,0.3,1.4449796928733305
7941,substituted,1,0.3,1.3813881872429727
7942,paraphrased,1,0.3,1.1906574787470454
7943,mixed_text,1,0.3,1.2538645086580016
7944,human_baseline,0,0.3,1.166469947299506
7945,original_ai,1,0.3,1.1684766645222924
7946,translated,1,0.3,1.1407922294593489
7947,substituted,1,0.3,1.4047070262979986
7948,paraphrased,1,0.3,0.984449060938106
7949,mixed_text,1,0.3,1.3966173791780885
7950,human_baseline,0,0.3,0.8173068566076519
7951,original_ai,1,0.3,2.7413815782093955
7952,translated,1,0.3,2.231363319627059
7953,substituted,1,0.3,1.612205676626167
7954,paraphrased,1,0.3,1.1788926990334434
7955,mixed_text,1,0.3,1.5401706619574471
7956,human_baseline,0,0.3,0.6112783012055344
7957,original_ai,1,0.3,2.105409362225366
7958,translated,1,0.3,1.6285648546017213
7959,substituted,1,0.3,1.3466961083352411
7960,paraphrased,1,0.3,1.402263131293699
7961,mixed_text,1,0.3,1.5969785580195204
7962,human_baseline,0,0.3,1.1703811028676347
7963,original_ai,1,0.3,1.3110913596850786
7964,translated,1,0.3,1.391701390553491
7965,substituted,1,0.3,1.028222327672085
7966,paraphrased,1,0.3,1.2872648198299994
7967,mixed_text,1,0.3,1.363374876927374
7968,human_baseline,0,0.3,0.7170450004835128
7969,original_ai,1,0.3,2.802005187104389
7970,translated,1,0.3,2.0602312519229837
7971,substituted,1,0.3,1.8619963438352911
7972,paraphrased,1,0.3,2.76251493517997
7973,mixed_text,1,0.3,1.10563337583412
7974,human_baseline,0,0.3,1.0681602343343075
7975,original_ai,1,0.3,1.740861705799977
7976,translated,1,0.3,1.460258985516841
7977,substituted,1,0.3,1.7424223961979255
7978,paraphrased,1,0.3,1.333109114610488
7979,mixed_text,1,0.3,1.6470409539288915
7980,human_baseline,0,0.3,0.9732612562872064
7981,original_ai,1,0.3,1.799454154609364
7982,translated,1,0.3,1.12107034893524
7983,substituted,1,0.3,1.3416784036781912
7984,paraphrased,1,0.3,1.1670837113344128
7985,mixed_text,1,0.3,1.4355980415974825
7986,human_baseline,0,0.3,0.8048708332975592
7987,original_ai,1,0.3,2.2573246742172866
7988,translated,1,0.3,2.0726545099090927
7989,substituted,1,0.3,1.2450404938764057
7990,paraphrased,1,0.3,1.160492296668072
7991,mixed_text,1,0.3,1.6942502978867586
7992,human_baseline,0,0.3,0.8467682330821713
7993,original_ai,1,0.3,1.3552079831604382
7994,translated,1,0.3,1.5289724166692973
7995,substituted,1,0.3,1.2410846278398726
7996,paraphrased,1,0.3,0.9041466677305744
7997,mixed_text,1,0.3,1.1237583581507609
7998,human_baseline,0,0.3,0.8396776643091913
7999,original_ai,1,0.3,2.414057457442357
8000,translated,1,0.3,1.7389257934056377
8001,substituted,1,0.3,1.3221044997868698
8002,paraphrased,1,0.3,0.6860264560489908
8003,mixed_text,1,0.3,0.9662611261593268
8004,human_baseline,0,0.3,1.1297566168459583
8005,original_ai,1,0.3,2.768280565939123
8006,translated,1,0.3,2.026090187389149
8007,substituted,1,0.3,1.8356115740244967
8008,paraphrased,1,0.3,1.322567221421397
8009,mixed_text,1,0.3,1.2159556253451855
8010,human_baseline,0,0.3,0.9134723491682658
8011,original_ai,1,0.3,2.425682926443716
8012,translated,1,0.3,1.48603092294892
8013,substituted,1,0.3,1.1431321310442908
8014,paraphrased,1,0.3,0.873539228353747
8015,mixed_text,1,0.3,1.1296152867430067
8016,human_baseline,0,0.3,0.9569809185913916
8017,original_ai,1,0.3,1.1541897124693248
8018,translated,1,0.3,1.3250975623494865
8019,substituted,1,0.3,0.7739055187406024
8020,paraphrased,1,0.3,1.0314075369579778
8021,mixed_text,1,0.3,1.1927102274964203
8022,human_baseline,0,0.3,0.7261972552497217
8023,original_ai,1,0.3,2.3501697866034608
8024,translated,1,0.3,1.6620359155414914
8025,substituted,1,0.3,1.3860312309231406
8026,paraphrased,1,0.3,2.084243165439401
8027,mixed_text,1,0.3,1.1704635600238131
8028,human_baseline,0,0.3,1.2976233730973483
8029,original_ai,1,0.3,2.273151706170504
8030,translated,1,0.3,1.746368128571281
8031,substituted,1,0.3,0.94492978302193
8032,paraphrased,1,0.3,1.271262283249678
8033,mixed_text,1,0.3,1.073719985195443
8034,human_baseline,0,0.3,1.0811502837528062
8035,original_ai,1,0.3,1.3160555236707268
8036,translated,1,0.3,1.421766060045032
8037,substituted,1,0.3,1.1490433467077064
8038,paraphrased,1,0.3,0.8765563543041972
8039,mixed_text,1,0.3,1.0909379884541244
8040,human_baseline,0,0.3,0.8754190929628102
8041,original_ai,1,0.3,1.3259722395691569
8042,translated,1,0.3,1.0659225767006335
8043,substituted,1,0.3,1.3829944925701951
8044,paraphrased,1,0.3,0.9622698697788308
8045,mixed_text,1,0.3,1.3813420659264968
8046,human_baseline,0,0.3,1.1963601845670353
8047,original_ai,1,0.3,1.8067396975303327
8048,translated,1,0.3,1.781456788398578
8049,substituted,1,0.3,1.7494633146320633
8050,paraphrased,1,0.3,1.3977889733700637
8051,mixed_text,1,0.3,1.1258646622147737
8052,human_baseline,0,0.3,0.8772004146193787
8053,original_ai,1,0.3,1.4807730612850325
8054,translated,1,0.3,1.458087575273703
8055,substituted,1,0.3,2.3364412379969144
8056,paraphrased,1,0.3,1.0397883686033045
8057,mixed_text,1,0.3,1.2433608558141758
8058,human_baseline,0,0.3,0.8080900478254808
8059,original_ai,1,0.3,1.1966110657052544
8060,translated,1,0.3,1.1029303493349127
8061,substituted,1,0.3,0.6467230651216324
8062,paraphrased,1,0.3,1.5589558432247566
8063,mixed_text,1,0.3,1.188727520059461
8064,human_baseline,0,0.3,1.0925289953116004
8065,original_ai,1,0.3,1.6438302743417208
8066,translated,1,0.3,1.688360691287211
8067,substituted,1,0.3,0.9426600930872362
8068,paraphrased,1,0.3,1.0771878298848854
8069,mixed_text,1,0.3,1.4299744975088315
8070,human_baseline,0,0.3,0.9080434392037902
8071,original_ai,1,0.3,1.9135347253101795
8072,translated,1,0.3,1.8301043020298389
8073,substituted,1,0.3,1.669167355774125
8074,paraphrased,1,0.3,1.649243183425594
8075,mixed_text,1,0.3,1.3569880195628157
8076,human_baseline,0,0.3,0.996293515882974
8077,original_ai,1,0.3,2.310975758107046
8078,translated,1,0.3,2.0619997675653607
8079,substituted,1,0.3,1.2481948033300974
8080,paraphrased,1,0.3,1.1929018386994303
8081,mixed_text,1,0.3,1.401844009773085
8082,human_baseline,0,0.3,0.9575021610906072
8083,original_ai,1,0.3,3.2583520064171783
8084,translated,1,0.3,2.1287492209709225
8085,substituted,1,0.3,1.3549743389013615
8086,paraphrased,1,0.3,1.017060360951243
8087,mixed_text,1,0.3,1.4974088256667928
8088,human_baseline,0,0.3,0.6392140353145717
8089,original_ai,1,0.3,1.048040801141765
8090,translated,1,0.3,1.016495697987145
8091,substituted,1,0.3,1.6007585182656048
8092,paraphrased,1,0.3,0.7340480713000069
8093,mixed_text,1,0.3,1.1417586090953753
8094,human_baseline,0,0.3,0.826604086673859
8095,original_ai,1,0.3,2.264522594454014
8096,translated,1,0.3,1.671589973495729
8097,substituted,1,0.3,1.4614971664855008
8098,paraphrased,1,0.3,1.4341268426760931
8099,mixed_text,1,0.3,1.279522809566693
8100,human_baseline,0,0.3,0.7193218221647184
8101,original_ai,1,0.3,2.616662480750385
8102,translated,1,0.3,2.11529735719445
8103,substituted,1,0.3,1.3250011142114428
8104,paraphrased,1,0.3,1.1964152179598089
8105,mixed_text,1,0.3,1.3818899740228328
8106,human_baseline,0,0.3,0.9204332916741044
8107,original_ai,1,0.3,2.112838555111101
8108,translated,1,0.3,1.5552922645467668
8109,substituted,1,0.3,1.1576444516593254
8110,paraphrased,1,0.3,1.085686268717021
8111,mixed_text,1,0.3,1.623518278743311
8112,human_baseline,0,0.3,1.23551850709207
8113,original_ai,1,0.3,1.7383276972120745
8114,translated,1,0.3,1.7092527762105034
8115,substituted,1,0.3,1.6817165302595247
8116,paraphrased,1,0.3,0.5538985252388287
8117,mixed_text,1,0.3,1.5415655648651498
8118,human_baseline,0,0.3,1.2601073852753637
8119,original_ai,1,0.3,1.5413379170073414
8120,translated,1,0.3,1.1593115928502546
8121,substituted,1,0.3,1.0456388221655926
8122,paraphrased,1,0.3,1.413185627129244
8123,mixed_text,1,0.3,1.3455141904093508
8124,human_baseline,0,0.3,0.9927166708138472
8125,original_ai,1,0.3,2.006753608581739
8126,translated,1,0.3,1.7873788790678793
8127,substituted,1,0.3,1.4904121211504295
8128,paraphrased,1,0.3,0.9877601244135124
8129,mixed_text,1,0.3,1.2353915875383834
8130,human_baseline,0,0.3,1.1636222625005923
8131,original_ai,1,0.3,1.5964517070922932
8132,translated,1,0.3,1.067932705513023
8133,substituted,1,0.3,1.245004535778745
8134,paraphrased,1,0.3,1.2914195899988328
8135,mixed_text,1,0.3,1.2705444311835137
8136,human_baseline,0,0.3,0.9219764158442098
8137,original_ai,1,0.3,2.6814366214901657
8138,translated,1,0.3,1.8079355303517897
8139,substituted,1,0.3,2.0261801187348185
8140,paraphrased,1,0.3,1.156401107628512
8141,mixed_text,1,0.3,1.471908548002232
8142,human_baseline,0,0.3,0.8103898549500836
8143,original_ai,1,0.3,1.5949398294072887
8144,translated,1,0.3,1.378690460249952
8145,substituted,1,0.3,1.4100118954036454
8146,paraphrased,1,0.3,1.0882096500247274
8147,mixed_text,1,0.3,1.3470548633454904
8148,human_baseline,0,0.3,0.7615226699096703
8149,original_ai,1,0.3,1.4309950897583916
8150,translated,1,0.3,1.3956212732404576
8151,substituted,1,0.3,1.1765053314322045
8152,paraphrased,1,0.3,1.1535114615507744
8153,mixed_text,1,0.3,0.9480425930396512
8154,human_baseline,0,0.3,1.0151909174260731
8155,original_ai,1,0.3,1.432971073683774
8156,translated,1,0.3,1.5320557748918635
8157,substituted,1,0.3,0.7581801705913177
8158,paraphrased,1,0.3,1.321600315739587
8159,mixed_text,1,0.3,1.381177586551557
8160,human_baseline,0,0.3,1.0387964455319116
8161,original_ai,1,0.3,1.3073262497150877
8162,translated,1,0.3,0.9870493769299994
8163,substituted,1,0.3,1.3222574966034797
8164,paraphrased,1,0.3,0.9355581164685886
8165,mixed_text,1,0.3,1.4096253641712808
8166,human_baseline,0,0.3,1.2550768207641718
8167,original_ai,1,0.3,0.9431179084794769
8168,translated,1,0.3,0.8612094522613901
8169,substituted,1,0.3,0.9739065568767372
8170,paraphrased,1,0.3,1.347455386333643
8171,mixed_text,1,0.3,2.345543390759475
8172,human_baseline,0,0.3,1.040110410676994
8173,original_ai,1,0.3,1.5081200197409277
8174,translated,1,0.3,1.355758506060945
8175,substituted,1,0.3,0.9753630727884024
8176,paraphrased,1,0.3,1.149921773549202
8177,mixed_text,1,0.3,1.054328354073465
8178,human_baseline,0,0.3,0.9604812308866232
8179,original_ai,1,0.3,1.8391502823742525
8180,translated,1,0.3,1.5920470472771198
8181,substituted,1,0.3,1.1705629518198375
8182,paraphrased,1,0.3,0.9441879976091117
8183,mixed_text,1,0.3,1.0413948679569034
8184,human_baseline,0,0.3,0.9156927270482872
8185,original_ai,1,0.3,2.1441608776275567
8186,translated,1,0.3,1.724611052016159
8187,substituted,1,0.3,1.8360313702115716
8188,paraphrased,1,0.3,0.9291783939556272
8189,mixed_text,1,0.3,1.2500206516384618
8190,human_baseline,0,0.3,1.205646625382936
8191,original_ai,1,0.3,1.8402387466142056
8192,translated,1,0.3,1.523960739825233
8193,substituted,1,0.3,1.7252671948191742
8194,paraphrased,1,0.3,2.001351814510375
8195,mixed_text,1,0.3,1.8761975467001384
8196,human_baseline,0,0.3,0.9697446849036696
8197,original_ai,1,0.3,1.8060537417956917
8198,translated,1,0.3,1.4940540463152563
8199,substituted,1,0.3,1.312142761925965
8200,paraphrased,1,0.3,1.2898166668100337
8201,mixed_text,1,0.3,1.3367171088009415
8202,human_baseline,0,0.3,0.861905133586842
8203,original_ai,1,0.3,2.6417728055293592
8204,translated,1,0.3,1.9002606836716545
8205,substituted,1,0.3,1.4351027493469808
8206,paraphrased,1,0.3,1.2042686052011904
8207,mixed_text,1,0.3,1.5104182420943937
8208,human_baseline,0,0.3,0.9205891219965184
8209,original_ai,1,0.3,3.3749910816637696
8210,translated,1,0.3,1.7615123981962095
8211,substituted,1,0.3,1.659188938654299
8212,paraphrased,1,0.3,1.385694408447929
8213,mixed_text,1,0.3,1.8637420449242503
8214,human_baseline,0,0.3,0.9475159377358314
8215,original_ai,1,0.3,2.957581881635965
8216,translated,1,0.3,1.8496784707830376
8217,substituted,1,0.3,1.8769232559667508
8218,paraphrased,1,0.3,1.2999882650061845
8219,mixed_text,1,0.3,1.4423532327844484
8220,human_baseline,0,0.3,0.9563376322249862
8221,original_ai,1,0.3,2.604073513628044
8222,translated,1,0.3,2.072823681604396
8223,substituted,1,0.3,1.805719638763274
8224,paraphrased,1,0.3,1.6652165507130343
8225,mixed_text,1,0.3,1.448817228358381
8226,human_baseline,0,0.3,1.0042818971524303
8227,original_ai,1,0.3,1.1292926991957428
8228,translated,1,0.3,1.2669299880949485
8229,substituted,1,0.3,1.1872854084424194
8230,paraphrased,1,0.3,1.1790654420459112
8231,mixed_text,1,0.3,1.0319304974371457
8232,human_baseline,0,0.3,1.1585784828573231
8233,original_ai,1,0.3,1.6925846954641923
8234,translated,1,0.3,1.7928254340762562
8235,substituted,1,0.3,1.034746784619636
8236,paraphrased,1,0.3,1.620443147779515
8237,mixed_text,1,0.3,0.6386987045168082
8238,human_baseline,0,0.3,0.8667789390693877
8239,original_ai,1,0.3,2.3615268793254267
8240,translated,1,0.3,1.6742446684002443
8241,substituted,1,0.3,1.156052305902367
8242,paraphrased,1,0.3,1.3217900885401388
8243,mixed_text,1,0.3,1.4471323923043795
8244,human_baseline,0,0.3,1.0705200511127315
8245,original_ai,1,0.3,1.6156309440131291
8246,translated,1,0.3,1.3759377808221165
8247,substituted,1,0.3,1.2555120649548377
8248,paraphrased,1,0.3,1.3217017847725008
8249,mixed_text,1,0.3,1.1234459312072058
8250,human_baseline,0,0.3,0.7443322681207732
8251,original_ai,1,0.3,1.7807311693533086
8252,translated,1,0.3,1.668802210532042
8253,substituted,1,0.3,1.314051089753541
8254,paraphrased,1,0.3,1.453824704068834
8255,mixed_text,1,0.3,1.5828231549182123
8256,human_baseline,0,0.3,1.715563656167547
8257,original_ai,1,0.3,3.2693171531515857
8258,translated,1,0.3,2.80432854230387
8259,substituted,1,0.3,1.2771852780577246
8260,paraphrased,1,0.3,0.8429588678571066
8261,mixed_text,1,0.3,2.1660905076411208
8262,human_baseline,0,0.3,1.2107545104306277
8263,original_ai,1,0.3,1.6826897608665317
8264,translated,1,0.3,1.906594527707496
8265,substituted,1,0.3,1.447341012133759
8266,paraphrased,1,0.3,1.298353794934345
8267,mixed_text,1,0.3,2.091359979468657
8268,human_baseline,0,0.3,0.7848180707817296
8269,original_ai,1,0.3,2.9632279373480555
8270,translated,1,0.3,1.931095887443172
8271,substituted,1,0.3,1.307555318836383
8272,paraphrased,1,0.3,1.3748079424470614
8273,mixed_text,1,0.3,1.1139249882538556
8274,human_baseline,0,0.3,1.0386621699414569
8275,original_ai,1,0.3,1.9902729815169804
8276,translated,1,0.3,1.2004389316439632
8277,substituted,1,0.3,0.9184078697417544
8278,paraphrased,1,0.3,1.0180192350598671
8279,mixed_text,1,0.3,1.3716410172610014
8280,human_baseline,0,0.3,0.8719061256326758
8281,original_ai,1,0.3,2.0604471788464505
8282,translated,1,0.3,1.917751834593862
8283,substituted,1,0.3,1.610642890530524
8284,paraphrased,1,0.3,2.3424352869832257
8285,mixed_text,1,0.3,1.5508615221924629
8286,human_baseline,0,0.3,0.9503838717258812
8287,original_ai,1,0.3,2.0271828214363543
8288,translated,1,0.3,1.773389370231174
8289,substituted,1,0.3,1.2255808075612198
8290,paraphrased,1,0.3,1.182355654604869
8291,mixed_text,1,0.3,1.40652570046029
8292,human_baseline,0,0.3,0.8299777369124739
8293,original_ai,1,0.3,3.6638385195829857
8294,translated,1,0.3,2.9826766814124483
8295,substituted,1,0.3,1.3626897682022294
8296,paraphrased,1,0.3,1.0198724719700727
8297,mixed_text,1,0.3,1.6452504260661769
8298,human_baseline,0,0.3,0.939420505643372
8299,original_ai,1,0.3,2.503562810207756
8300,translated,1,0.3,1.7740653598276814
8301,substituted,1,0.3,1.1782762426174704
8302,paraphrased,1,0.3,1.4070823349284225
8303,mixed_text,1,0.3,1.372652903118732
8304,human_baseline,0,0.3,0.8499404183418394
8305,original_ai,1,0.3,1.4741650063968514
8306,translated,1,0.3,1.6383807780574522
8307,substituted,1,0.3,1.669129890689982
8308,paraphrased,1,0.3,0.5345255714464435
8309,mixed_text,1,0.3,1.337589535117774
8310,human_baseline,0,0.3,1.141097221212474
8311,original_ai,1,0.3,1.431282532201887
8312,translated,1,0.3,1.3994223987381538
8313,substituted,1,0.3,1.417855907878517
8314,paraphrased,1,0.3,0.7582162098847713
8315,mixed_text,1,0.3,1.224135280274267
8316,human_baseline,0,0.3,0.9254773734558293
8317,original_ai,1,0.3,1.3626127334873843
8318,translated,1,0.3,1.1067730098869215
8319,substituted,1,0.3,1.1262909679800552
8320,paraphrased,1,0.3,0.9663533696093988
8321,mixed_text,1,0.3,1.180210843223331
8322,human_baseline,0,0.3,0.8327422034550563
8323,original_ai,1,0.3,1.4629633771114046
8324,translated,1,0.3,0.9393654049337924
8325,substituted,1,0.3,1.110993236143417
8326,paraphrased,1,0.3,1.3733889703280018
8327,mixed_text,1,0.3,1.5656504854955091
8328,human_baseline,0,0.3,0.782265730510021
8329,original_ai,1,0.3,1.8298131347879416
8330,translated,1,0.3,1.750446932195017
8331,substituted,1,0.3,1.1454655125084738
8332,paraphrased,1,0.3,0.9035177963676324
8333,mixed_text,1,0.3,1.448522562843317
8334,human_baseline,0,0.3,0.8545339244025173
8335,original_ai,1,0.3,1.341100010236611
8336,translated,1,0.3,1.4097322536008776
8337,substituted,1,0.3,1.5001981181023758
8338,paraphrased,1,0.3,0.7101853759997149
8339,mixed_text,1,0.3,1.154183610269151
8340,human_baseline,0,0.3,0.9240054614058006
8341,original_ai,1,0.3,2.662313188039209
8342,translated,1,0.3,2.0410473485477825
8343,substituted,1,0.3,1.6566901060810888
8344,paraphrased,1,0.3,1.479587059523539
8345,mixed_text,1,0.3,1.887773939329899
8346,human_baseline,0,0.3,0.6417913368421791
8347,original_ai,1,0.3,3.152882124296473
8348,translated,1,0.3,2.376218781499032
8349,substituted,1,0.3,1.6141655880122363
8350,paraphrased,1,0.3,1.5549168317041364
8351,mixed_text,1,0.3,1.3189799154543558
8352,human_baseline,0,0.3,1.002061768468813
8353,original_ai,1,0.3,1.2680061007289778
8354,translated,1,0.3,1.3833275427133649
8355,substituted,1,0.3,1.736430862540984
8356,paraphrased,1,0.3,1.1053513681270253
8357,mixed_text,1,0.3,1.666361959642155
8358,human_baseline,0,0.3,1.1411600419360677
8359,original_ai,1,0.3,1.2810278988977315
8360,translated,1,0.3,1.1752121534749524
8361,substituted,1,0.3,1.2141151209823742
8362,paraphrased,1,0.3,0.9772322627001534
8363,mixed_text,1,0.3,1.955906490076717
8364,human_baseline,0,0.3,1.0729561499102824
8365,original_ai,1,0.3,1.2983336210228449
8366,translated,1,0.3,1.2267249914837317
8367,substituted,1,0.3,1.2225995521590864
8368,paraphrased,1,0.3,0.9971766245934658
8369,mixed_text,1,0.3,1.5452249872380774
8370,human_baseline,0,0.3,0.82569390898213
8371,original_ai,1,0.3,1.9209120662857968
8372,translated,1,0.3,1.479528246308531
8373,substituted,1,0.3,0.9869791097134676
8374,paraphrased,1,0.3,1.18074283716846
8375,mixed_text,1,0.3,1.1186818905641638
8376,human_baseline,0,0.3,0.8141047808149949
8377,original_ai,1,0.3,1.133766816960465
8378,translated,1,0.3,1.1119854457178209
8379,substituted,1,0.3,1.0417693855898364
8380,paraphrased,1,0.3,0.8917605768034103
8381,mixed_text,1,0.3,1.3673949251842097
8382,human_baseline,0,0.3,1.2078613886341063
8383,original_ai,1,0.3,1.867095567704622
8384,translated,1,0.3,1.2253528705173558
8385,substituted,1,0.3,1.0116902998204298
8386,paraphrased,1,0.3,1.460503445261755
8387,mixed_text,1,0.3,1.6510719249619092
8388,human_baseline,0,0.3,0.9220099661505444
8389,original_ai,1,0.3,1.709628793992491
8390,translated,1,0.3,1.335787843589772
8391,substituted,1,0.3,0.9635885288340352
8392,paraphrased,1,0.3,1.1685146416255752
8393,mixed_text,1,0.3,1.2257796333194526
8394,human_baseline,0,0.3,0.8967420807047022
8395,original_ai,1,0.3,0.8909107882605949
8396,translated,1,0.3,1.1036067054256398
8397,substituted,1,0.3,1.2502665712005798
8398,paraphrased,1,0.3,1.1497145348066524
8399,mixed_text,1,0.3,1.5430862585450176
8400,human_baseline,0,0.3,0.8904489414215
8401,original_ai,1,0.3,2.1484284265707765
8402,translated,1,0.3,1.8134056866466857
8403,substituted,1,0.3,1.6921491726569482
8404,paraphrased,1,0.3,1.1728486268314433
8405,mixed_text,1,0.3,1.391831471877479
8406,human_baseline,0,0.3,0.9429250953491424
8407,original_ai,1,0.3,2.163189494592705
8408,translated,1,0.3,1.6561350164931872
8409,substituted,1,0.3,1.3687733419997676
8410,paraphrased,1,0.3,0.8921791043854682
8411,mixed_text,1,0.3,1.322846057174297
8412,human_baseline,0,0.3,0.8611106385233369
8413,original_ai,1,0.3,1.8218774168677223
8414,translated,1,0.3,1.8364712967808745
8415,substituted,1,0.3,1.4032160076017912
8416,paraphrased,1,0.3,1.138234836710016
8417,mixed_text,1,0.3,1.3248016015658683
8418,human_baseline,0,0.3,1.1942634352877437
8419,original_ai,1,0.3,4.174580932989687
8420,translated,1,0.3,3.902287091338997
8421,substituted,1,0.3,2.7971956087402003
8422,paraphrased,1,0.3,1.4890248525825072
8423,mixed_text,1,0.3,2.1761604959720016
8424,human_baseline,0,0.3,0.7076170717283875
8425,original_ai,1,0.3,2.742110348558267
8426,translated,1,0.3,2.4781165044606523
8427,substituted,1,0.3,1.6151908759755471
8428,paraphrased,1,0.3,1.6825676944239496
8429,mixed_text,1,0.3,1.1218981473719527
8430,human_baseline,0,0.3,0.9058862560755856
8431,original_ai,1,0.3,2.1971057760967505
8432,translated,1,0.3,1.4360352263077802
8433,substituted,1,0.3,1.0420012527016895
8434,paraphrased,1,0.3,1.386156209230104
8435,mixed_text,1,0.3,1.909422131071794
8436,human_baseline,0,0.3,0.9551001906073404
8437,original_ai,1,0.3,1.7015789988462555
8438,translated,1,0.3,1.3917563280503786
8439,substituted,1,0.3,1.1193475381490066
8440,paraphrased,1,0.3,0.9281876254753756
8441,mixed_text,1,0.3,1.5095517865547972
8442,human_baseline,0,0.3,1.3003111467322856
8443,original_ai,1,0.3,1.8219945940367483
8444,translated,1,0.3,1.7435942171090948
8445,substituted,1,0.3,1.784496974900172
8446,paraphrased,1,0.3,1.2996119493488685
8447,mixed_text,1,0.3,2.327629300921449
8448,human_baseline,0,0.3,0.9932907858067764
8449,original_ai,1,0.3,1.5745897094401289
8450,translated,1,0.3,1.3722450451560242
8451,substituted,1,0.3,1.2516421147526855
8452,paraphrased,1,0.3,0.6118035044667108
8453,mixed_text,1,0.3,1.9177642479418664
8454,human_baseline,0,0.3,0.8983776866581967
8455,original_ai,1,0.3,1.5064992029637865
8456,translated,1,0.3,1.3932934913756636
8457,substituted,1,0.3,1.1880420987200746
8458,paraphrased,1,0.3,1.279436620615701
8459,mixed_text,1,0.3,0.9635581975843164
8460,human_baseline,0,0.3,1.2509807008063232
8461,original_ai,1,0.3,1.5910240477876376
8462,translated,1,0.3,2.0931686112439376
8463,substituted,1,0.3,1.339529256168991
8464,paraphrased,1,0.3,0.976214691102628
8465,mixed_text,1,0.3,1.842842070979274
8466,human_baseline,0,0.3,0.947930394323922
8467,original_ai,1,0.3,2.228670369927931
8468,translated,1,0.3,1.8189696674863811
8469,substituted,1,0.3,1.4441123625287011
8470,paraphrased,1,0.3,1.317366440233684
8471,mixed_text,1,0.3,2.763055062048479
8472,human_baseline,0,0.3,0.9111057658450712
8473,original_ai,1,0.3,1.734579571396084
8474,translated,1,0.3,1.5665580479427017
8475,substituted,1,0.3,0.9033307146833552
8476,paraphrased,1,0.3,1.169057805561566
8477,mixed_text,1,0.3,1.3716274084390685
8478,human_baseline,0,0.3,1.4681797896108644
8479,original_ai,1,0.3,1.5244336559887617
8480,translated,1,0.3,1.5743238014484138
8481,substituted,1,0.3,1.6974968069648335
8482,paraphrased,1,0.3,1.6902206140922988
8483,mixed_text,1,0.3,1.3354607195204544
8484,human_baseline,0,0.3,1.177240600864461
8485,original_ai,1,0.3,1.1099596762975557
8486,translated,1,0.3,1.0241338068089558
8487,substituted,1,0.3,1.135761877712389
8488,paraphrased,1,0.3,0.7053239319877653
8489,mixed_text,1,0.3,1.3418554301395154
8490,human_baseline,0,0.3,0.9606156561864744
8491,original_ai,1,0.3,2.0215590615440515
8492,translated,1,0.3,1.3967719111918755
8493,substituted,1,0.3,0.9829176588252782
8494,paraphrased,1,0.3,1.4822752171187237
8495,mixed_text,1,0.3,1.3860459176976732
8496,human_baseline,0,0.3,1.2998971678282538
8497,original_ai,1,0.3,1.630802414822222
8498,translated,1,0.3,1.1450102879688289
8499,substituted,1,0.3,1.3086866297630688
8500,paraphrased,1,0.3,1.1124513749550742
8501,mixed_text,1,0.3,1.59008132686748
8502,human_baseline,0,0.3,0.6627091128379075
8503,original_ai,1,0.3,1.7452191508175938
8504,translated,1,0.3,1.800876248185338
8505,substituted,1,0.3,1.6169417200771898
8506,paraphrased,1,0.3,1.1939277522071807
8507,mixed_text,1,0.3,1.9985983252771564
8508,human_baseline,0,0.3,0.8210326990383823
8509,original_ai,1,0.3,1.4810174365202295
8510,translated,1,0.3,1.2626436908311347
8511,substituted,1,0.3,1.3412514040386263
8512,paraphrased,1,0.3,0.976288799804366
8513,mixed_text,1,0.3,1.4770469312530004
8514,human_baseline,0,0.3,1.4418421126901393
8515,original_ai,1,0.3,1.700946983597886
8516,translated,1,0.3,1.380007073008708
8517,substituted,1,0.3,1.5346960195092008
8518,paraphrased,1,0.3,1.1551323101337616
8519,mixed_text,1,0.3,2.0683525409883625
8520,human_baseline,0,0.3,0.9204951180830956
8521,original_ai,1,0.3,1.801953365151406
8522,translated,1,0.3,1.333440230178349
8523,substituted,1,0.3,1.6598855834910518
8524,paraphrased,1,0.3,0.9105629617974144
8525,mixed_text,1,0.3,1.2825686772234417
8526,human_baseline,0,0.3,0.7814553629100476
8527,original_ai,1,0.3,1.5923308169668997
8528,translated,1,0.3,1.0474492958776118
8529,substituted,1,0.3,1.2009280328530272
8530,paraphrased,1,0.3,0.9552692609275388
8531,mixed_text,1,0.3,1.6974112067026306
8532,human_baseline,0,0.3,0.9417593586519344
8533,original_ai,1,0.3,1.4076101447032443
8534,translated,1,0.3,1.185703842067558
8535,substituted,1,0.3,1.0404075887322923
8536,paraphrased,1,0.3,0.910248988777906
8537,mixed_text,1,0.3,1.0093635498163125
8538,human_baseline,0,0.3,0.7343992356328275
8539,original_ai,1,0.3,2.120008782125701
8540,translated,1,0.3,1.7201082135566947
8541,substituted,1,0.3,2.1844783029893664
8542,paraphrased,1,0.3,1.3060112743809698
8543,mixed_text,1,0.3,1.002263786494511
8544,human_baseline,0,0.3,1.08959176362651
8545,original_ai,1,0.3,0.9485691469756072
8546,translated,1,0.3,0.930725794770864
8547,substituted,1,0.3,0.9871211865918456
8548,paraphrased,1,0.3,0.8417523588567419
8549,mixed_text,1,0.3,0.958064136173976
8550,human_baseline,0,0.3,0.8570847445334387
8551,original_ai,1,0.3,2.817054189302341
8552,translated,1,0.3,1.9906192267224356
8553,substituted,1,0.3,1.4577188469202942
8554,paraphrased,1,0.3,1.049887348024381
8555,mixed_text,1,0.3,1.0522241837035304
8556,human_baseline,0,0.3,1.4354636604638602
8557,original_ai,1,0.3,1.6497407079336837
8558,translated,1,0.3,1.24177388358266
8559,substituted,1,0.3,1.2418036186149797
8560,paraphrased,1,0.3,0.7612442956837325
8561,mixed_text,1,0.3,1.2415156421663065
8562,human_baseline,0,0.3,0.8026576654829245
8563,original_ai,1,0.3,2.6449286521590727
8564,translated,1,0.3,2.0436605848035976
8565,substituted,1,0.3,1.647824211577213
8566,paraphrased,1,0.3,1.49092924207434
8567,mixed_text,1,0.3,1.1087462653210085
8568,human_baseline,0,0.3,1.2549698873459596
8569,original_ai,1,0.3,1.4631361299395251
8570,translated,1,0.3,1.3101322254122303
8571,substituted,1,0.3,1.1624996127511664
8572,paraphrased,1,0.3,1.3638477462436391
8573,mixed_text,1,0.3,1.606599955304558
8574,human_baseline,0,0.3,0.8890492148680624
8575,original_ai,1,0.3,1.1650722720672275
8576,translated,1,0.3,1.139789865273498
8577,substituted,1,0.3,1.728334060869285
8578,paraphrased,1,0.3,1.0568244348110527
8579,mixed_text,1,0.3,1.3156598177833914
8580,human_baseline,0,0.3,0.8987018729924731
8581,original_ai,1,0.3,1.3708618031851063
8582,translated,1,0.3,1.350546807270856
8583,substituted,1,0.3,1.139664122693271
8584,paraphrased,1,0.3,1.4776353873051382
8585,mixed_text,1,0.3,1.1423200049120068
8586,human_baseline,0,0.3,0.879853425703839
8587,original_ai,1,0.3,2.447450693441582
8588,translated,1,0.3,2.076365448637005
8589,substituted,1,0.3,1.942674935716208
8590,paraphrased,1,0.3,1.7548114799914531
8591,mixed_text,1,0.3,1.08294191476788
8592,human_baseline,0,0.3,0.8265171338835804
8593,original_ai,1,0.3,2.075176693950024
8594,translated,1,0.3,1.3843641884725058
8595,substituted,1,0.3,0.9378764673497464
8596,paraphrased,1,0.3,1.1244165068640126
8597,mixed_text,1,0.3,1.7393804633499077
8598,human_baseline,0,0.3,0.9073940189494256
8599,original_ai,1,0.3,2.140003738719773
8600,translated,1,0.3,1.5556665491744073
8601,substituted,1,0.3,1.948858594133204
8602,paraphrased,1,0.3,1.7270913380244337
8603,mixed_text,1,0.3,1.4736608992924356
8604,human_baseline,0,0.3,0.9378061469440084
8605,original_ai,1,0.3,3.4005473712823715
8606,translated,1,0.3,2.3699644824950785
8607,substituted,1,0.3,1.331913557751767
8608,paraphrased,1,0.3,1.643079117587929
8609,mixed_text,1,0.3,1.268462786521945
8610,human_baseline,0,0.3,1.067394410457782
8611,original_ai,1,0.3,2.327665346659581
8612,translated,1,0.3,2.3685245628176514
8613,substituted,1,0.3,1.928967838674804
8614,paraphrased,1,0.3,0.8027117016404429
8615,mixed_text,1,0.3,2.4789733500224576
8616,human_baseline,0,0.3,1.1865002399948803
8617,original_ai,1,0.3,1.3704516237953914
8618,translated,1,0.3,1.3605979871822231
8619,substituted,1,0.3,1.4193360733085034
8620,paraphrased,1,0.3,1.3626129299962977
8621,mixed_text,1,0.3,2.0503651009592936
8622,human_baseline,0,0.3,1.2404077491999816
8623,original_ai,1,0.3,2.8403339568125547
8624,translated,1,0.3,2.574506876792034
8625,substituted,1,0.3,1.7913192960708766
8626,paraphrased,1,0.3,1.1863222483957334
8627,mixed_text,1,0.3,1.6947461932750505
8628,human_baseline,0,0.3,0.8523327467727088
8629,original_ai,1,0.3,2.7186006888490053
8630,translated,1,0.3,1.7529071866079835
8631,substituted,1,0.3,1.3133086474120463
8632,paraphrased,1,0.3,1.313928154634505
8633,mixed_text,1,0.3,1.928320229794266
8634,human_baseline,0,0.3,1.1549039456966468
8635,original_ai,1,0.3,1.4374792898001143
8636,translated,1,0.3,1.933017879232924
8637,substituted,1,0.3,1.1272702852617902
8638,paraphrased,1,0.3,1.1953091036101913
8639,mixed_text,1,0.3,1.0814484861649885
8640,human_baseline,0,0.3,0.8351078110084986
8641,original_ai,1,0.3,1.334859677831885
8642,translated,1,0.3,1.1660413042437323
8643,substituted,1,0.3,0.985054932120772
8644,paraphrased,1,0.3,1.1321276950577697
8645,mixed_text,1,0.3,1.1421984793485898
8646,human_baseline,0,0.3,0.9603488802632664
8647,original_ai,1,0.3,2.0722319639487448
8648,translated,1,0.3,2.0215957965803426
8649,substituted,1,0.3,1.2995834453410289
8650,paraphrased,1,0.3,0.814499091823973
8651,mixed_text,1,0.3,1.9556934657568583
8652,human_baseline,0,0.3,1.373182641310517
8653,original_ai,1,0.3,1.530471272505631
8654,translated,1,0.3,1.4006879856533605
8655,substituted,1,0.3,1.470608869789001
8656,paraphrased,1,0.3,1.1796644893681434
8657,mixed_text,1,0.3,1.3236346339315384
8658,human_baseline,0,0.3,0.9875434719423158
8659,original_ai,1,0.3,2.402788670483454
8660,translated,1,0.3,2.2447043303072256
8661,substituted,1,0.3,1.55412497027125
8662,paraphrased,1,0.3,1.4990485866839776
8663,mixed_text,1,0.3,1.0884124355527138
8664,human_baseline,0,0.3,1.138964978423237
8665,original_ai,1,0.3,2.288229980103143
8666,translated,1,0.3,2.044116055467695
8667,substituted,1,0.3,1.4858418159384097
8668,paraphrased,1,0.3,1.7991648996788776
8669,mixed_text,1,0.3,1.441697545242235
8670,human_baseline,0,0.3,0.7936023016642932
8671,original_ai,1,0.3,1.6871008858066316
8672,translated,1,0.3,1.3904171515833643
8673,substituted,1,0.3,1.0877655786439826
8674,paraphrased,1,0.3,1.168067897084833
8675,mixed_text,1,0.3,1.4230089724810042
8676,human_baseline,0,0.3,1.212045962410632
8677,original_ai,1,0.3,1.5228875663185988
8678,translated,1,0.3,1.474224844028002
8679,substituted,1,0.3,1.329370702587914
8680,paraphrased,1,0.3,2.022908595031538
8681,mixed_text,1,0.3,1.3656645959926217
8682,human_baseline,0,0.3,0.8955768959866233
8683,original_ai,1,0.3,2.2488039677063068
8684,translated,1,0.3,2.006627464432226
8685,substituted,1,0.3,1.5883009120417062
8686,paraphrased,1,0.3,0.9881626369280758
8687,mixed_text,1,0.3,1.302285535893886
8688,human_baseline,0,0.3,0.8480984632492895
8689,original_ai,1,0.3,1.4171441470783657
8690,translated,1,0.3,1.0380267837455228
8691,substituted,1,0.3,1.6852159754884437
8692,paraphrased,1,0.3,1.036002303308236
8693,mixed_text,1,0.3,1.175200066627584
8694,human_baseline,0,0.3,0.9317545172352796
8695,original_ai,1,0.3,1.5957371508224816
8696,translated,1,0.3,1.4849704253295293
8697,substituted,1,0.3,1.3638625751131837
8698,paraphrased,1,0.3,1.1741305750023736
8699,mixed_text,1,0.3,1.3011905958830297
8700,human_baseline,0,0.3,0.9471777681872376
8701,original_ai,1,0.3,1.1584727267468566
8702,translated,1,0.3,1.3093465379686535
8703,substituted,1,0.3,1.229122545175339
8704,paraphrased,1,0.3,1.2592583535742976
8705,mixed_text,1,0.3,1.2786352312500686
8706,human_baseline,0,0.3,0.864314572749462
8707,original_ai,1,0.3,1.5501337124701071
8708,translated,1,0.3,1.4277789309988778
8709,substituted,1,0.3,0.7354880743558126
8710,paraphrased,1,0.3,1.3251897001363802
8711,mixed_text,1,0.3,1.7545594678788752
8712,human_baseline,0,0.3,1.0749452375637876
8713,original_ai,1,0.3,1.319191556917576
8714,translated,1,0.3,1.1017941138805265
8715,substituted,1,0.3,1.3104206589279817
8716,paraphrased,1,0.3,0.7267739581148646
8717,mixed_text,1,0.3,1.5411196188772305
8718,human_baseline,0,0.3,0.7673291890407881
8719,original_ai,1,0.3,2.033215829107192
8720,translated,1,0.3,1.7279037424228791
8721,substituted,1,0.3,0.8695845868234943
8722,paraphrased,1,0.3,1.6628533187662562
8723,mixed_text,1,0.3,1.2364789722341756
8724,human_baseline,0,0.3,1.026977939896697
8725,original_ai,1,0.3,1.830889139734256
8726,translated,1,0.3,1.296689787848328
8727,substituted,1,0.3,1.0245297234503716
8728,paraphrased,1,0.3,1.4873470652276548
8729,mixed_text,1,0.3,1.835020790427988
8730,human_baseline,0,0.3,1.458331170960217
8731,original_ai,1,0.3,1.2635537271460022
8732,translated,1,0.3,1.0840681871715427
8733,substituted,1,0.3,1.5282010477872212
8734,paraphrased,1,0.3,0.8120546707461264
8735,mixed_text,1,0.3,1.7590050429838495
8736,human_baseline,0,0.3,1.058120286695234
8737,original_ai,1,0.3,2.667502462275693
8738,translated,1,0.3,1.9721425293264032
8739,substituted,1,0.3,1.1225931911451017
8740,paraphrased,1,0.3,1.4939314755862962
8741,mixed_text,1,0.3,1.5149253183348508
8742,human_baseline,0,0.3,0.8325022848438666
8743,original_ai,1,0.3,1.8147145790201
8744,translated,1,0.3,2.0225427822332467
8745,substituted,1,0.3,1.7061917797604484
8746,paraphrased,1,0.3,1.1993774170060676
8747,mixed_text,1,0.3,1.41034741316598
8748,human_baseline,0,0.3,1.0220546114627906
8749,original_ai,1,0.3,2.0509993566430147
8750,translated,1,0.3,1.996581272649557
8751,substituted,1,0.3,1.0685048926172565
8752,paraphrased,1,0.3,1.170683130539306
8753,mixed_text,1,0.3,1.4222764576557303
8754,human_baseline,0,0.3,1.075811413352706
8755,original_ai,1,0.3,1.5014346711263018
8756,translated,1,0.3,1.4073709595708088
8757,substituted,1,0.3,1.1834798202976131
8758,paraphrased,1,0.3,1.718538028981088
8759,mixed_text,1,0.3,1.1224498468486173
8760,human_baseline,0,0.3,0.9445103184205758
8761,original_ai,1,0.3,1.6423089180247088
8762,translated,1,0.3,1.2487265959786698
8763,substituted,1,0.3,1.0056668365612942
8764,paraphrased,1,0.3,1.0126918664558298
8765,mixed_text,1,0.3,1.5926846668916907
8766,human_baseline,0,0.3,0.9735386310938264
8767,original_ai,1,0.3,2.62000544265455
8768,translated,1,0.3,2.019578753291389
8769,substituted,1,0.3,1.054368638686929
8770,paraphrased,1,0.3,1.3191529181775892
8771,mixed_text,1,0.3,1.5081792154235765
8772,human_baseline,0,0.3,0.9651577794786976
8773,original_ai,1,0.3,1.0468531856213317
8774,translated,1,0.3,1.0078540585834372
8775,substituted,1,0.3,1.038383871567465
8776,paraphrased,1,0.3,0.7712643864996399
8777,mixed_text,1,0.3,1.1262737258379425
8778,human_baseline,0,0.3,0.9578040990820316
8779,original_ai,1,0.3,2.219096776740529
8780,translated,1,0.3,1.7840413619503022
8781,substituted,1,0.3,1.5015295086939355
8782,paraphrased,1,0.3,1.0134540206417673
8783,mixed_text,1,0.3,1.5893396569159142
8784,human_baseline,0,0.3,0.9623014826111952
8785,original_ai,1,0.3,2.187219658329421
8786,translated,1,0.3,1.203198410536532
8787,substituted,1,0.3,1.6177937258132602
8788,paraphrased,1,0.3,1.202240622134045
8789,mixed_text,1,0.3,2.1985381261872554
8790,human_baseline,0,0.3,1.0105964701405712
8791,original_ai,1,0.3,1.61009038316152
8792,translated,1,0.3,1.4625138826872202
8793,substituted,1,0.3,1.1064453358406918
8794,paraphrased,1,0.3,1.2931816166468002
8795,mixed_text,1,0.3,1.5966913415273694
8796,human_baseline,0,0.3,1.0507405255609914
8797,original_ai,1,0.3,1.8521588992139908
8798,translated,1,0.3,1.8703431502127992
8799,substituted,1,0.3,1.4697517979690315
8800,paraphrased,1,0.3,1.168468097869382
8801,mixed_text,1,0.3,1.1842017787212975
8802,human_baseline,0,0.3,1.1045797952104808
8803,original_ai,1,0.3,1.5297724412740643
8804,translated,1,0.3,1.5190638057158838
8805,substituted,1,0.3,1.2149559660111722
8806,paraphrased,1,0.3,1.45188863215257
8807,mixed_text,1,0.3,1.726773996547048
8808,human_baseline,0,0.3,0.9541101368671588
8809,original_ai,1,0.3,1.522894143332227
8810,translated,1,0.3,1.522894143332227
8811,substituted,1,0.3,0.8329071119987739
8812,paraphrased,1,0.3,1.390575699550645
8813,mixed_text,1,0.3,1.40158771924056
8814,human_baseline,0,0.3,1.1284974910767525
8815,original_ai,1,0.3,1.8040756546832688
8816,translated,1,0.3,1.6424269855485232
8817,substituted,1,0.3,1.112680113701116
8818,paraphrased,1,0.3,1.6113638441332472
8819,mixed_text,1,0.3,1.7174152327130832
8820,human_baseline,0,0.3,1.0957704106061914
8821,original_ai,1,0.3,2.122910370821769
8822,translated,1,0.3,1.6798941786340251
8823,substituted,1,0.3,1.1741885060007131
8824,paraphrased,1,0.3,0.7972746057797809
8825,mixed_text,1,0.3,1.4424548022648296
8826,human_baseline,0,0.3,0.9264980461489154
8827,original_ai,1,0.3,1.138847318593898
8828,translated,1,0.3,1.164048233133742
8829,substituted,1,0.3,1.1917670059718053
8830,paraphrased,1,0.3,0.8844386834344321
8831,mixed_text,1,0.3,1.0168800254499977
8832,human_baseline,0,0.3,1.0007597148245018
8833,original_ai,1,0.3,1.6075072012836022
8834,translated,1,0.3,1.3368474410648623
8835,substituted,1,0.3,1.0846976253663767
8836,paraphrased,1,0.3,1.4867277092495468
8837,mixed_text,1,0.3,1.1855066407777684
8838,human_baseline,0,0.3,0.8776709862515888
8839,original_ai,1,0.3,1.3720538128879314
8840,translated,1,0.3,1.209815537255777
8841,substituted,1,0.3,0.8798005766148035
8842,paraphrased,1,0.3,1.0969013802731262
8843,mixed_text,1,0.3,1.4311589378670195
8844,human_baseline,0,0.3,1.410990799432308
8845,original_ai,1,0.3,1.879798110230948
8846,translated,1,0.3,1.8752096211421343
8847,substituted,1,0.3,1.5160388490210954
8848,paraphrased,1,0.3,1.4026610472136265
8849,mixed_text,1,0.3,1.4561382503783376
8850,human_baseline,0,0.3,1.063048314115037
8851,original_ai,1,0.3,1.9002768265845555
8852,translated,1,0.3,1.5415203992347557
8853,substituted,1,0.3,1.5634884290433368
8854,paraphrased,1,0.3,1.152148361561696
8855,mixed_text,1,0.3,1.4614766737297822
8856,human_baseline,0,0.3,0.8543465658786368
8857,original_ai,1,0.3,2.9281076843571308
8858,translated,1,0.3,1.254090766115848
8859,substituted,1,0.3,1.0751442370460718
8860,paraphrased,1,0.3,2.24066137188182
8861,mixed_text,1,0.3,1.2580406042251682
8862,human_baseline,0,0.3,1.2877603082899538
8863,original_ai,1,0.3,1.195485076277568
8864,translated,1,0.3,1.1432837632928414
8865,substituted,1,0.3,1.0773566870906794
8866,paraphrased,1,0.3,1.0066428094322155
8867,mixed_text,1,0.3,1.3666792002377106
8868,human_baseline,0,0.3,0.9932498128682884
8869,original_ai,1,0.3,1.3137228644347243
8870,translated,1,0.3,1.4890992736329602
8871,substituted,1,0.3,1.306137264106766
8872,paraphrased,1,0.3,1.867328731012973
8873,mixed_text,1,0.3,1.7621119913986385
8874,human_baseline,0,0.3,1.0290747326261636
8875,original_ai,1,0.3,2.020046895480158
8876,translated,1,0.3,1.7124054265097908
8877,substituted,1,0.3,1.5267510896965244
8878,paraphrased,1,0.3,0.6327549464895275
8879,mixed_text,1,0.3,1.979725142333814
8880,human_baseline,0,0.3,0.849027412504213
8881,original_ai,1,0.3,2.151002661906237
8882,translated,1,0.3,1.621861797858776
8883,substituted,1,0.3,1.273827073212649
8884,paraphrased,1,0.3,1.5841694607485048
8885,mixed_text,1,0.3,1.3751369516261305
8886,human_baseline,0,0.3,0.8319589637715453
8887,original_ai,1,0.3,2.529005870193944
8888,translated,1,0.3,2.488873581577248
8889,substituted,1,0.3,1.264493618016575
8890,paraphrased,1,0.3,0.5410369523165771
8891,mixed_text,1,0.3,1.2037006693868937
8892,human_baseline,0,0.3,1.1617079154992145
8893,original_ai,1,0.3,1.4336563954447452
8894,translated,1,0.3,1.1226578595937318
8895,substituted,1,0.3,1.187011861441176
8896,paraphrased,1,0.3,1.2200466355267807
8897,mixed_text,1,0.3,1.5132786086262875
8898,human_baseline,0,0.3,0.9104374469578986
8899,original_ai,1,0.3,1.975491747842823
8900,translated,1,0.3,1.3480480379712816
8901,substituted,1,0.3,1.5026557561847569
8902,paraphrased,1,0.3,1.3347021758254327
8903,mixed_text,1,0.3,1.6955349862276792
8904,human_baseline,0,0.3,0.9643838789940028
8905,original_ai,1,0.3,1.5031737285625653
8906,translated,1,0.3,1.3701305472525442
8907,substituted,1,0.3,1.4147410900223665
8908,paraphrased,1,0.3,1.5964453724815446
8909,mixed_text,1,0.3,1.7582106871660312
8910,human_baseline,0,0.3,0.7154779415838871
8911,original_ai,1,0.3,1.4736010077939956
8912,translated,1,0.3,1.3087729101327656
8913,substituted,1,0.3,1.582213566316623
8914,paraphrased,1,0.3,0.9298761598305924
8915,mixed_text,1,0.3,1.0802064553783384
8916,human_baseline,0,0.3,1.0962098380546423
8917,original_ai,1,0.3,1.3400141666620615
8918,translated,1,0.3,1.5219801613107873
8919,substituted,1,0.3,1.0378098373879578
8920,paraphrased,1,0.3,0.8765623454036693
8921,mixed_text,1,0.3,0.9309766751417372
8922,human_baseline,0,0.3,0.9596227846903588
8923,original_ai,1,0.3,2.2436302261576286
8924,translated,1,0.3,1.2120710059717044
8925,substituted,1,0.3,1.2430978621492317
8926,paraphrased,1,0.3,1.3689688090154526
8927,mixed_text,1,0.3,1.2893796341413102
8928,human_baseline,0,0.3,1.1180904665849754
8929,original_ai,1,0.3,2.9235733475852874
8930,translated,1,0.3,2.445146351227633
8931,substituted,1,0.3,1.1848230754849325
8932,paraphrased,1,0.3,1.0752483229769088
8933,mixed_text,1,0.3,1.3467466825287884
8934,human_baseline,0,0.3,1.0892661159875403
8935,original_ai,1,0.3,1.3330429823266372
8936,translated,1,0.3,1.1315130239814888
8937,substituted,1,0.3,1.142148818294252
8938,paraphrased,1,0.3,1.000846342577605
8939,mixed_text,1,0.3,1.1809829494596529
8940,human_baseline,0,0.3,1.1538447403428311
8941,original_ai,1,0.3,1.6427501933565185
8942,translated,1,0.3,1.0511263786784977
8943,substituted,1,0.3,1.3476882777948358
8944,paraphrased,1,0.3,1.3255807214277338
8945,mixed_text,1,0.3,1.290457850910509
8946,human_baseline,0,0.3,0.7639483282637836
8947,original_ai,1,0.3,1.7561549912680552
8948,translated,1,0.3,1.638709077793041
8949,substituted,1,0.3,1.091558100241853
8950,paraphrased,1,0.3,1.5258311641212858
8951,mixed_text,1,0.3,0.9786822683460764
8952,human_baseline,0,0.3,1.0108803891915474
8953,original_ai,1,0.3,1.930874309934854
8954,translated,1,0.3,1.6311394655375513
8955,substituted,1,0.3,1.8785958320024123
8956,paraphrased,1,0.3,1.4158258911864572
8957,mixed_text,1,0.3,1.863726133217095
8958,human_baseline,0,0.3,0.8007555935691594
8959,original_ai,1,0.3,3.28168404643577
8960,translated,1,0.3,1.9856601491792905
8961,substituted,1,0.3,0.8224416188168824
8962,paraphrased,1,0.3,1.495525238451229
8963,mixed_text,1,0.3,1.1739293756604403
8964,human_baseline,0,0.3,0.8886853789264736
8965,original_ai,1,0.3,2.0210176786188248
8966,translated,1,0.3,1.7492762625674816
8967,substituted,1,0.3,1.33457487575209
8968,paraphrased,1,0.3,0.7345079464199511
8969,mixed_text,1,0.3,1.3315753963343744
8970,human_baseline,0,0.3,0.979654667857017
8971,original_ai,1,0.3,1.5637693274214974
8972,translated,1,0.3,1.6704104310319146
8973,substituted,1,0.3,1.5528881366500598
8974,paraphrased,1,0.3,1.2010777259393617
8975,mixed_text,1,0.3,1.1176356432383567
8976,human_baseline,0,0.3,1.15463445800798
8977,original_ai,1,0.3,3.249079409362548
8978,translated,1,0.3,2.127446681904987
8979,substituted,1,0.3,1.4370340078616552
8980,paraphrased,1,0.3,1.5166155487212605
8981,mixed_text,1,0.3,1.807478336008741
8982,human_baseline,0,0.3,1.0091396573242306
8983,original_ai,1,0.3,1.7772249740479635
8984,translated,1,0.3,1.507864099382789
8985,substituted,1,0.3,1.443759931237306
8986,paraphrased,1,0.3,1.3853583219708114
8987,mixed_text,1,0.3,1.4277591351302104
8988,human_baseline,0,0.3,1.2084314931946032
8989,original_ai,1,0.3,1.5640641065649592
8990,translated,1,0.3,1.1847421521995942
8991,substituted,1,0.3,0.9707965942559535
8992,paraphrased,1,0.3,1.2617186321223892
8993,mixed_text,1,0.3,1.259593267562003
8994,human_baseline,0,0.3,1.1059726853819634
8995,original_ai,1,0.3,1.9123643626371043
8996,translated,1,0.3,1.8962001921009344
8997,substituted,1,0.3,1.7367509593230406
8998,paraphrased,1,0.3,1.084787006540647
8999,mixed_text,1,0.3,1.512877964646103
9000,human_baseline,0,0.4,0.9207831960849182
9001,original_ai,1,0.4,1.3760334504600766
9002,translated,1,0.4,1.647104902669421
9003,substituted,1,0.4,0.7494738681426553
9004,paraphrased,1,0.4,1.124405438265062
9005,mixed_text,1,0.4,1.2886635285275725
9006,human_baseline,0,0.4,1.66372542019828
9007,original_ai,1,0.4,1.7102991180557854
9008,translated,1,0.4,1.340205281617348
9009,substituted,1,0.4,1.2378583660495504
9010,paraphrased,1,0.4,0.8243485609666527
9011,mixed_text,1,0.4,1.2626297591844715
9012,human_baseline,0,0.4,1.013496416162586
9013,original_ai,1,0.4,1.15350993691798
9014,translated,1,0.4,0.9924896902033646
9015,substituted,1,0.4,0.7501113946076013
9016,paraphrased,1,0.4,0.8845570783720864
9017,mixed_text,1,0.4,1.4165917661988416
9018,human_baseline,0,0.4,0.8545675657130186
9019,original_ai,1,0.4,1.7393434701993138
9020,translated,1,0.4,1.681653872465206
9021,substituted,1,0.4,1.0996480292352118
9022,paraphrased,1,0.4,1.0502812353469415
9023,mixed_text,1,0.4,1.3880348560932714
9024,human_baseline,0,0.4,1.100829152851953
9025,original_ai,1,0.4,1.819289054382465
9026,translated,1,0.4,1.7033996613799374
9027,substituted,1,0.4,1.236282826511392
9028,paraphrased,1,0.4,1.4265148611144272
9029,mixed_text,1,0.4,1.5288014127770193
9030,human_baseline,0,0.4,0.8324831114220285
9031,original_ai,1,0.4,1.6219565616542553
9032,translated,1,0.4,1.7981053137697045
9033,substituted,1,0.4,1.2974583543180938
9034,paraphrased,1,0.4,0.975357887857031
9035,mixed_text,1,0.4,1.3089483718160813
9036,human_baseline,0,0.4,0.9514676181195686
9037,original_ai,1,0.4,1.5042990543873276
9038,translated,1,0.4,1.143689142181773
9039,substituted,1,0.4,0.8937309675554859
9040,paraphrased,1,0.4,0.5043692465047259
9041,mixed_text,1,0.4,1.3992038409153025
9042,human_baseline,0,0.4,1.1021383215595566
9043,original_ai,1,0.4,1.8366611918590297
9044,translated,1,0.4,1.783371733054616
9045,substituted,1,0.4,1.2016098384641936
9046,paraphrased,1,0.4,0.906559144709654
9047,mixed_text,1,0.4,0.8522253352988348
9048,human_baseline,0,0.4,0.7055828056724794
9049,original_ai,1,0.4,1.3533438951269108
9050,translated,1,0.4,1.30768650280647
9051,substituted,1,0.4,0.9289103353231836
9052,paraphrased,1,0.4,1.0037553321472554
9053,mixed_text,1,0.4,1.1899939782822893
9054,human_baseline,0,0.4,0.8142027035708588
9055,original_ai,1,0.4,2.2109964955421364
9056,translated,1,0.4,1.604838378602049
9057,substituted,1,0.4,1.2648235850576608
9058,paraphrased,1,0.4,0.7669762970766852
9059,mixed_text,1,0.4,1.2715701396023564
9060,human_baseline,0,0.4,0.8172155796436433
9061,original_ai,1,0.4,2.68712241544884
9062,translated,1,0.4,1.4457526592244578
9063,substituted,1,0.4,1.2007371498227948
9064,paraphrased,1,0.4,1.2014248381363906
9065,mixed_text,1,0.4,1.1595098838003737
9066,human_baseline,0,0.4,1.0467702262239058
9067,original_ai,1,0.4,1.7529704270418394
9068,translated,1,0.4,1.6330303033570206
9069,substituted,1,0.4,1.475885572183212
9070,paraphrased,1,0.4,1.163745442084868
9071,mixed_text,1,0.4,1.4788349469288895
9072,human_baseline,0,0.4,1.05573647590917
9073,original_ai,1,0.4,1.9813412364807728
9074,translated,1,0.4,2.2623102229334067
9075,substituted,1,0.4,1.6091799258644988
9076,paraphrased,1,0.4,1.7737321558046355
9077,mixed_text,1,0.4,1.7375477242346091
9078,human_baseline,0,0.4,0.9335246340656604
9079,original_ai,1,0.4,2.1848430266331134
9080,translated,1,0.4,1.863656451701316
9081,substituted,1,0.4,1.4258119834563223
9082,paraphrased,1,0.4,1.312659010767119
9083,mixed_text,1,0.4,1.0823426763171904
9084,human_baseline,0,0.4,0.8839247980440874
9085,original_ai,1,0.4,2.047240115907227
9086,translated,1,0.4,1.173554497710285
9087,substituted,1,0.4,1.441967618143361
9088,paraphrased,1,0.4,0.9947300385230032
9089,mixed_text,1,0.4,1.347438444214136
9090,human_baseline,0,0.4,1.0038821371242594
9091,original_ai,1,0.4,1.7835022278826624
9092,translated,1,0.4,1.523644552919668
9093,substituted,1,0.4,1.7443773081579372
9094,paraphrased,1,0.4,1.2610617489190972
9095,mixed_text,1,0.4,1.5397447063139504
9096,human_baseline,0,0.4,0.7107685207686103
9097,original_ai,1,0.4,1.8131765730951332
9098,translated,1,0.4,1.0912665434636992
9099,substituted,1,0.4,1.9708893104726704
9100,paraphrased,1,0.4,1.4822421766273215
9101,mixed_text,1,0.4,0.785262793892606
9102,human_baseline,0,0.4,1.022044920060437
9103,original_ai,1,0.4,1.4912328290163783
9104,translated,1,0.4,1.3950085146794795
9105,substituted,1,0.4,1.4706489971531342
9106,paraphrased,1,0.4,0.8938049263756569
9107,mixed_text,1,0.4,1.6358483442959926
9108,human_baseline,0,0.4,1.467626860822387
9109,original_ai,1,0.4,1.5330193380752
9110,translated,1,0.4,1.57103596775336
9111,substituted,1,0.4,1.271867955439047
9112,paraphrased,1,0.4,1.253500615658689
9113,mixed_text,1,0.4,1.6508967777995194
9114,human_baseline,0,0.4,0.9980994025942111
9115,original_ai,1,0.4,1.5543953027310011
9116,translated,1,0.4,1.4921352671690855
9117,substituted,1,0.4,0.9820572543559672
9118,paraphrased,1,0.4,0.9995623672644454
9119,mixed_text,1,0.4,1.241255384378176
9120,human_baseline,0,0.4,1.2823540751441498
9121,original_ai,1,0.4,1.8079932663713751
9122,translated,1,0.4,1.4991720283442185
9123,substituted,1,0.4,1.132118091442205
9124,paraphrased,1,0.4,0.9821921386359104
9125,mixed_text,1,0.4,1.5730739305630932
9126,human_baseline,0,0.4,0.9082443730842747
9127,original_ai,1,0.4,2.461577738162842
9128,translated,1,0.4,2.1401525376064594
9129,substituted,1,0.4,2.35070577168366
9130,paraphrased,1,0.4,1.3900218838520642
9131,mixed_text,1,0.4,1.321242461417392
9132,human_baseline,0,0.4,1.148279464408409
9133,original_ai,1,0.4,1.418203909731157
9134,translated,1,0.4,1.3305705775041572
9135,substituted,1,0.4,1.320583100242258
9136,paraphrased,1,0.4,1.0596034535808387
9137,mixed_text,1,0.4,1.3117840473986768
9138,human_baseline,0,0.4,0.6408883527790565
9139,original_ai,1,0.4,2.8079861635426866
9140,translated,1,0.4,2.188044052645125
9141,substituted,1,0.4,1.3490082290351983
9142,paraphrased,1,0.4,1.364577992187517
9143,mixed_text,1,0.4,1.0744270377689726
9144,human_baseline,0,0.4,0.906351026604765
9145,original_ai,1,0.4,1.2287384114805229
9146,translated,1,0.4,1.2248984673321297
9147,substituted,1,0.4,0.9716881387648738
9148,paraphrased,1,0.4,1.1118485447900877
9149,mixed_text,1,0.4,1.1525622170932552
9150,human_baseline,0,0.4,0.8918551805433541
9151,original_ai,1,0.4,2.119315742351947
9152,translated,1,0.4,1.3620058512126836
9153,substituted,1,0.4,0.8295597648626143
9154,paraphrased,1,0.4,0.9015626264504112
9155,mixed_text,1,0.4,1.048979677254949
9156,human_baseline,0,0.4,1.0465741513670197
9157,original_ai,1,0.4,2.4869230145023304
9158,translated,1,0.4,1.975737132276817
9159,substituted,1,0.4,1.6452368665032011
9160,paraphrased,1,0.4,1.34387755552199
9161,mixed_text,1,0.4,1.7680198436988812
9162,human_baseline,0,0.4,0.8464140262117811
9163,original_ai,1,0.4,1.9891606190176756
9164,translated,1,0.4,1.780855880612196
9165,substituted,1,0.4,1.175838530285159
9166,paraphrased,1,0.4,1.2242046835537217
9167,mixed_text,1,0.4,0.8776091869760634
9168,human_baseline,0,0.4,1.2129897075107012
9169,original_ai,1,0.4,2.214580546418611
9170,translated,1,0.4,2.0468741417013274
9171,substituted,1,0.4,1.049241180450282
9172,paraphrased,1,0.4,0.8789358293521133
9173,mixed_text,1,0.4,1.8108063533510264
9174,human_baseline,0,0.4,1.0126840013821716
9175,original_ai,1,0.4,2.0406748321874275
9176,translated,1,0.4,1.6008957289849015
9177,substituted,1,0.4,1.3044932462918248
9178,paraphrased,1,0.4,0.9246301670551584
9179,mixed_text,1,0.4,1.101554753371918
9180,human_baseline,0,0.4,1.067069771966284
9181,original_ai,1,0.4,2.043448022550581
9182,translated,1,0.4,1.6400038055525192
9183,substituted,1,0.4,0.954925045716748
9184,paraphrased,1,0.4,1.2309473273559302
9185,mixed_text,1,0.4,1.202537396322387
9186,human_baseline,0,0.4,0.7715341142838895
9187,original_ai,1,0.4,2.1859726407158613
9188,translated,1,0.4,2.025062357457589
9189,substituted,1,0.4,1.1034279673983125
9190,paraphrased,1,0.4,1.1059346558121084
9191,mixed_text,1,0.4,1.1661402211714638
9192,human_baseline,0,0.4,0.6656000979580519
9193,original_ai,1,0.4,2.3415892018253945
9194,translated,1,0.4,1.4246981230519369
9195,substituted,1,0.4,1.5373454018048454
9196,paraphrased,1,0.4,1.374208030054459
9197,mixed_text,1,0.4,1.0629156342988444
9198,human_baseline,0,0.4,1.4424890347819077
9199,original_ai,1,0.4,2.3899642764267908
9200,translated,1,0.4,1.1673463170751257
9201,substituted,1,0.4,1.231047211398108
9202,paraphrased,1,0.4,0.8210630830563413
9203,mixed_text,1,0.4,1.3958759282435966
9204,human_baseline,0,0.4,0.9103716781315396
9205,original_ai,1,0.4,2.100719298105695
9206,translated,1,0.4,1.1138145754730953
9207,substituted,1,0.4,1.0480099070539224
9208,paraphrased,1,0.4,1.3189481784114598
9209,mixed_text,1,0.4,1.6309254521295748
9210,human_baseline,0,0.4,0.8769083184702197
9211,original_ai,1,0.4,4.578744665810345
9212,translated,1,0.4,1.9978229530097495
9213,substituted,1,0.4,0.9904986199254728
9214,paraphrased,1,0.4,2.310885538691318
9215,mixed_text,1,0.4,1.5045749777481312
9216,human_baseline,0,0.4,1.0040121336566037
9217,original_ai,1,0.4,1.7055103519444776
9218,translated,1,0.4,1.3790230454499968
9219,substituted,1,0.4,1.3200575191904893
9220,paraphrased,1,0.4,1.3291264862223535
9221,mixed_text,1,0.4,1.3281614459407038
9222,human_baseline,0,0.4,1.236835750244353
9223,original_ai,1,0.4,1.110411188724176
9224,translated,1,0.4,1.0600333903536978
9225,substituted,1,0.4,1.191735503291213
9226,paraphrased,1,0.4,0.8152716189126716
9227,mixed_text,1,0.4,1.2220606616843344
9228,human_baseline,0,0.4,0.7242678955977978
9229,original_ai,1,0.4,1.0884267934709344
9230,translated,1,0.4,0.9380466374161268
9231,substituted,1,0.4,1.4008782177825585
9232,paraphrased,1,0.4,0.8095478357397876
9233,mixed_text,1,0.4,0.7402872340747343
9234,human_baseline,0,0.4,2.0403572099741765
9235,original_ai,1,0.4,1.337755432836173
9236,translated,1,0.4,1.0513434066406735
9237,substituted,1,0.4,1.6389098642310729
9238,paraphrased,1,0.4,1.1739183501969406
9239,mixed_text,1,0.4,2.046631483698988
9240,human_baseline,0,0.4,1.1594101103042067
9241,original_ai,1,0.4,2.3313609090343745
9242,translated,1,0.4,1.3440507205189998
9243,substituted,1,0.4,1.103075039501763
9244,paraphrased,1,0.4,1.6240797300592984
9245,mixed_text,1,0.4,1.1426513228784816
9246,human_baseline,0,0.4,0.8322095149518584
9247,original_ai,1,0.4,3.122659054527708
9248,translated,1,0.4,3.179680499620902
9249,substituted,1,0.4,1.1377076758049485
9250,paraphrased,1,0.4,1.830827623103636
9251,mixed_text,1,0.4,1.0510450311243245
9252,human_baseline,0,0.4,0.765968102049844
9253,original_ai,1,0.4,1.257474740503076
9254,translated,1,0.4,1.2297845197393376
9255,substituted,1,0.4,0.9248330486082172
9256,paraphrased,1,0.4,1.1005453578645414
9257,mixed_text,1,0.4,0.9723363997311562
9258,human_baseline,0,0.4,0.7833817199488304
9259,original_ai,1,0.4,2.1645971949661966
9260,translated,1,0.4,1.409015728042292
9261,substituted,1,0.4,1.440849926659759
9262,paraphrased,1,0.4,1.3783793772600068
9263,mixed_text,1,0.4,0.8931116067145207
9264,human_baseline,0,0.4,1.3316942284383462
9265,original_ai,1,0.4,1.7212579898545668
9266,translated,1,0.4,1.6893047938602357
9267,substituted,1,0.4,1.2605425050271248
9268,paraphrased,1,0.4,2.2345918497790627
9269,mixed_text,1,0.4,1.6969630860152682
9270,human_baseline,0,0.4,1.0589409411659376
9271,original_ai,1,0.4,2.2923205594700464
9272,translated,1,0.4,1.7356851179770048
9273,substituted,1,0.4,1.4100475720627754
9274,paraphrased,1,0.4,1.18277537242189
9275,mixed_text,1,0.4,1.502806422257706
9276,human_baseline,0,0.4,1.019755546563738
9277,original_ai,1,0.4,1.4069091198982535
9278,translated,1,0.4,1.5365633358364454
9279,substituted,1,0.4,1.3406059844081897
9280,paraphrased,1,0.4,1.2137588797161367
9281,mixed_text,1,0.4,1.2678158813616178
9282,human_baseline,0,0.4,0.7093144104049721
9283,original_ai,1,0.4,1.112036591804593
9284,translated,1,0.4,1.118657249675372
9285,substituted,1,0.4,0.8937240067285096
9286,paraphrased,1,0.4,0.9402459068258604
9287,mixed_text,1,0.4,0.8811516714842079
9288,human_baseline,0,0.4,0.8817880677135516
9289,original_ai,1,0.4,2.521745935941901
9290,translated,1,0.4,1.7761708949289132
9291,substituted,1,0.4,1.380871841144537
9292,paraphrased,1,0.4,1.0590329175628854
9293,mixed_text,1,0.4,1.0323550743440215
9294,human_baseline,0,0.4,1.1143804757942728
9295,original_ai,1,0.4,1.5765941066169855
9296,translated,1,0.4,1.174276231942193
9297,substituted,1,0.4,0.9327551550767018
9298,paraphrased,1,0.4,0.9004561331442322
9299,mixed_text,1,0.4,1.3336926886435732
9300,human_baseline,0,0.4,1.0988104742632323
9301,original_ai,1,0.4,1.808946243547917
9302,translated,1,0.4,1.4852370151063732
9303,substituted,1,0.4,1.4571610708452083
9304,paraphrased,1,0.4,1.1322707808900132
9305,mixed_text,1,0.4,1.17344265997774
9306,human_baseline,0,0.4,0.7494876004401323
9307,original_ai,1,0.4,1.5499642935977893
9308,translated,1,0.4,1.3984263676319435
9309,substituted,1,0.4,1.3179345549555064
9310,paraphrased,1,0.4,1.1144557796786625
9311,mixed_text,1,0.4,0.9176934651778952
9312,human_baseline,0,0.4,1.5513264808657985
9313,original_ai,1,0.4,1.85140050578753
9314,translated,1,0.4,1.5150419253897651
9315,substituted,1,0.4,0.9898370186106756
9316,paraphrased,1,0.4,0.60297249482619
9317,mixed_text,1,0.4,1.660148823103773
9318,human_baseline,0,0.4,0.7008875346905604
9319,original_ai,1,0.4,2.432600853649648
9320,translated,1,0.4,1.3724723508123005
9321,substituted,1,0.4,1.1045879102666618
9322,paraphrased,1,0.4,1.0218553021780334
9323,mixed_text,1,0.4,1.1896447644364077
9324,human_baseline,0,0.4,1.0543603959998191
9325,original_ai,1,0.4,2.036695065225349
9326,translated,1,0.4,1.8240534251737148
9327,substituted,1,0.4,1.1844912141083723
9328,paraphrased,1,0.4,0.975548653488168
9329,mixed_text,1,0.4,1.8696375255042723
9330,human_baseline,0,0.4,1.0914195603665393
9331,original_ai,1,0.4,1.998925598792704
9332,translated,1,0.4,1.9912243588184888
9333,substituted,1,0.4,1.3073577827480458
9334,paraphrased,1,0.4,1.2017751440825466
9335,mixed_text,1,0.4,1.4450837425284675
9336,human_baseline,0,0.4,0.8984717255582307
9337,original_ai,1,0.4,1.8885826317322816
9338,translated,1,0.4,1.5063316109404556
9339,substituted,1,0.4,1.2061944729993168
9340,paraphrased,1,0.4,0.9903104168620332
9341,mixed_text,1,0.4,1.568055197374356
9342,human_baseline,0,0.4,1.2082003149235427
9343,original_ai,1,0.4,1.3027250796561107
9344,translated,1,0.4,1.2768510284116994
9345,substituted,1,0.4,0.898601773586066
9346,paraphrased,1,0.4,1.1130807039197417
9347,mixed_text,1,0.4,1.0517901900258813
9348,human_baseline,0,0.4,1.021258748410062
9349,original_ai,1,0.4,1.9604535085792807
9350,translated,1,0.4,2.0208004468161285
9351,substituted,1,0.4,1.0582254112423757
9352,paraphrased,1,0.4,1.2975856344683887
9353,mixed_text,1,0.4,1.1003643687449651
9354,human_baseline,0,0.4,1.3250990659642905
9355,original_ai,1,0.4,1.8384369145853885
9356,translated,1,0.4,1.6741855203053146
9357,substituted,1,0.4,1.553490699464814
9358,paraphrased,1,0.4,0.958268941314354
9359,mixed_text,1,0.4,1.4936144353759229
9360,human_baseline,0,0.4,0.798575154005456
9361,original_ai,1,0.4,2.1477418616132384
9362,translated,1,0.4,1.727201445439832
9363,substituted,1,0.4,0.980513655922102
9364,paraphrased,1,0.4,1.0854551065612716
9365,mixed_text,1,0.4,1.1446115197636764
9366,human_baseline,0,0.4,1.115481911417728
9367,original_ai,1,0.4,1.8814376080376385
9368,translated,1,0.4,2.1027548561446485
9369,substituted,1,0.4,0.9374661910491576
9370,paraphrased,1,0.4,1.380963995563544
9371,mixed_text,1,0.4,2.339078308262677
9372,human_baseline,0,0.4,1.3510231668077777
9373,original_ai,1,0.4,1.296229168310877
9374,translated,1,0.4,1.4624013606718664
9375,substituted,1,0.4,1.5511017354246832
9376,paraphrased,1,0.4,0.9783507165389508
9377,mixed_text,1,0.4,1.2292811880605663
9378,human_baseline,0,0.4,0.9352036441179378
9379,original_ai,1,0.4,2.3404052370363777
9380,translated,1,0.4,1.35254427692255
9381,substituted,1,0.4,1.0631309267326534
9382,paraphrased,1,0.4,1.493322765850007
9383,mixed_text,1,0.4,1.8686275359058693
9384,human_baseline,0,0.4,0.8779104331474479
9385,original_ai,1,0.4,2.402073608393968
9386,translated,1,0.4,1.648677679117237
9387,substituted,1,0.4,1.4367006948085863
9388,paraphrased,1,0.4,0.9809346255119944
9389,mixed_text,1,0.4,1.3900002163324678
9390,human_baseline,0,0.4,0.9166687741449568
9391,original_ai,1,0.4,2.316171008860942
9392,translated,1,0.4,2.038047981324497
9393,substituted,1,0.4,1.0503913336931712
9394,paraphrased,1,0.4,1.0018466537985828
9395,mixed_text,1,0.4,1.5935236944166695
9396,human_baseline,0,0.4,0.8465904942624674
9397,original_ai,1,0.4,1.4866700064847136
9398,translated,1,0.4,1.2934494776500844
9399,substituted,1,0.4,1.0100381746603238
9400,paraphrased,1,0.4,1.3076705346852409
9401,mixed_text,1,0.4,1.7143581564255208
9402,human_baseline,0,0.4,1.152633183107566
9403,original_ai,1,0.4,1.2405300379530382
9404,translated,1,0.4,0.9809747323809004
9405,substituted,1,0.4,1.0424673149682222
9406,paraphrased,1,0.4,0.9460042017360982
9407,mixed_text,1,0.4,1.0551758745651718
9408,human_baseline,0,0.4,0.91535643310507
9409,original_ai,1,0.4,1.3615345262434626
9410,translated,1,0.4,1.2271921172137288
9411,substituted,1,0.4,1.5812443287077145
9412,paraphrased,1,0.4,0.870780951440504
9413,mixed_text,1,0.4,1.2047551937570773
9414,human_baseline,0,0.4,0.7925306071146804
9415,original_ai,1,0.4,3.239326446920557
9416,translated,1,0.4,2.594916666995779
9417,substituted,1,0.4,2.2865040831068506
9418,paraphrased,1,0.4,1.4433969261925164
9419,mixed_text,1,0.4,0.8606641102678538
9420,human_baseline,0,0.4,0.9038607250630296
9421,original_ai,1,0.4,2.539985188901816
9422,translated,1,0.4,2.2176346355740715
9423,substituted,1,0.4,0.992783424536197
9424,paraphrased,1,0.4,1.8020402923688503
9425,mixed_text,1,0.4,1.292551923996499
9426,human_baseline,0,0.4,0.9230544106823064
9427,original_ai,1,0.4,2.140136411341401
9428,translated,1,0.4,1.536071800904617
9429,substituted,1,0.4,1.090232884160571
9430,paraphrased,1,0.4,1.2024023820734655
9431,mixed_text,1,0.4,1.120316596328582
9432,human_baseline,0,0.4,0.8052388133176042
9433,original_ai,1,0.4,1.2736885310200037
9434,translated,1,0.4,1.1050316327551089
9435,substituted,1,0.4,1.2346183175988172
9436,paraphrased,1,0.4,0.7060886927480189
9437,mixed_text,1,0.4,1.8012838732942853
9438,human_baseline,0,0.4,0.924927350794612
9439,original_ai,1,0.4,1.9436671367907083
9440,translated,1,0.4,1.7195623089508432
9441,substituted,1,0.4,1.0710468042954204
9442,paraphrased,1,0.4,1.257501007583547
9443,mixed_text,1,0.4,1.452725586215992
9444,human_baseline,0,0.4,0.7856990369994699
9445,original_ai,1,0.4,1.4627014813925827
9446,translated,1,0.4,1.2687606091792365
9447,substituted,1,0.4,1.1313409588163958
9448,paraphrased,1,0.4,2.274829515726541
9449,mixed_text,1,0.4,1.4717700315585451
9450,human_baseline,0,0.4,1.6504449059234287
9451,original_ai,1,0.4,2.4180646576613105
9452,translated,1,0.4,1.739604270294396
9453,substituted,1,0.4,2.4901216473803207
9454,paraphrased,1,0.4,1.804962295303064
9455,mixed_text,1,0.4,1.4866176229444887
9456,human_baseline,0,0.4,0.8299491718648182
9457,original_ai,1,0.4,1.593468292935606
9458,translated,1,0.4,1.3542531728443077
9459,substituted,1,0.4,1.4840054593647112
9460,paraphrased,1,0.4,0.8597518000359147
9461,mixed_text,1,0.4,1.0031424096559778
9462,human_baseline,0,0.4,1.1820885969019304
9463,original_ai,1,0.4,1.809937576994657
9464,translated,1,0.4,1.7697907223739062
9465,substituted,1,0.4,1.6718217454648987
9466,paraphrased,1,0.4,1.2623359264316854
9467,mixed_text,1,0.4,1.778194800952645
9468,human_baseline,0,0.4,1.4088755041651173
9469,original_ai,1,0.4,1.562379507090799
9470,translated,1,0.4,1.524470526041834
9471,substituted,1,0.4,1.258154328333527
9472,paraphrased,1,0.4,0.8158390024703848
9473,mixed_text,1,0.4,2.7705150442481346
9474,human_baseline,0,0.4,1.3022496608487255
9475,original_ai,1,0.4,1.7229762072503374
9476,translated,1,0.4,1.7010389266462809
9477,substituted,1,0.4,1.2792300275736954
9478,paraphrased,1,0.4,1.5457245894740137
9479,mixed_text,1,0.4,1.2127440562020968
9480,human_baseline,0,0.4,0.989133851301246
9481,original_ai,1,0.4,2.317393268236934
9482,translated,1,0.4,1.240510344485646
9483,substituted,1,0.4,1.2140044823957925
9484,paraphrased,1,0.4,0.977733886059864
9485,mixed_text,1,0.4,1.1479286543923073
9486,human_baseline,0,0.4,0.959843805866943
9487,original_ai,1,0.4,2.3224255548082144
9488,translated,1,0.4,2.079460604576643
9489,substituted,1,0.4,1.3256317037708487
9490,paraphrased,1,0.4,0.8483364501021576
9491,mixed_text,1,0.4,0.9846955145408246
9492,human_baseline,0,0.4,1.5084267937680162
9493,original_ai,1,0.4,1.0871479864240503
9494,translated,1,0.4,1.192240142815084
9495,substituted,1,0.4,1.40774071500056
9496,paraphrased,1,0.4,0.6051928889667237
9497,mixed_text,1,0.4,1.16939789277799
9498,human_baseline,0,0.4,1.0099764612836484
9499,original_ai,1,0.4,1.7192802886965703
9500,translated,1,0.4,1.197616431058983
9501,substituted,1,0.4,0.9942026424021752
9502,paraphrased,1,0.4,1.201869606328577
9503,mixed_text,1,0.4,1.0574311607895526
9504,human_baseline,0,0.4,0.7397859887800844
9505,original_ai,1,0.4,3.053602844045481
9506,translated,1,0.4,2.812685943720432
9507,substituted,1,0.4,0.9893642839875256
9508,paraphrased,1,0.4,0.859385895270744
9509,mixed_text,1,0.4,1.4162394085492167
9510,human_baseline,0,0.4,1.2511738455175554
9511,original_ai,1,0.4,1.8997776014619336
9512,translated,1,0.4,1.273455286580183
9513,substituted,1,0.4,1.002700256567028
9514,paraphrased,1,0.4,1.0632482224703248
9515,mixed_text,1,0.4,1.615608742393625
9516,human_baseline,0,0.4,0.8476299302964118
9517,original_ai,1,0.4,1.0941228617511902
9518,translated,1,0.4,1.0629886548076146
9519,substituted,1,0.4,1.0778323375103525
9520,paraphrased,1,0.4,1.7615223263988362
9521,mixed_text,1,0.4,1.198323295989843
9522,human_baseline,0,0.4,0.6977865800120584
9523,original_ai,1,0.4,1.283140449040279
9524,translated,1,0.4,1.4146540809000432
9525,substituted,1,0.4,1.2998687942981622
9526,paraphrased,1,0.4,1.1500007460495427
9527,mixed_text,1,0.4,1.1182696852301912
9528,human_baseline,0,0.4,1.199388105958433
9529,original_ai,1,0.4,2.0231243807664776
9530,translated,1,0.4,1.7091603852680015
9531,substituted,1,0.4,1.7627111371949244
9532,paraphrased,1,0.4,0.9959613193541428
9533,mixed_text,1,0.4,1.3590968566869883
9534,human_baseline,0,0.4,1.1418750447692694
9535,original_ai,1,0.4,1.6652904622572922
9536,translated,1,0.4,2.0731296272906667
9537,substituted,1,0.4,0.9801707415873164
9538,paraphrased,1,0.4,1.7752577164699517
9539,mixed_text,1,0.4,1.9544579056618296
9540,human_baseline,0,0.4,1.4848355950414531
9541,original_ai,1,0.4,2.4583210097486305
9542,translated,1,0.4,2.317523924945022
9543,substituted,1,0.4,1.418924131872542
9544,paraphrased,1,0.4,2.0162534778087604
9545,mixed_text,1,0.4,1.0842649722668425
9546,human_baseline,0,0.4,0.9092292211182864
9547,original_ai,1,0.4,1.7997221576671365
9548,translated,1,0.4,1.560476104886934
9549,substituted,1,0.4,1.5538190438982278
9550,paraphrased,1,0.4,1.0130540042743137
9551,mixed_text,1,0.4,1.5098266914953673
9552,human_baseline,0,0.4,0.9239931655844756
9553,original_ai,1,0.4,1.6533762891289527
9554,translated,1,0.4,1.5631705755291652
9555,substituted,1,0.4,1.6245260695658024
9556,paraphrased,1,0.4,0.5721697088575447
9557,mixed_text,1,0.4,1.513240570885085
9558,human_baseline,0,0.4,1.100798079470097
9559,original_ai,1,0.4,2.3895567161695217
9560,translated,1,0.4,1.9164557246659224
9561,substituted,1,0.4,1.147405887864887
9562,paraphrased,1,0.4,1.3128468629718448
9563,mixed_text,1,0.4,1.5941688672809955
9564,human_baseline,0,0.4,1.005236745438267
9565,original_ai,1,0.4,2.6875200738027063
9566,translated,1,0.4,1.2450393270180211
9567,substituted,1,0.4,1.185947271648344
9568,paraphrased,1,0.4,1.417216661602429
9569,mixed_text,1,0.4,1.214006206695062
9570,human_baseline,0,0.4,0.926877533348391
9571,original_ai,1,0.4,1.5838437835252708
9572,translated,1,0.4,1.4002321070617227
9573,substituted,1,0.4,1.3222001866499205
9574,paraphrased,1,0.4,1.1606033921098355
9575,mixed_text,1,0.4,1.388771315348521
9576,human_baseline,0,0.4,0.602523312556134
9577,original_ai,1,0.4,1.607322210007577
9578,translated,1,0.4,1.229891541809487
9579,substituted,1,0.4,1.0072466570135767
9580,paraphrased,1,0.4,0.6253533334283671
9581,mixed_text,1,0.4,1.144308527307096
9582,human_baseline,0,0.4,0.69345276764008
9583,original_ai,1,0.4,2.150013938756563
9584,translated,1,0.4,1.7990313154272108
9585,substituted,1,0.4,1.2379447142330096
9586,paraphrased,1,0.4,1.2011366608452865
9587,mixed_text,1,0.4,0.8974351106085471
9588,human_baseline,0,0.4,0.952466229433922
9589,original_ai,1,0.4,2.00311876665317
9590,translated,1,0.4,1.453442299942324
9591,substituted,1,0.4,1.2379468235709603
9592,paraphrased,1,0.4,1.345185347060103
9593,mixed_text,1,0.4,0.9019572868020872
9594,human_baseline,0,0.4,0.9805564552215534
9595,original_ai,1,0.4,2.191468540280728
9596,translated,1,0.4,1.645910843617144
9597,substituted,1,0.4,1.1821570358909377
9598,paraphrased,1,0.4,0.7938520551174637
9599,mixed_text,1,0.4,1.2163319490727045
9600,human_baseline,0,0.4,0.6674094266910446
9601,original_ai,1,0.4,2.568120742009595
9602,translated,1,0.4,1.9006945959706585
9603,substituted,1,0.4,1.5134422112170136
9604,paraphrased,1,0.4,1.1115507652795396
9605,mixed_text,1,0.4,1.0756060176882227
9606,human_baseline,0,0.4,0.802805784460678
9607,original_ai,1,0.4,2.447675716277718
9608,translated,1,0.4,2.0443714518696443
9609,substituted,1,0.4,1.394639818564292
9610,paraphrased,1,0.4,0.6823550562359664
9611,mixed_text,1,0.4,1.0452241735597303
9612,human_baseline,0,0.4,1.4146296686068265
9613,original_ai,1,0.4,1.5214637100669328
9614,translated,1,0.4,1.2765743901713678
9615,substituted,1,0.4,1.0272203309605543
9616,paraphrased,1,0.4,0.7827165378074913
9617,mixed_text,1,0.4,1.2622478566465978
9618,human_baseline,0,0.4,1.4505072007608943
9619,original_ai,1,0.4,1.8638231527415052
9620,translated,1,0.4,1.781053334973726
9621,substituted,1,0.4,1.0171224210800918
9622,paraphrased,1,0.4,1.1706207623447116
9623,mixed_text,1,0.4,1.3089898351179248
9624,human_baseline,0,0.4,0.8159269826799734
9625,original_ai,1,0.4,2.298712108477241
9626,translated,1,0.4,1.9473969816987895
9627,substituted,1,0.4,1.3737320533317567
9628,paraphrased,1,0.4,1.2975380337939988
9629,mixed_text,1,0.4,0.8477872637413002
9630,human_baseline,0,0.4,1.0174699323699508
9631,original_ai,1,0.4,1.415723112271604
9632,translated,1,0.4,1.548023994779714
9633,substituted,1,0.4,1.140495477729495
9634,paraphrased,1,0.4,1.3936910240648337
9635,mixed_text,1,0.4,1.0171960075487887
9636,human_baseline,0,0.4,0.974753016302654
9637,original_ai,1,0.4,1.472980732036627
9638,translated,1,0.4,1.419663055168927
9639,substituted,1,0.4,1.182477675647243
9640,paraphrased,1,0.4,1.2553520142788588
9641,mixed_text,1,0.4,1.0660429337500452
9642,human_baseline,0,0.4,0.9176683794038588
9643,original_ai,1,0.4,1.814912598699779
9644,translated,1,0.4,1.6095427850732391
9645,substituted,1,0.4,0.8851077586036505
9646,paraphrased,1,0.4,0.8853179842173899
9647,mixed_text,1,0.4,1.0766446915613357
9648,human_baseline,0,0.4,1.333013263138126
9649,original_ai,1,0.4,1.5154060714729989
9650,translated,1,0.4,1.107903250418027
9651,substituted,1,0.4,1.0236877115204297
9652,paraphrased,1,0.4,1.4237439823530769
9653,mixed_text,1,0.4,1.4903830880636932
9654,human_baseline,0,0.4,0.8776672328939416
9655,original_ai,1,0.4,1.2341192558674607
9656,translated,1,0.4,0.9433492814754604
9657,substituted,1,0.4,1.6124477604616645
9658,paraphrased,1,0.4,1.531217897349443
9659,mixed_text,1,0.4,0.9361195989074654
9660,human_baseline,0,0.4,1.0273744653372143
9661,original_ai,1,0.4,1.8860693817612963
9662,translated,1,0.4,1.5839996476766354
9663,substituted,1,0.4,1.0931235609844487
9664,paraphrased,1,0.4,1.7726216746068406
9665,mixed_text,1,0.4,1.1193430458760685
9666,human_baseline,0,0.4,1.070838224468217
9667,original_ai,1,0.4,1.5438103914166648
9668,translated,1,0.4,2.608247287619455
9669,substituted,1,0.4,2.383377654110818
9670,paraphrased,1,0.4,1.1799461968907845
9671,mixed_text,1,0.4,1.1408455680720315
9672,human_baseline,0,0.4,1.1604722086134718
9673,original_ai,1,0.4,1.8050470102987288
9674,translated,1,0.4,1.2839988516171403
9675,substituted,1,0.4,1.4082926354027414
9676,paraphrased,1,0.4,1.5878186732304462
9677,mixed_text,1,0.4,1.0623213106148446
9678,human_baseline,0,0.4,0.706956504497593
9679,original_ai,1,0.4,1.167370430404955
9680,translated,1,0.4,1.0930602564022924
9681,substituted,1,0.4,0.8453108546785317
9682,paraphrased,1,0.4,1.2167216001919332
9683,mixed_text,1,0.4,0.8080517795306343
9684,human_baseline,0,0.4,1.1229983706536355
9685,original_ai,1,0.4,2.086933649816249
9686,translated,1,0.4,1.3259737515697552
9687,substituted,1,0.4,1.3222370311180174
9688,paraphrased,1,0.4,1.635996101780506
9689,mixed_text,1,0.4,1.320978126329185
9690,human_baseline,0,0.4,0.8040322505626494
9691,original_ai,1,0.4,2.999125925406085
9692,translated,1,0.4,2.006398329146083
9693,substituted,1,0.4,1.4146824001587277
9694,paraphrased,1,0.4,0.9773658243733764
9695,mixed_text,1,0.4,1.3798501794537117
9696,human_baseline,0,0.4,1.1313591147497482
9697,original_ai,1,0.4,2.157291437157301
9698,translated,1,0.4,1.9668591318200912
9699,substituted,1,0.4,1.195991076979137
9700,paraphrased,1,0.4,1.6270869902382574
9701,mixed_text,1,0.4,1.239413194192789
9702,human_baseline,0,0.4,1.3534684747726815
9703,original_ai,1,0.4,1.025345048666503
9704,translated,1,0.4,1.5668080232894466
9705,substituted,1,0.4,0.703574537173048
9706,paraphrased,1,0.4,1.5060321743812453
9707,mixed_text,1,0.4,1.233517538094024
9708,human_baseline,0,0.4,1.1747279108754771
9709,original_ai,1,0.4,2.609913839288214
9710,translated,1,0.4,1.8937901618070625
9711,substituted,1,0.4,1.946983429860804
9712,paraphrased,1,0.4,1.521249007963443
9713,mixed_text,1,0.4,1.2545605252767666
9714,human_baseline,0,0.4,0.8219926225965843
9715,original_ai,1,0.4,1.8530332275923012
9716,translated,1,0.4,1.5039657820001526
9717,substituted,1,0.4,1.4607947191800807
9718,paraphrased,1,0.4,1.5032690191711482
9719,mixed_text,1,0.4,0.9638347074116856
9720,human_baseline,0,0.4,1.0349913611735737
9721,original_ai,1,0.4,1.4159220233611614
9722,translated,1,0.4,1.1206499623144546
9723,substituted,1,0.4,1.385345544178292
9724,paraphrased,1,0.4,1.0245019768793946
9725,mixed_text,1,0.4,1.6240056327329253
9726,human_baseline,0,0.4,0.870333296436713
9727,original_ai,1,0.4,1.88337453084714
9728,translated,1,0.4,1.4932598596587712
9729,substituted,1,0.4,2.0450367895919146
9730,paraphrased,1,0.4,1.06715503230716
9731,mixed_text,1,0.4,1.5099257183108898
9732,human_baseline,0,0.4,0.843348347805913
9733,original_ai,1,0.4,2.656998263211148
9734,translated,1,0.4,1.8032283482365776
9735,substituted,1,0.4,1.1624030103506615
9736,paraphrased,1,0.4,1.62614789606909
9737,mixed_text,1,0.4,1.2683802907403618
9738,human_baseline,0,0.4,0.788144822582785
9739,original_ai,1,0.4,1.7941644545418398
9740,translated,1,0.4,1.701522240212329
9741,substituted,1,0.4,1.1707330904311108
9742,paraphrased,1,0.4,1.0067302879608089
9743,mixed_text,1,0.4,1.3893096592440215
9744,human_baseline,0,0.4,0.9476094384336328
9745,original_ai,1,0.4,1.292917394050517
9746,translated,1,0.4,1.1763356091068595
9747,substituted,1,0.4,1.0739637194662888
9748,paraphrased,1,0.4,1.0040738161916345
9749,mixed_text,1,0.4,0.9753393777131562
9750,human_baseline,0,0.4,0.7972850994818576
9751,original_ai,1,0.4,1.951449626424035
9752,translated,1,0.4,1.491852766436704
9753,substituted,1,0.4,1.155402795914845
9754,paraphrased,1,0.4,1.3542648925412604
9755,mixed_text,1,0.4,1.1336459022580596
9756,human_baseline,0,0.4,1.0308346726936302
9757,original_ai,1,0.4,2.118546603611939
9758,translated,1,0.4,1.8955833137037272
9759,substituted,1,0.4,1.16659844858324
9760,paraphrased,1,0.4,1.2017913345566762
9761,mixed_text,1,0.4,1.403029708645084
9762,human_baseline,0,0.4,0.947602232381356
9763,original_ai,1,0.4,1.377269862919775
9764,translated,1,0.4,1.3541648146674217
9765,substituted,1,0.4,1.1753057442141337
9766,paraphrased,1,0.4,1.120548708068768
9767,mixed_text,1,0.4,0.9424501928067182
9768,human_baseline,0,0.4,0.9589994388422638
9769,original_ai,1,0.4,1.6650675950639475
9770,translated,1,0.4,1.2817020625279842
9771,substituted,1,0.4,1.3844010523331012
9772,paraphrased,1,0.4,1.0122195260207425
9773,mixed_text,1,0.4,1.5798009531701631
9774,human_baseline,0,0.4,0.8370826314675212
9775,original_ai,1,0.4,2.253869783238267
9776,translated,1,0.4,1.4340609009309693
9777,substituted,1,0.4,1.345802609940847
9778,paraphrased,1,0.4,1.3051146377084464
9779,mixed_text,1,0.4,0.9528753014131373
9780,human_baseline,0,0.4,0.7142749569799667
9781,original_ai,1,0.4,2.348554715570838
9782,translated,1,0.4,1.6052839007863495
9783,substituted,1,0.4,0.9306539616931712
9784,paraphrased,1,0.4,1.2400647064815045
9785,mixed_text,1,0.4,1.162816124052071
9786,human_baseline,0,0.4,0.8984932641473206
9787,original_ai,1,0.4,1.2607828790859306
9788,translated,1,0.4,1.0804805778176063
9789,substituted,1,0.4,1.3715161171412795
9790,paraphrased,1,0.4,0.949569089739701
9791,mixed_text,1,0.4,0.7281916872425727
9792,human_baseline,0,0.4,1.3422881024034603
9793,original_ai,1,0.4,2.6162996770722904
9794,translated,1,0.4,1.7519284291416677
9795,substituted,1,0.4,1.4843919157038044
9796,paraphrased,1,0.4,0.8652818718758137
9797,mixed_text,1,0.4,1.0159657911295992
9798,human_baseline,0,0.4,0.8280021902927615
9799,original_ai,1,0.4,1.7557242609797328
9800,translated,1,0.4,1.163209653307767
9801,substituted,1,0.4,1.3721339531910393
9802,paraphrased,1,0.4,0.9968613478374576
9803,mixed_text,1,0.4,1.0705876769332685
9804,human_baseline,0,0.4,1.164460425045439
9805,original_ai,1,0.4,1.5424368740416408
9806,translated,1,0.4,1.7952974279760925
9807,substituted,1,0.4,0.973875683585367
9808,paraphrased,1,0.4,0.8354515724523985
9809,mixed_text,1,0.4,1.894849900119839
9810,human_baseline,0,0.4,0.9462482606176787
9811,original_ai,1,0.4,2.062271313029004
9812,translated,1,0.4,1.221945542225285
9813,substituted,1,0.4,0.8527316023785113
9814,paraphrased,1,0.4,1.203187262981593
9815,mixed_text,1,0.4,1.0857766810381582
9816,human_baseline,0,0.4,1.5243948408890495
9817,original_ai,1,0.4,1.459329026226048
9818,translated,1,0.4,1.1942099738370142
9819,substituted,1,0.4,1.0650266525939127
9820,paraphrased,1,0.4,0.9467637122982236
9821,mixed_text,1,0.4,1.4185450750719453
9822,human_baseline,0,0.4,0.9704067145697448
9823,original_ai,1,0.4,2.8221871948901134
9824,translated,1,0.4,1.9958023051429823
9825,substituted,1,0.4,0.9863004819728054
9826,paraphrased,1,0.4,1.3023756495170395
9827,mixed_text,1,0.4,0.9314803259376634
9828,human_baseline,0,0.4,1.0561476691966878
9829,original_ai,1,0.4,1.6155118678192
9830,translated,1,0.4,1.2651900280703314
9831,substituted,1,0.4,1.8835360438690008
9832,paraphrased,1,0.4,0.7661904770754846
9833,mixed_text,1,0.4,1.189603745767324
9834,human_baseline,0,0.4,0.6907041239488784
9835,original_ai,1,0.4,1.116684953068363
9836,translated,1,0.4,1.0053467091855812
9837,substituted,1,0.4,1.4530284612509827
9838,paraphrased,1,0.4,1.0952121300457214
9839,mixed_text,1,0.4,1.2003961005598285
9840,human_baseline,0,0.4,1.0607103119220866
9841,original_ai,1,0.4,2.4480501124242267
9842,translated,1,0.4,1.8223326930460213
9843,substituted,1,0.4,1.307610546286021
9844,paraphrased,1,0.4,0.83461417570617
9845,mixed_text,1,0.4,1.5239049401306553
9846,human_baseline,0,0.4,1.0598198782959476
9847,original_ai,1,0.4,1.6856277097973489
9848,translated,1,0.4,1.884974251060596
9849,substituted,1,0.4,1.0434911911870148
9850,paraphrased,1,0.4,0.9384210410902109
9851,mixed_text,1,0.4,1.2283764960681898
9852,human_baseline,0,0.4,0.9254568331759864
9853,original_ai,1,0.4,1.6961820524448703
9854,translated,1,0.4,1.620400791348105
9855,substituted,1,0.4,1.4077641617765098
9856,paraphrased,1,0.4,1.2433952280185436
9857,mixed_text,1,0.4,0.9683702971017248
9858,human_baseline,0,0.4,1.2061062539371763
9859,original_ai,1,0.4,1.5733398940962895
9860,translated,1,0.4,2.168598657662768
9861,substituted,1,0.4,1.5832359665252924
9862,paraphrased,1,0.4,1.0997872089494432
9863,mixed_text,1,0.4,1.241874429653402
9864,human_baseline,0,0.4,1.1790204458513822
9865,original_ai,1,0.4,1.9637225046642457
9866,translated,1,0.4,1.0477640455256856
9867,substituted,1,0.4,1.086542982225136
9868,paraphrased,1,0.4,0.9141378616817656
9869,mixed_text,1,0.4,1.6496706540707635
9870,human_baseline,0,0.4,1.0238796225361972
9871,original_ai,1,0.4,2.085989083820047
9872,translated,1,0.4,1.9422446476570687
9873,substituted,1,0.4,1.1545839270065312
9874,paraphrased,1,0.4,1.5667096927875166
9875,mixed_text,1,0.4,1.1814627025758009
9876,human_baseline,0,0.4,0.8887636000571365
9877,original_ai,1,0.4,1.5473562787883997
9878,translated,1,0.4,1.538562176057774
9879,substituted,1,0.4,0.8408027180188171
9880,paraphrased,1,0.4,1.0818229058990956
9881,mixed_text,1,0.4,1.3039753708732873
9882,human_baseline,0,0.4,0.8151924200017724
9883,original_ai,1,0.4,3.0984232986336
9884,translated,1,0.4,1.7082569514717303
9885,substituted,1,0.4,1.1060116358630108
9886,paraphrased,1,0.4,1.0317966858137055
9887,mixed_text,1,0.4,1.3184415075707696
9888,human_baseline,0,0.4,1.137965248370569
9889,original_ai,1,0.4,1.5423345375367254
9890,translated,1,0.4,1.1630805697422035
9891,substituted,1,0.4,1.759340485328457
9892,paraphrased,1,0.4,1.0041352626176874
9893,mixed_text,1,0.4,1.4233849421113889
9894,human_baseline,0,0.4,0.727062118413726
9895,original_ai,1,0.4,2.043885198046975
9896,translated,1,0.4,1.702497728491269
9897,substituted,1,0.4,1.0908429156198018
9898,paraphrased,1,0.4,0.8674564256313145
9899,mixed_text,1,0.4,1.2135742032948922
9900,human_baseline,0,0.4,0.9310578254627722
9901,original_ai,1,0.4,2.2419844133556
9902,translated,1,0.4,1.81289150347429
9903,substituted,1,0.4,0.9575242543064107
9904,paraphrased,1,0.4,1.160931838387233
9905,mixed_text,1,0.4,1.193415505839844
9906,human_baseline,0,0.4,0.972704401977844
9907,original_ai,1,0.4,1.44768975435796
9908,translated,1,0.4,1.297711853702308
9909,substituted,1,0.4,1.2647645931298117
9910,paraphrased,1,0.4,1.3263362882345653
9911,mixed_text,1,0.4,1.0174668596792442
9912,human_baseline,0,0.4,0.9540079525534292
9913,original_ai,1,0.4,2.2864889125172594
9914,translated,1,0.4,2.2912151609620564
9915,substituted,1,0.4,1.6300569988709246
9916,paraphrased,1,0.4,1.1077395754174746
9917,mixed_text,1,0.4,1.2957542913993203
9918,human_baseline,0,0.4,0.7848894911067815
9919,original_ai,1,0.4,1.239046105431439
9920,translated,1,0.4,0.9315782750139592
9921,substituted,1,0.4,0.956503470513031
9922,paraphrased,1,0.4,0.835427468049658
9923,mixed_text,1,0.4,0.8288600610126525
9924,human_baseline,0,0.4,0.7416079217715567
9925,original_ai,1,0.4,1.431718791854265
9926,translated,1,0.4,1.5125853023575542
9927,substituted,1,0.4,1.4369329508449546
9928,paraphrased,1,0.4,1.1007257081193451
9929,mixed_text,1,0.4,1.4138617772922324
9930,human_baseline,0,0.4,0.8757066596896763
9931,original_ai,1,0.4,1.6250090811705968
9932,translated,1,0.4,1.5347911081278842
9933,substituted,1,0.4,0.8975693040675234
9934,paraphrased,1,0.4,1.0241195017017517
9935,mixed_text,1,0.4,1.076687190211877
9936,human_baseline,0,0.4,0.8931905155871319
9937,original_ai,1,0.4,2.2477640331103523
9938,translated,1,0.4,1.2964300903920465
9939,substituted,1,0.4,1.3457468381068145
9940,paraphrased,1,0.4,1.0123956563019476
9941,mixed_text,1,0.4,1.4883870036908802
9942,human_baseline,0,0.4,0.985925485078939
9943,original_ai,1,0.4,2.1602486608274747
9944,translated,1,0.4,1.8005097502015746
9945,substituted,1,0.4,0.9997722367070586
9946,paraphrased,1,0.4,0.8427859444658504
9947,mixed_text,1,0.4,1.3598019288580072
9948,human_baseline,0,0.4,0.7351222006605038
9949,original_ai,1,0.4,1.5276817445245234
9950,translated,1,0.4,1.6175902330730092
9951,substituted,1,0.4,1.502097409594428
9952,paraphrased,1,0.4,1.3987434846153872
9953,mixed_text,1,0.4,1.3818979296337586
9954,human_baseline,0,0.4,0.9209758618776062
9955,original_ai,1,0.4,3.5391311853081917
9956,translated,1,0.4,2.1750215619193574
9957,substituted,1,0.4,1.3540751587597446
9958,paraphrased,1,0.4,1.4425737051700922
9959,mixed_text,1,0.4,1.184517124716635
9960,human_baseline,0,0.4,0.9567852956880598
9961,original_ai,1,0.4,2.6731220733974226
9962,translated,1,0.4,3.3309310646967005
9963,substituted,1,0.4,1.7333380970531884
9964,paraphrased,1,0.4,1.0508850471116944
9965,mixed_text,1,0.4,1.2940334028521343
9966,human_baseline,0,0.4,1.2174157990949273
9967,original_ai,1,0.4,2.4445785675443656
9968,translated,1,0.4,1.5342764596656926
9969,substituted,1,0.4,0.902238643100013
9970,paraphrased,1,0.4,1.6706960984178467
9971,mixed_text,1,0.4,1.193706543134764
9972,human_baseline,0,0.4,0.9885534619129094
9973,original_ai,1,0.4,1.13154730646404
9974,translated,1,0.4,1.3049758958976307
9975,substituted,1,0.4,1.931257107215301
9976,paraphrased,1,0.4,1.118077081827853
9977,mixed_text,1,0.4,1.4068909971203571
9978,human_baseline,0,0.4,0.7907580783473225
9979,original_ai,1,0.4,1.3431645762751776
9980,translated,1,0.4,0.9812981487830844
9981,substituted,1,0.4,0.9268623428558096
9982,paraphrased,1,0.4,1.490705563775543
9983,mixed_text,1,0.4,1.1975759343310928
9984,human_baseline,0,0.4,1.0274032836497526
9985,original_ai,1,0.4,1.808466457724441
9986,translated,1,0.4,1.5887933003224668
9987,substituted,1,0.4,1.4476448946533125
9988,paraphrased,1,0.4,1.8521900903538049
9989,mixed_text,1,0.4,0.8649797380498991
9990,human_baseline,0,0.4,0.898272457010146
9991,original_ai,1,0.4,2.645026291130605
9992,translated,1,0.4,2.517394767759773
9993,substituted,1,0.4,2.2431166501778583
9994,paraphrased,1,0.4,1.7532164864514097
9995,mixed_text,1,0.4,1.492591659674101
9996,human_baseline,0,0.4,1.4209049685223991
9997,original_ai,1,0.4,1.640584697516155
9998,translated,1,0.4,0.9981910235165392
9999,substituted,1,0.4,0.9096742774058626
10000,paraphrased,1,0.4,0.9046153409823317
10001,mixed_text,1,0.4,1.7139204262280578
10002,human_baseline,0,0.4,0.7489499877668332
10003,original_ai,1,0.4,1.3842156783563966
10004,translated,1,0.4,2.2248925715553987
10005,substituted,1,0.4,1.0482759384746467
10006,paraphrased,1,0.4,1.0516223639976523
10007,mixed_text,1,0.4,1.3734854934816003
10008,human_baseline,0,0.4,0.7439932253120107
10009,original_ai,1,0.4,1.306785025366869
10010,translated,1,0.4,1.3342249682176452
10011,substituted,1,0.4,1.018177367134998
10012,paraphrased,1,0.4,0.8676284894614618
10013,mixed_text,1,0.4,0.9575985832891196
10014,human_baseline,0,0.4,1.0528256965839
10015,original_ai,1,0.4,2.184007174964177
10016,translated,1,0.4,2.439487132705481
10017,substituted,1,0.4,1.2903790793516945
10018,paraphrased,1,0.4,1.894159063749138
10019,mixed_text,1,0.4,1.2645527092023685
10020,human_baseline,0,0.4,0.8665313705431522
10021,original_ai,1,0.4,2.8676509243089825
10022,translated,1,0.4,1.3235778162956378
10023,substituted,1,0.4,1.3144686894542164
10024,paraphrased,1,0.4,1.338609005467899
10025,mixed_text,1,0.4,1.6946026667366
10026,human_baseline,0,0.4,0.9364162993079648
10027,original_ai,1,0.4,1.5791528751494417
10028,translated,1,0.4,1.6098808081251286
10029,substituted,1,0.4,1.4942083341606756
10030,paraphrased,1,0.4,1.334705994742602
10031,mixed_text,1,0.4,1.0050241418717998
10032,human_baseline,0,0.4,0.8350197657468987
10033,original_ai,1,0.4,2.211076381316859
10034,translated,1,0.4,1.8166934811371656
10035,substituted,1,0.4,1.5358512933059532
10036,paraphrased,1,0.4,1.5366550698550796
10037,mixed_text,1,0.4,0.85666635103197
10038,human_baseline,0,0.4,0.9211936925047042
10039,original_ai,1,0.4,1.9663544226840577
10040,translated,1,0.4,1.6667177537817397
10041,substituted,1,0.4,1.219781700562684
10042,paraphrased,1,0.4,0.9030964802356732
10043,mixed_text,1,0.4,1.300641144668412
10044,human_baseline,0,0.4,0.9730991635995512
10045,original_ai,1,0.4,2.3777392976145784
10046,translated,1,0.4,1.6168950897723964
10047,substituted,1,0.4,1.7688110873957248
10048,paraphrased,1,0.4,1.514412196974317
10049,mixed_text,1,0.4,1.1916340375060617
10050,human_baseline,0,0.4,1.2317336034853883
10051,original_ai,1,0.4,1.1761693847650485
10052,translated,1,0.4,0.9871668930160836
10053,substituted,1,0.4,1.1902062181133926
10054,paraphrased,1,0.4,0.7819158051317469
10055,mixed_text,1,0.4,1.141662623080452
10056,human_baseline,0,0.4,1.148543946238363
10057,original_ai,1,0.4,1.7281055813096926
10058,translated,1,0.4,1.116377119673392
10059,substituted,1,0.4,0.9784645733933522
10060,paraphrased,1,0.4,0.9091892917522716
10061,mixed_text,1,0.4,1.844807111633319
10062,human_baseline,0,0.4,0.8834495414049283
10063,original_ai,1,0.4,1.992333135206264
10064,translated,1,0.4,1.5354645807807896
10065,substituted,1,0.4,1.464572841832546
10066,paraphrased,1,0.4,1.6506073392042064
10067,mixed_text,1,0.4,1.51680495063089
10068,human_baseline,0,0.4,0.7368006266881523
10069,original_ai,1,0.4,1.5002101323469978
10070,translated,1,0.4,1.6110178315249422
10071,substituted,1,0.4,1.5758758972300002
10072,paraphrased,1,0.4,1.2482068802774946
10073,mixed_text,1,0.4,1.1363098886400644
10074,human_baseline,0,0.4,0.8939464441309203
10075,original_ai,1,0.4,1.9266107292926968
10076,translated,1,0.4,1.4687773213119228
10077,substituted,1,0.4,1.0871751988283338
10078,paraphrased,1,0.4,0.8614608984314577
10079,mixed_text,1,0.4,1.289228243318161
10080,human_baseline,0,0.4,0.949393559464523
10081,original_ai,1,0.4,1.0931313042624098
10082,translated,1,0.4,1.0287334688667629
10083,substituted,1,0.4,0.8497438296610845
10084,paraphrased,1,0.4,1.048125628984068
10085,mixed_text,1,0.4,0.9584008481682932
10086,human_baseline,0,0.4,1.1241799471658136
10087,original_ai,1,0.4,1.961927393943981
10088,translated,1,0.4,2.0537634418802657
10089,substituted,1,0.4,1.9154958083089224
10090,paraphrased,1,0.4,1.3167495018770683
10091,mixed_text,1,0.4,1.6198329052907436
10092,human_baseline,0,0.4,1.1374002123684035
10093,original_ai,1,0.4,1.873315988100244
10094,translated,1,0.4,1.4384696787093474
10095,substituted,1,0.4,1.3482778902097416
10096,paraphrased,1,0.4,0.4063040763850832
10097,mixed_text,1,0.4,1.3425095170509072
10098,human_baseline,0,0.4,0.9668997233980592
10099,original_ai,1,0.4,1.764743382323749
10100,translated,1,0.4,1.6030104854581038
10101,substituted,1,0.4,1.200681091347935
10102,paraphrased,1,0.4,1.39863708702373
10103,mixed_text,1,0.4,1.8820445047465293
10104,human_baseline,0,0.4,0.8534661543012985
10105,original_ai,1,0.4,1.7733157941617563
10106,translated,1,0.4,1.3790334126416657
10107,substituted,1,0.4,1.2504917990453062
10108,paraphrased,1,0.4,1.456488072508676
10109,mixed_text,1,0.4,0.8419992349179092
10110,human_baseline,0,0.4,0.7225128163022828
10111,original_ai,1,0.4,1.5005890640292197
10112,translated,1,0.4,1.2818477547057698
10113,substituted,1,0.4,1.0279935278288292
10114,paraphrased,1,0.4,1.0040675899734288
10115,mixed_text,1,0.4,1.4502984879148069
10116,human_baseline,0,0.4,1.0530288564709118
10117,original_ai,1,0.4,1.7952361705267743
10118,translated,1,0.4,1.4740117418845478
10119,substituted,1,0.4,0.905496241677418
10120,paraphrased,1,0.4,0.5879392196878039
10121,mixed_text,1,0.4,1.1053758279664203
10122,human_baseline,0,0.4,0.975805432246142
10123,original_ai,1,0.4,2.264071055764646
10124,translated,1,0.4,1.8216223100632651
10125,substituted,1,0.4,1.224603047912297
10126,paraphrased,1,0.4,2.105033964816065
10127,mixed_text,1,0.4,1.268129307161852
10128,human_baseline,0,0.4,1.0622113233183097
10129,original_ai,1,0.4,3.3901481303817094
10130,translated,1,0.4,2.1303856816430904
10131,substituted,1,0.4,0.9818949072365316
10132,paraphrased,1,0.4,1.049571996150304
10133,mixed_text,1,0.4,1.747198503065332
10134,human_baseline,0,0.4,0.9427431592148104
10135,original_ai,1,0.4,2.1327078329249094
10136,translated,1,0.4,1.6822332414160863
10137,substituted,1,0.4,1.1063217065906414
10138,paraphrased,1,0.4,1.1357667566188434
10139,mixed_text,1,0.4,1.7112535040627872
10140,human_baseline,0,0.4,0.7516191596658159
10141,original_ai,1,0.4,2.520738706545932
10142,translated,1,0.4,1.7788859654357942
10143,substituted,1,0.4,1.4002862530046982
10144,paraphrased,1,0.4,1.040249476766497
10145,mixed_text,1,0.4,1.1689957383707157
10146,human_baseline,0,0.4,0.7189868194568311
10147,original_ai,1,0.4,1.5642324215403136
10148,translated,1,0.4,1.2546705051030655
10149,substituted,1,0.4,1.2374726093564146
10150,paraphrased,1,0.4,1.204107820642107
10151,mixed_text,1,0.4,0.8980249723010555
10152,human_baseline,0,0.4,0.9747741124659296
10153,original_ai,1,0.4,1.558340383472953
10154,translated,1,0.4,0.7405038881696034
10155,substituted,1,0.4,1.420578757851553
10156,paraphrased,1,0.4,1.2307576242377904
10157,mixed_text,1,0.4,0.982478289255598
10158,human_baseline,0,0.4,1.1162303793334751
10159,original_ai,1,0.4,1.686755366314764
10160,translated,1,0.4,1.3784727557623515
10161,substituted,1,0.4,1.0228815915737703
10162,paraphrased,1,0.4,0.8742089394643061
10163,mixed_text,1,0.4,0.9616798507099026
10164,human_baseline,0,0.4,1.629295749037922
10165,original_ai,1,0.4,1.4602187932179311
10166,translated,1,0.4,1.25570594414488
10167,substituted,1,0.4,1.2111821207613371
10168,paraphrased,1,0.4,1.5457834197596227
10169,mixed_text,1,0.4,1.7789640595748937
10170,human_baseline,0,0.4,0.5792667081224971
10171,original_ai,1,0.4,2.2481432021671703
10172,translated,1,0.4,1.6693303739090746
10173,substituted,1,0.4,1.0473006299524792
10174,paraphrased,1,0.4,0.93902104155602
10175,mixed_text,1,0.4,1.0589873122536158
10176,human_baseline,0,0.4,0.9255886644979706
10177,original_ai,1,0.4,1.2729780775391215
10178,translated,1,0.4,0.9939581970421796
10179,substituted,1,0.4,1.0321242946208888
10180,paraphrased,1,0.4,0.7036001255295561
10181,mixed_text,1,0.4,2.284767618080583
10182,human_baseline,0,0.4,1.209803177306142
10183,original_ai,1,0.4,1.0947693105649536
10184,translated,1,0.4,1.0762072370263571
10185,substituted,1,0.4,1.0502185131990336
10186,paraphrased,1,0.4,1.015341052796266
10187,mixed_text,1,0.4,1.3346781890373005
10188,human_baseline,0,0.4,1.175333597529259
10189,original_ai,1,0.4,2.2991247001642403
10190,translated,1,0.4,2.040569878123476
10191,substituted,1,0.4,1.3837387477838976
10192,paraphrased,1,0.4,1.10623417325469
10193,mixed_text,1,0.4,1.2684656454033925
10194,human_baseline,0,0.4,0.8536245810975115
10195,original_ai,1,0.4,1.1023850274596827
10196,translated,1,0.4,1.253058152061579
10197,substituted,1,0.4,1.202932695359016
10198,paraphrased,1,0.4,1.0065783996846374
10199,mixed_text,1,0.4,1.44163402123048
10200,human_baseline,0,0.4,0.8474839558133319
10201,original_ai,1,0.4,1.3581019032426924
10202,translated,1,0.4,1.163074313961706
10203,substituted,1,0.4,1.366983926182505
10204,paraphrased,1,0.4,1.4220414185394006
10205,mixed_text,1,0.4,1.0116074481984412
10206,human_baseline,0,0.4,0.8599482402880007
10207,original_ai,1,0.4,2.2309695760045294
10208,translated,1,0.4,1.229370020518623
10209,substituted,1,0.4,1.224425783846085
10210,paraphrased,1,0.4,1.531471352912402
10211,mixed_text,1,0.4,1.0571544629439151
10212,human_baseline,0,0.4,0.9584986980584796
10213,original_ai,1,0.4,1.1588246771149384
10214,translated,1,0.4,1.0436214314952654
10215,substituted,1,0.4,1.255751539487257
10216,paraphrased,1,0.4,0.7562024384046949
10217,mixed_text,1,0.4,1.0561413223610834
10218,human_baseline,0,0.4,1.032832921789122
10219,original_ai,1,0.4,1.4885078370631226
10220,translated,1,0.4,1.5404809267876105
10221,substituted,1,0.4,1.4387983889320493
10222,paraphrased,1,0.4,1.3947429599931092
10223,mixed_text,1,0.4,1.4030417824727806
10224,human_baseline,0,0.4,1.1939042128742758
10225,original_ai,1,0.4,1.5978191921392968
10226,translated,1,0.4,1.9613268376965312
10227,substituted,1,0.4,1.0818862056094811
10228,paraphrased,1,0.4,0.950213613740736
10229,mixed_text,1,0.4,1.366174103918438
10230,human_baseline,0,0.4,0.9713128966364772
10231,original_ai,1,0.4,1.4276289526916226
10232,translated,1,0.4,1.141032301092666
10233,substituted,1,0.4,0.8838642757793298
10234,paraphrased,1,0.4,1.0341198530004658
10235,mixed_text,1,0.4,1.411517938715698
10236,human_baseline,0,0.4,0.9803334207478211
10237,original_ai,1,0.4,1.687903465060125
10238,translated,1,0.4,1.4995466412352605
10239,substituted,1,0.4,1.442638120801527
10240,paraphrased,1,0.4,1.1176122402207491
10241,mixed_text,1,0.4,0.989420983661181
10242,human_baseline,0,0.4,1.0031975539971931
10243,original_ai,1,0.4,2.3604466728808893
10244,translated,1,0.4,1.3907118503580458
10245,substituted,1,0.4,1.4915158632431529
10246,paraphrased,1,0.4,1.1173970808035285
10247,mixed_text,1,0.4,1.0541010045754202
10248,human_baseline,0,0.4,1.2315951652588857
10249,original_ai,1,0.4,0.9802537640008528
10250,translated,1,0.4,0.9644676280998172
10251,substituted,1,0.4,1.137140255413285
10252,paraphrased,1,0.4,1.5006268604110513
10253,mixed_text,1,0.4,1.1540525918519382
10254,human_baseline,0,0.4,0.9554270736365276
10255,original_ai,1,0.4,2.1860543635498133
10256,translated,1,0.4,1.8589752515074356
10257,substituted,1,0.4,1.5431572600644328
10258,paraphrased,1,0.4,1.0856603079494067
10259,mixed_text,1,0.4,1.074613944091913
10260,human_baseline,0,0.4,1.1057355181549853
10261,original_ai,1,0.4,1.436193342436811
10262,translated,1,0.4,0.9767351084339476
10263,substituted,1,0.4,1.491439447544866
10264,paraphrased,1,0.4,1.3133229659420975
10265,mixed_text,1,0.4,1.0030427507657644
10266,human_baseline,0,0.4,1.022461203632042
10267,original_ai,1,0.4,1.7066337382601082
10268,translated,1,0.4,1.733013479896922
10269,substituted,1,0.4,1.2277306964079857
10270,paraphrased,1,0.4,1.6304545048295171
10271,mixed_text,1,0.4,1.6608441831159282
10272,human_baseline,0,0.4,1.4553093560705403
10273,original_ai,1,0.4,1.7179851887800726
10274,translated,1,0.4,1.6457040087042685
10275,substituted,1,0.4,0.9330912559636044
10276,paraphrased,1,0.4,0.9578831801502636
10277,mixed_text,1,0.4,1.5407721646276618
10278,human_baseline,0,0.4,1.1132631895997984
10279,original_ai,1,0.4,3.030897091373481
10280,translated,1,0.4,1.8031855898767937
10281,substituted,1,0.4,1.4615148629366026
10282,paraphrased,1,0.4,1.0379795440979591
10283,mixed_text,1,0.4,1.709386020833756
10284,human_baseline,0,0.4,0.8026465322271245
10285,original_ai,1,0.4,2.080056797937292
10286,translated,1,0.4,1.972715320252044
10287,substituted,1,0.4,1.388988290768426
10288,paraphrased,1,0.4,0.9695514428904116
10289,mixed_text,1,0.4,1.9130057880281777
10290,human_baseline,0,0.4,0.7303876261333023
10291,original_ai,1,0.4,3.394974095137805
10292,translated,1,0.4,1.8595631466853784
10293,substituted,1,0.4,1.3578540434100193
10294,paraphrased,1,0.4,1.0245889441501974
10295,mixed_text,1,0.4,1.8277097535300315
10296,human_baseline,0,0.4,0.9568439048842994
10297,original_ai,1,0.4,2.9176834615292324
10298,translated,1,0.4,1.9633607515023697
10299,substituted,1,0.4,0.9921227775028818
10300,paraphrased,1,0.4,1.7493418340501892
10301,mixed_text,1,0.4,0.987065242246358
10302,human_baseline,0,0.4,0.9237917283322024
10303,original_ai,1,0.4,2.0669665427024437
10304,translated,1,0.4,1.4970705092551144
10305,substituted,1,0.4,1.5750042629613172
10306,paraphrased,1,0.4,0.9552588552798488
10307,mixed_text,1,0.4,1.0336051237176611
10308,human_baseline,0,0.4,0.7661344205977275
10309,original_ai,1,0.4,1.6336858292535834
10310,translated,1,0.4,1.4483510925195051
10311,substituted,1,0.4,1.0631612643029562
10312,paraphrased,1,0.4,0.7383599703178376
10313,mixed_text,1,0.4,1.0833985607953525
10314,human_baseline,0,0.4,1.0282778224852391
10315,original_ai,1,0.4,1.7138270826475803
10316,translated,1,0.4,1.3068656589774237
10317,substituted,1,0.4,1.0989392427865596
10318,paraphrased,1,0.4,1.1425610084391031
10319,mixed_text,1,0.4,1.1577501906154497
10320,human_baseline,0,0.4,0.8576442398868734
10321,original_ai,1,0.4,2.2181540918863485
10322,translated,1,0.4,1.7071093220438909
10323,substituted,1,0.4,0.9364867014181876
10324,paraphrased,1,0.4,1.2315166064636238
10325,mixed_text,1,0.4,1.3755560648672187
10326,human_baseline,0,0.4,0.9493617336287256
10327,original_ai,1,0.4,1.389179235520733
10328,translated,1,0.4,1.3398860546481874
10329,substituted,1,0.4,1.3109486325536757
10330,paraphrased,1,0.4,1.209977597196851
10331,mixed_text,1,0.4,1.0874904250437212
10332,human_baseline,0,0.4,0.9403841483037154
10333,original_ai,1,0.4,1.8157512063503545
10334,translated,1,0.4,1.3823522483366124
10335,substituted,1,0.4,1.7012295599058584
10336,paraphrased,1,0.4,1.5193240918318356
10337,mixed_text,1,0.4,1.118843420118838
10338,human_baseline,0,0.4,0.9866877831105688
10339,original_ai,1,0.4,1.393907566277483
10340,translated,1,0.4,1.2699223402940665
10341,substituted,1,0.4,1.172052598501994
10342,paraphrased,1,0.4,0.9612884768447744
10343,mixed_text,1,0.4,1.284414770822697
10344,human_baseline,0,0.4,0.8040064478485008
10345,original_ai,1,0.4,2.985117913771383
10346,translated,1,0.4,2.1861873621359598
10347,substituted,1,0.4,1.581350283031408
10348,paraphrased,1,0.4,0.9331139079601868
10349,mixed_text,1,0.4,1.5782117763279184
10350,human_baseline,0,0.4,1.460927374062817
10351,original_ai,1,0.4,1.3727442568564845
10352,translated,1,0.4,1.3827818249453872
10353,substituted,1,0.4,1.290764982543039
10354,paraphrased,1,0.4,0.9123508289190756
10355,mixed_text,1,0.4,1.35458859495468
10356,human_baseline,0,0.4,0.9409439494960996
10357,original_ai,1,0.4,3.2356568944983928
10358,translated,1,0.4,3.082416821809697
10359,substituted,1,0.4,1.6989816882410675
10360,paraphrased,1,0.4,0.9262502515863064
10361,mixed_text,1,0.4,1.4102275404654872
10362,human_baseline,0,0.4,0.9957274007561966
10363,original_ai,1,0.4,1.7074950986829764
10364,translated,1,0.4,1.3829403733789112
10365,substituted,1,0.4,1.3505012096177742
10366,paraphrased,1,0.4,1.1395633964621483
10367,mixed_text,1,0.4,1.438449131401526
10368,human_baseline,0,0.4,0.7634464332040851
10369,original_ai,1,0.4,1.736100610630527
10370,translated,1,0.4,1.4207262987386815
10371,substituted,1,0.4,1.0297222548376064
10372,paraphrased,1,0.4,1.1233721992304146
10373,mixed_text,1,0.4,1.1480514492463625
10374,human_baseline,0,0.4,1.116470534349573
10375,original_ai,1,0.4,1.3155773283587344
10376,translated,1,0.4,1.2076550601725295
10377,substituted,1,0.4,1.08537299524957
10378,paraphrased,1,0.4,1.104789448378994
10379,mixed_text,1,0.4,1.2665813648177695
10380,human_baseline,0,0.4,1.0279816545944933
10381,original_ai,1,0.4,3.786807717445344
10382,translated,1,0.4,2.071321536287499
10383,substituted,1,0.4,1.50613100348841
10384,paraphrased,1,0.4,1.1397006692591392
10385,mixed_text,1,0.4,2.194383043709305
10386,human_baseline,0,0.4,1.2612481994671514
10387,original_ai,1,0.4,3.3183182444122217
10388,translated,1,0.4,2.78196344737306
10389,substituted,1,0.4,1.8820138793391008
10390,paraphrased,1,0.4,2.028373472537813
10391,mixed_text,1,0.4,1.2121882375338486
10392,human_baseline,0,0.4,1.379632423865876
10393,original_ai,1,0.4,1.546098408493891
10394,translated,1,0.4,1.9576997053723628
10395,substituted,1,0.4,1.956700186797596
10396,paraphrased,1,0.4,1.2720292171901486
10397,mixed_text,1,0.4,1.2237719255731072
10398,human_baseline,0,0.4,0.8459790105939311
10399,original_ai,1,0.4,3.017806665821412
10400,translated,1,0.4,1.5958130560452624
10401,substituted,1,0.4,1.4482625266417672
10402,paraphrased,1,0.4,0.9992296553883198
10403,mixed_text,1,0.4,1.4218468820762016
10404,human_baseline,0,0.4,1.0959363587451754
10405,original_ai,1,0.4,2.163416672992394
10406,translated,1,0.4,1.9710600070769604
10407,substituted,1,0.4,1.4680307455316397
10408,paraphrased,1,0.4,1.0723382681681692
10409,mixed_text,1,0.4,1.1083105176897128
10410,human_baseline,0,0.4,0.975264026843618
10411,original_ai,1,0.4,1.6120699545682893
10412,translated,1,0.4,1.5058362140196542
10413,substituted,1,0.4,0.7791860865285385
10414,paraphrased,1,0.4,1.023083073613101
10415,mixed_text,1,0.4,1.6626973015271005
10416,human_baseline,0,0.4,1.056487417365381
10417,original_ai,1,0.4,1.629987611482454
10418,translated,1,0.4,1.3164281316840205
10419,substituted,1,0.4,1.5070046815572349
10420,paraphrased,1,0.4,1.318466825072441
10421,mixed_text,1,0.4,1.2951382434428464
10422,human_baseline,0,0.4,0.9217770802163572
10423,original_ai,1,0.4,1.2407896026288054
10424,translated,1,0.4,1.413667866669314
10425,substituted,1,0.4,1.5081205174285044
10426,paraphrased,1,0.4,1.248364658046124
10427,mixed_text,1,0.4,1.0830372744536412
10428,human_baseline,0,0.4,0.9181004785786728
10429,original_ai,1,0.4,1.402288315050264
10430,translated,1,0.4,1.2598874807089555
10431,substituted,1,0.4,1.0762570299124796
10432,paraphrased,1,0.4,0.8946128616761828
10433,mixed_text,1,0.4,1.3286868459029355
10434,human_baseline,0,0.4,1.0426448897307123
10435,original_ai,1,0.4,1.86027627944783
10436,translated,1,0.4,1.424702361231795
10437,substituted,1,0.4,0.9603127364621468
10438,paraphrased,1,0.4,1.6497147364523177
10439,mixed_text,1,0.4,1.4409686593435576
10440,human_baseline,0,0.4,0.9295985546788996
10441,original_ai,1,0.4,1.657099607963179
10442,translated,1,0.4,1.3621571907624372
10443,substituted,1,0.4,0.911744570317348
10444,paraphrased,1,0.4,1.2105744503999436
10445,mixed_text,1,0.4,1.685643444291626
10446,human_baseline,0,0.4,0.9837625144318886
10447,original_ai,1,0.4,2.7200915510009644
10448,translated,1,0.4,1.7938669106683311
10449,substituted,1,0.4,1.4805982306311984
10450,paraphrased,1,0.4,0.8514464973619202
10451,mixed_text,1,0.4,1.7278009957080516
10452,human_baseline,0,0.4,0.9209380376564466
10453,original_ai,1,0.4,1.6977405431355872
10454,translated,1,0.4,1.236195398440182
10455,substituted,1,0.4,1.0451508097829054
10456,paraphrased,1,0.4,1.0916169234843316
10457,mixed_text,1,0.4,1.0964748158618194
10458,human_baseline,0,0.4,0.8584810651696467
10459,original_ai,1,0.4,2.440234395933427
10460,translated,1,0.4,1.5403322323163218
10461,substituted,1,0.4,1.3423282610400629
10462,paraphrased,1,0.4,1.3044169423475849
10463,mixed_text,1,0.4,0.9646646366588498
10464,human_baseline,0,0.4,1.1028429969773956
10465,original_ai,1,0.4,1.4846733067268665
10466,translated,1,0.4,1.5846282113725585
10467,substituted,1,0.4,0.981064823458227
10468,paraphrased,1,0.4,0.866556378476545
10469,mixed_text,1,0.4,1.0384663605931743
10470,human_baseline,0,0.4,1.047224376936226
10471,original_ai,1,0.4,1.2054111335621736
10472,translated,1,0.4,1.2196922815371742
10473,substituted,1,0.4,1.1288500351239974
10474,paraphrased,1,0.4,0.8774642634374317
10475,mixed_text,1,0.4,1.355612214499171
10476,human_baseline,0,0.4,1.036121054792315
10477,original_ai,1,0.4,2.6356829363543497
10478,translated,1,0.4,1.9724407601752207
10479,substituted,1,0.4,1.1336334810844744
10480,paraphrased,1,0.4,0.7747183626108662
10481,mixed_text,1,0.4,1.4315571280917374
10482,human_baseline,0,0.4,1.068199441056629
10483,original_ai,1,0.4,1.745614151860853
10484,translated,1,0.4,1.738831479548143
10485,substituted,1,0.4,1.7301597281288097
10486,paraphrased,1,0.4,1.3180515947625209
10487,mixed_text,1,0.4,1.0340687305428014
10488,human_baseline,0,0.4,0.7469897457813504
10489,original_ai,1,0.4,1.704874125305927
10490,translated,1,0.4,1.291013273067192
10491,substituted,1,0.4,1.460955366205544
10492,paraphrased,1,0.4,0.9804935502696024
10493,mixed_text,1,0.4,1.3538845225073075
10494,human_baseline,0,0.4,0.8835342865928534
10495,original_ai,1,0.4,2.292282318499034
10496,translated,1,0.4,1.883206591063468
10497,substituted,1,0.4,1.184634695234318
10498,paraphrased,1,0.4,1.383335661622434
10499,mixed_text,1,0.4,1.479734706512321
10500,human_baseline,0,0.4,0.8957448552968552
10501,original_ai,1,0.4,2.3709740867754747
10502,translated,1,0.4,1.8969684363209969
10503,substituted,1,0.4,1.2959404833627683
10504,paraphrased,1,0.4,1.197345554604649
10505,mixed_text,1,0.4,1.357183884505208
10506,human_baseline,0,0.4,0.923072702014704
10507,original_ai,1,0.4,1.722853935169762
10508,translated,1,0.4,2.1977771402342405
10509,substituted,1,0.4,1.0574234458204277
10510,paraphrased,1,0.4,1.06692535077342
10511,mixed_text,1,0.4,1.95653570729712
10512,human_baseline,0,0.4,0.9852150195045148
10513,original_ai,1,0.4,2.557724604377129
10514,translated,1,0.4,1.593476247226909
10515,substituted,1,0.4,1.923096499789915
10516,paraphrased,1,0.4,1.0631120099979867
10517,mixed_text,1,0.4,1.4605236278900158
10518,human_baseline,0,0.4,0.9455245285406249
10519,original_ai,1,0.4,1.8993043880358649
10520,translated,1,0.4,1.742567755206396
10521,substituted,1,0.4,0.9467376187529464
10522,paraphrased,1,0.4,1.4393304258991442
10523,mixed_text,1,0.4,0.9597942084868282
10524,human_baseline,0,0.4,1.0919525003306174
10525,original_ai,1,0.4,1.8019167128340725
10526,translated,1,0.4,1.391356347919157
10527,substituted,1,0.4,1.1644059717388262
10528,paraphrased,1,0.4,1.482180635919148
10529,mixed_text,1,0.4,1.369495126201173
10530,human_baseline,0,0.4,0.972352291432569
10531,original_ai,1,0.4,3.35120746342062
10532,translated,1,0.4,2.440384641609662
10533,substituted,1,0.4,1.5328267394155104
10534,paraphrased,1,0.4,1.4172000303603434
10535,mixed_text,1,0.4,1.7424994041883213
10536,human_baseline,0,0.4,0.927350931301864
10537,original_ai,1,0.4,1.4392801320029789
10538,translated,1,0.4,1.151202611660908
10539,substituted,1,0.4,0.987844028777746
10540,paraphrased,1,0.4,0.7693388120953885
10541,mixed_text,1,0.4,1.0299728605477243
10542,human_baseline,0,0.4,1.2015054245539531
10543,original_ai,1,0.4,1.5717472911278505
10544,translated,1,0.4,1.9015863583133104
10545,substituted,1,0.4,1.0279054112087151
10546,paraphrased,1,0.4,1.314647155002466
10547,mixed_text,1,0.4,1.5235369616809027
10548,human_baseline,0,0.4,0.7829015784932307
10549,original_ai,1,0.4,1.545655512998005
10550,translated,1,0.4,1.5303545919305186
10551,substituted,1,0.4,1.933552204987241
10552,paraphrased,1,0.4,0.6125040456355163
10553,mixed_text,1,0.4,1.1644832005361327
10554,human_baseline,0,0.4,0.9304093463884596
10555,original_ai,1,0.4,1.2156985129849425
10556,translated,1,0.4,1.296547400972558
10557,substituted,1,0.4,1.2406358159779345
10558,paraphrased,1,0.4,1.178561661161152
10559,mixed_text,1,0.4,1.5318395836224832
10560,human_baseline,0,0.4,1.092442287458082
10561,original_ai,1,0.4,1.3053215676301368
10562,translated,1,0.4,1.1735257311886351
10563,substituted,1,0.4,0.969099659034454
10564,paraphrased,1,0.4,0.90211450317666
10565,mixed_text,1,0.4,1.143715572035987
10566,human_baseline,0,0.4,1.9274766543484767
10567,original_ai,1,0.4,1.759412480166186
10568,translated,1,0.4,1.5283659230183684
10569,substituted,1,0.4,1.878977927433015
10570,paraphrased,1,0.4,1.2153943858884464
10571,mixed_text,1,0.4,1.4871566498197648
10572,human_baseline,0,0.4,0.912606515657432
10573,original_ai,1,0.4,1.289389593694097
10574,translated,1,0.4,1.3533229352094007
10575,substituted,1,0.4,1.2389500473867328
10576,paraphrased,1,0.4,1.5108185830294651
10577,mixed_text,1,0.4,0.9491557921546532
10578,human_baseline,0,0.4,0.7695147185723092
10579,original_ai,1,0.4,1.8273913354037283
10580,translated,1,0.4,1.308189614556318
10581,substituted,1,0.4,1.1114006590326309
10582,paraphrased,1,0.4,0.5857447135354319
10583,mixed_text,1,0.4,1.239662996966735
10584,human_baseline,0,0.4,1.1366496003239537
10585,original_ai,1,0.4,1.15280355166917
10586,translated,1,0.4,1.3386291101441978
10587,substituted,1,0.4,0.9881086485146248
10588,paraphrased,1,0.4,0.9235176486512322
10589,mixed_text,1,0.4,0.9672858538868188
10590,human_baseline,0,0.4,0.9023497380219722
10591,original_ai,1,0.4,1.8991792475974592
10592,translated,1,0.4,1.3010597526501182
10593,substituted,1,0.4,1.1557559134992232
10594,paraphrased,1,0.4,1.121249847158046
10595,mixed_text,1,0.4,1.134537095974363
10596,human_baseline,0,0.4,0.7229243169610013
10597,original_ai,1,0.4,3.1563202036300573
10598,translated,1,0.4,2.0355124960133404
10599,substituted,1,0.4,1.330241795292631
10600,paraphrased,1,0.4,1.247490648174039
10601,mixed_text,1,0.4,1.1265993792512334
10602,human_baseline,0,0.4,1.0385787761749627
10603,original_ai,1,0.4,1.9294716269693328
10604,translated,1,0.4,1.3322899756404591
10605,substituted,1,0.4,1.2520784476746998
10606,paraphrased,1,0.4,1.160607883014071
10607,mixed_text,1,0.4,1.2031512922794312
10608,human_baseline,0,0.4,0.8992298140330214
10609,original_ai,1,0.4,2.81783901440957
10610,translated,1,0.4,2.322297641326562
10611,substituted,1,0.4,1.2015733742807049
10612,paraphrased,1,0.4,1.063139335272095
10613,mixed_text,1,0.4,1.9225016957270211
10614,human_baseline,0,0.4,1.264625212560669
10615,original_ai,1,0.4,3.261805706250072
10616,translated,1,0.4,3.2484884252994437
10617,substituted,1,0.4,1.668772149014268
10618,paraphrased,1,0.4,0.9266313747513892
10619,mixed_text,1,0.4,1.3682152502586191
10620,human_baseline,0,0.4,0.9734493733937428
10621,original_ai,1,0.4,1.1273913698279896
10622,translated,1,0.4,1.1365171130752096
10623,substituted,1,0.4,1.4025073786641764
10624,paraphrased,1,0.4,0.7079864543168018
10625,mixed_text,1,0.4,1.1977375335039615
10626,human_baseline,0,0.4,0.9468090994704852
10627,original_ai,1,0.4,1.6928792882651251
10628,translated,1,0.4,1.4622436854135203
10629,substituted,1,0.4,1.092932298970449
10630,paraphrased,1,0.4,1.0051937984190575
10631,mixed_text,1,0.4,1.2631360973047767
10632,human_baseline,0,0.4,0.962026666009964
10633,original_ai,1,0.4,3.4857781601640947
10634,translated,1,0.4,2.7640875653872765
10635,substituted,1,0.4,1.404966908594866
10636,paraphrased,1,0.4,1.2125245298416485
10637,mixed_text,1,0.4,2.342965650316485
10638,human_baseline,0,0.4,1.056337027319927
10639,original_ai,1,0.4,1.0973464722760649
10640,translated,1,0.4,0.9771799934524862
10641,substituted,1,0.4,0.7740510163829756
10642,paraphrased,1,0.4,1.0861375654359953
10643,mixed_text,1,0.4,1.4460741941191528
10644,human_baseline,0,0.4,1.3632504696338985
10645,original_ai,1,0.4,1.8878021494687507
10646,translated,1,0.4,1.6114147553097538
10647,substituted,1,0.4,1.1692410394862485
10648,paraphrased,1,0.4,1.181820329146969
10649,mixed_text,1,0.4,1.5324006329060742
10650,human_baseline,0,0.4,1.013779904202639
10651,original_ai,1,0.4,1.742836289304844
10652,translated,1,0.4,0.9060215689780742
10653,substituted,1,0.4,1.0384108477760914
10654,paraphrased,1,0.4,1.0362105749991115
10655,mixed_text,1,0.4,1.029396572436211
10656,human_baseline,0,0.4,0.6755548872374805
10657,original_ai,1,0.4,1.4244648175157986
10658,translated,1,0.4,1.673315995629395
10659,substituted,1,0.4,0.9330573201616036
10660,paraphrased,1,0.4,1.0370223120583628
10661,mixed_text,1,0.4,1.513405583476409
10662,human_baseline,0,0.4,0.8666350758646533
10663,original_ai,1,0.4,1.6275848689025447
10664,translated,1,0.4,1.445428444558779
10665,substituted,1,0.4,1.508773670373993
10666,paraphrased,1,0.4,1.2402081636746172
10667,mixed_text,1,0.4,1.31496902176023
10668,human_baseline,0,0.4,0.965929385039526
10669,original_ai,1,0.4,2.467116415720185
10670,translated,1,0.4,1.7894081900047163
10671,substituted,1,0.4,1.114097879122377
10672,paraphrased,1,0.4,2.210193296833097
10673,mixed_text,1,0.4,1.4172383631723948
10674,human_baseline,0,0.4,1.1128568779514387
10675,original_ai,1,0.4,1.4206804278347562
10676,translated,1,0.4,1.2814735759622429
10677,substituted,1,0.4,0.9175457622998896
10678,paraphrased,1,0.4,0.2906417013005326
10679,mixed_text,1,0.4,1.2787860248024274
10680,human_baseline,0,0.4,0.7757658753552352
10681,original_ai,1,0.4,2.0926993651936825
10682,translated,1,0.4,1.755400450696173
10683,substituted,1,0.4,1.5139049282381687
10684,paraphrased,1,0.4,0.9004210098583917
10685,mixed_text,1,0.4,1.2158927441118992
10686,human_baseline,0,0.4,0.9234792851241084
10687,original_ai,1,0.4,1.615431568722823
10688,translated,1,0.4,1.3516228953096885
10689,substituted,1,0.4,0.968359475708265
10690,paraphrased,1,0.4,1.0685035753424956
10691,mixed_text,1,0.4,1.1825544686304437
10692,human_baseline,0,0.4,0.9474112864827072
10693,original_ai,1,0.4,2.933516080640478
10694,translated,1,0.4,1.6090280585571837
10695,substituted,1,0.4,1.455478603332408
10696,paraphrased,1,0.4,1.2983013720484318
10697,mixed_text,1,0.4,1.0336891222154916
10698,human_baseline,0,0.4,0.9367564861498026
10699,original_ai,1,0.4,2.6560820715657143
10700,translated,1,0.4,2.2301855628683582
10701,substituted,1,0.4,1.8936662674444955
10702,paraphrased,1,0.4,1.1195086058047068
10703,mixed_text,1,0.4,1.1702567044107872
10704,human_baseline,0,0.4,1.1190050473732986
10705,original_ai,1,0.4,2.282825727382137
10706,translated,1,0.4,1.486964538503911
10707,substituted,1,0.4,1.156481040912546
10708,paraphrased,1,0.4,1.2668655907662474
10709,mixed_text,1,0.4,1.6186658221257837
10710,human_baseline,0,0.4,0.7181724547151679
10711,original_ai,1,0.4,1.263446878964385
10712,translated,1,0.4,0.9856104777282708
10713,substituted,1,0.4,1.2460386219793318
10714,paraphrased,1,0.4,1.3089658489462288
10715,mixed_text,1,0.4,0.7842513836752583
10716,human_baseline,0,0.4,1.1436720121245572
10717,original_ai,1,0.4,1.2450936323008066
10718,translated,1,0.4,1.110342496624287
10719,substituted,1,0.4,1.4667957871945418
10720,paraphrased,1,0.4,1.2068680263522629
10721,mixed_text,1,0.4,1.174975493923802
10722,human_baseline,0,0.4,0.9384742906550564
10723,original_ai,1,0.4,2.1281353880096234
10724,translated,1,0.4,1.879548648876502
10725,substituted,1,0.4,1.4153652398948964
10726,paraphrased,1,0.4,0.7080976719099576
10727,mixed_text,1,0.4,1.272080894782396
10728,human_baseline,0,0.4,0.669547296087631
10729,original_ai,1,0.4,1.4986295569448915
10730,translated,1,0.4,1.302570810537962
10731,substituted,1,0.4,1.2176723843033193
10732,paraphrased,1,0.4,1.0849107060650642
10733,mixed_text,1,0.4,1.3279781973224185
10734,human_baseline,0,0.4,0.7877616127915866
10735,original_ai,1,0.4,1.5383120869515683
10736,translated,1,0.4,1.0592916465216535
10737,substituted,1,0.4,1.0310727752671494
10738,paraphrased,1,0.4,1.2220951247324794
10739,mixed_text,1,0.4,1.3271128366213762
10740,human_baseline,0,0.4,0.6988994670117062
10741,original_ai,1,0.4,1.4374891814830586
10742,translated,1,0.4,1.0202749643838929
10743,substituted,1,0.4,1.4330741816642605
10744,paraphrased,1,0.4,1.424463838833316
10745,mixed_text,1,0.4,1.0119140617729772
10746,human_baseline,0,0.4,1.1018424368483135
10747,original_ai,1,0.4,1.6468127870825373
10748,translated,1,0.4,1.4489922630938292
10749,substituted,1,0.4,1.2957677922095443
10750,paraphrased,1,0.4,0.9149244380630496
10751,mixed_text,1,0.4,1.278683639858955
10752,human_baseline,0,0.4,1.1879159278374616
10753,original_ai,1,0.4,1.5904940963928544
10754,translated,1,0.4,1.079951876873559
10755,substituted,1,0.4,0.9185463368086836
10756,paraphrased,1,0.4,0.9482912553298406
10757,mixed_text,1,0.4,1.1799771413234532
10758,human_baseline,0,0.4,0.8814311705020825
10759,original_ai,1,0.4,2.4387442820775447
10760,translated,1,0.4,2.290515002517563
10761,substituted,1,0.4,1.2883922110480106
10762,paraphrased,1,0.4,1.6434467818067449
10763,mixed_text,1,0.4,1.6397420332614503
10764,human_baseline,0,0.4,0.8205199798142226
10765,original_ai,1,0.4,2.993440843328673
10766,translated,1,0.4,2.248299061753138
10767,substituted,1,0.4,1.6544280759187893
10768,paraphrased,1,0.4,1.5852512678051804
10769,mixed_text,1,0.4,1.5685557783986688
10770,human_baseline,0,0.4,0.95029890225521
10771,original_ai,1,0.4,2.604487308995365
10772,translated,1,0.4,2.387545410156436
10773,substituted,1,0.4,1.2278623030378584
10774,paraphrased,1,0.4,1.608093568962046
10775,mixed_text,1,0.4,1.4103847204811737
10776,human_baseline,0,0.4,0.745895708867322
10777,original_ai,1,0.4,2.205413279026514
10778,translated,1,0.4,1.721227757605939
10779,substituted,1,0.4,0.946910262563607
10780,paraphrased,1,0.4,1.0318789721668824
10781,mixed_text,1,0.4,1.4113089879311362
10782,human_baseline,0,0.4,0.8345934973517435
10783,original_ai,1,0.4,1.7964497215605806
10784,translated,1,0.4,1.1805571338813543
10785,substituted,1,0.4,1.367214508414289
10786,paraphrased,1,0.4,1.163612969850481
10787,mixed_text,1,0.4,1.116519593170178
10788,human_baseline,0,0.4,0.8702634290181192
10789,original_ai,1,0.4,1.917007351761324
10790,translated,1,0.4,1.3266555417836117
10791,substituted,1,0.4,1.1739862088544242
10792,paraphrased,1,0.4,1.1320233095809535
10793,mixed_text,1,0.4,1.2202097134343526
10794,human_baseline,0,0.4,1.005664797594188
10795,original_ai,1,0.4,1.1856758653949064
10796,translated,1,0.4,1.0382677208163122
10797,substituted,1,0.4,1.062498466770662
10798,paraphrased,1,0.4,1.1192591482275993
10799,mixed_text,1,0.4,1.1172500909973508
10800,human_baseline,0,0.4,1.281757044177509
10801,original_ai,1,0.4,2.7085747892127725
10802,translated,1,0.4,2.3294855997309174
10803,substituted,1,0.4,1.2081364543176345
10804,paraphrased,1,0.4,1.5393822640366963
10805,mixed_text,1,0.4,1.4745102309271882
10806,human_baseline,0,0.4,0.8467501023434792
10807,original_ai,1,0.4,1.2305057974193043
10808,translated,1,0.4,1.0024126842902008
10809,substituted,1,0.4,1.0150240936110595
10810,paraphrased,1,0.4,1.0053320204442997
10811,mixed_text,1,0.4,1.0612799862342162
10812,human_baseline,0,0.4,0.7963694759840829
10813,original_ai,1,0.4,1.7659207698818074
10814,translated,1,0.4,1.3969723589782637
10815,substituted,1,0.4,1.976116831858568
10816,paraphrased,1,0.4,1.4656024258166975
10817,mixed_text,1,0.4,0.986693949117219
10818,human_baseline,0,0.4,0.750404020456042
10819,original_ai,1,0.4,1.3652921526480708
10820,translated,1,0.4,1.0771561581593851
10821,substituted,1,0.4,1.0741589164738627
10822,paraphrased,1,0.4,1.2885505153379408
10823,mixed_text,1,0.4,1.188704201488983
10824,human_baseline,0,0.4,0.7738801164626514
10825,original_ai,1,0.4,2.168624043181718
10826,translated,1,0.4,1.5013541717453784
10827,substituted,1,0.4,1.46405307979117
10828,paraphrased,1,0.4,1.2478870015465446
10829,mixed_text,1,0.4,1.2973191231603032
10830,human_baseline,0,0.4,0.7909961030178233
10831,original_ai,1,0.4,3.0556440726200806
10832,translated,1,0.4,1.6829350766113804
10833,substituted,1,0.4,1.4594090254100218
10834,paraphrased,1,0.4,0.8196890673193843
10835,mixed_text,1,0.4,1.199418209939722
10836,human_baseline,0,0.4,1.4392256989895624
10837,original_ai,1,0.4,2.1692546712091203
10838,translated,1,0.4,1.324768255791134
10839,substituted,1,0.4,1.1567716975170044
10840,paraphrased,1,0.4,1.3943854524407542
10841,mixed_text,1,0.4,1.520959701323085
10842,human_baseline,0,0.4,0.7827180580336986
10843,original_ai,1,0.4,1.2116323316188526
10844,translated,1,0.4,1.1835660500530631
10845,substituted,1,0.4,1.1698644123863762
10846,paraphrased,1,0.4,0.9594430327430412
10847,mixed_text,1,0.4,0.8630367560715505
10848,human_baseline,0,0.4,1.1209287671008816
10849,original_ai,1,0.4,1.6551006900456016
10850,translated,1,0.4,1.6569064387428212
10851,substituted,1,0.4,0.9603439575417064
10852,paraphrased,1,0.4,1.3624361703993606
10853,mixed_text,1,0.4,1.1047078261184828
10854,human_baseline,0,0.4,1.0256197860467111
10855,original_ai,1,0.4,1.5910279082207135
10856,translated,1,0.4,1.647185551943874
10857,substituted,1,0.4,1.5214366454862656
10858,paraphrased,1,0.4,0.946672224148414
10859,mixed_text,1,0.4,1.670853242751617
10860,human_baseline,0,0.4,1.4770214873967231
10861,original_ai,1,0.4,1.559896996956009
10862,translated,1,0.4,1.5619849053464991
10863,substituted,1,0.4,0.863706862637386
10864,paraphrased,1,0.4,1.1550561484145825
10865,mixed_text,1,0.4,2.025018628639463
10866,human_baseline,0,0.4,0.8188250910428275
10867,original_ai,1,0.4,1.9195296446123868
10868,translated,1,0.4,1.3797836852323209
10869,substituted,1,0.4,1.0103022019084122
10870,paraphrased,1,0.4,1.2377646499443944
10871,mixed_text,1,0.4,1.0335777067991083
10872,human_baseline,0,0.4,0.8479227519237196
10873,original_ai,1,0.4,2.537911771350024
10874,translated,1,0.4,1.9355252608872855
10875,substituted,1,0.4,0.8854114080624786
10876,paraphrased,1,0.4,1.4209195717746204
10877,mixed_text,1,0.4,1.101738995432607
10878,human_baseline,0,0.4,0.964430024388418
10879,original_ai,1,0.4,1.595945039680028
10880,translated,1,0.4,2.045367977676994
10881,substituted,1,0.4,1.3813207552132984
10882,paraphrased,1,0.4,1.4204246443824218
10883,mixed_text,1,0.4,1.2136943255273769
10884,human_baseline,0,0.4,0.6957975557542868
10885,original_ai,1,0.4,1.879752612181758
10886,translated,1,0.4,1.1767576005202196
10887,substituted,1,0.4,1.0765704868740995
10888,paraphrased,1,0.4,1.2434494118554678
10889,mixed_text,1,0.4,1.0306328398424296
10890,human_baseline,0,0.4,1.2046675697333813
10891,original_ai,1,0.4,1.3521201962298108
10892,translated,1,0.4,1.1532271226202762
10893,substituted,1,0.4,0.8434251106530017
10894,paraphrased,1,0.4,1.057639784389187
10895,mixed_text,1,0.4,1.397733846719591
10896,human_baseline,0,0.4,1.1274554360086997
10897,original_ai,1,0.4,1.9005198385571245
10898,translated,1,0.4,1.4896902444205722
10899,substituted,1,0.4,1.283585631446792
10900,paraphrased,1,0.4,0.9252180911232206
10901,mixed_text,1,0.4,1.6483166667507798
10902,human_baseline,0,0.4,1.6859577725910109
10903,original_ai,1,0.4,1.271823136150212
10904,translated,1,0.4,1.0173438856904675
10905,substituted,1,0.4,1.1895517442080727
10906,paraphrased,1,0.4,1.0091046579876286
10907,mixed_text,1,0.4,1.4331099153681517
10908,human_baseline,0,0.4,1.2450541994404798
10909,original_ai,1,0.4,1.1226877538229512
10910,translated,1,0.4,1.014750850824191
10911,substituted,1,0.4,1.1151809642103536
10912,paraphrased,1,0.4,0.8740355737216191
10913,mixed_text,1,0.4,1.3712064044200676
10914,human_baseline,0,0.4,0.8607912447352373
10915,original_ai,1,0.4,1.5062927229301737
10916,translated,1,0.4,1.1103089268818809
10917,substituted,1,0.4,1.5029111590943334
10918,paraphrased,1,0.4,0.9506516081914056
10919,mixed_text,1,0.4,0.8412638035185486
10920,human_baseline,0,0.4,0.9813596890286252
10921,original_ai,1,0.4,2.505241614549156
10922,translated,1,0.4,2.489177652971379
10923,substituted,1,0.4,1.2618242140686031
10924,paraphrased,1,0.4,1.2077598667517315
10925,mixed_text,1,0.4,1.5199107138476176
10926,human_baseline,0,0.4,1.311881847490915
10927,original_ai,1,0.4,1.6283635115292252
10928,translated,1,0.4,1.4945004937477608
10929,substituted,1,0.4,1.3203522869465698
10930,paraphrased,1,0.4,1.379308752965407
10931,mixed_text,1,0.4,1.7063591704542769
10932,human_baseline,0,0.4,1.4032162103169945
10933,original_ai,1,0.4,1.4472451846256338
10934,translated,1,0.4,1.3674629629593655
10935,substituted,1,0.4,1.245573986978952
10936,paraphrased,1,0.4,0.9282584960416246
10937,mixed_text,1,0.4,1.3787928180539673
10938,human_baseline,0,0.4,1.0517189869509411
10939,original_ai,1,0.4,1.2606510462520495
10940,translated,1,0.4,1.2071750198212814
10941,substituted,1,0.4,1.4396828142029516
10942,paraphrased,1,0.4,1.2765844522267438
10943,mixed_text,1,0.4,1.3803880859234308
10944,human_baseline,0,0.4,1.166469947299506
10945,original_ai,1,0.4,1.1684766645222924
10946,translated,1,0.4,1.1406444193977363
10947,substituted,1,0.4,0.987177904722216
10948,paraphrased,1,0.4,0.8939715275527481
10949,mixed_text,1,0.4,1.3999713783963534
10950,human_baseline,0,0.4,0.8173068566076519
10951,original_ai,1,0.4,2.7413815782093955
10952,translated,1,0.4,1.6697179996052411
10953,substituted,1,0.4,1.3040815509030068
10954,paraphrased,1,0.4,1.272818352784036
10955,mixed_text,1,0.4,0.8607206118341775
10956,human_baseline,0,0.4,0.6112783012055344
10957,original_ai,1,0.4,2.105409362225366
10958,translated,1,0.4,1.9462255575856604
10959,substituted,1,0.4,1.3538535533895475
10960,paraphrased,1,0.4,1.0150831633128468
10961,mixed_text,1,0.4,1.4051665333471417
10962,human_baseline,0,0.4,1.1703811028676347
10963,original_ai,1,0.4,1.3110913596850786
10964,translated,1,0.4,1.185021702395862
10965,substituted,1,0.4,1.730958212341435
10966,paraphrased,1,0.4,1.2192094846614137
10967,mixed_text,1,0.4,1.2858639056068648
10968,human_baseline,0,0.4,0.7170450004835128
10969,original_ai,1,0.4,2.802005187104389
10970,translated,1,0.4,1.9803438007094056
10971,substituted,1,0.4,1.335661954049279
10972,paraphrased,1,0.4,2.3192576590669485
10973,mixed_text,1,0.4,1.1532970784077443
10974,human_baseline,0,0.4,1.0681602343343075
10975,original_ai,1,0.4,1.740861705799977
10976,translated,1,0.4,1.5911091978873817
10977,substituted,1,0.4,1.6776819442761992
10978,paraphrased,1,0.4,1.43556677928567
10979,mixed_text,1,0.4,1.4177986747691431
10980,human_baseline,0,0.4,0.9732612562872064
10981,original_ai,1,0.4,1.799454154609364
10982,translated,1,0.4,1.8489895210605405
10983,substituted,1,0.4,1.2230936340111689
10984,paraphrased,1,0.4,0.9185272238627132
10985,mixed_text,1,0.4,1.1615373277039918
10986,human_baseline,0,0.4,0.8048708332975592
10987,original_ai,1,0.4,2.2573246742172866
10988,translated,1,0.4,2.108055347289844
10989,substituted,1,0.4,1.15603517156977
10990,paraphrased,1,0.4,1.096032269238529
10991,mixed_text,1,0.4,1.548427004410079
10992,human_baseline,0,0.4,0.8467682330821713
10993,original_ai,1,0.4,1.3552079831604382
10994,translated,1,0.4,1.5358705656037013
10995,substituted,1,0.4,0.8974097238981644
10996,paraphrased,1,0.4,0.8222102283369765
10997,mixed_text,1,0.4,1.0828864621514875
10998,human_baseline,0,0.4,0.8396776643091913
10999,original_ai,1,0.4,2.414057457442357
11000,translated,1,0.4,2.8673280055542185
11001,substituted,1,0.4,0.955103502527018
11002,paraphrased,1,0.4,0.6977802987126379
11003,mixed_text,1,0.4,0.9335622909750296
11004,human_baseline,0,0.4,1.1297566168459583
11005,original_ai,1,0.4,2.768280565939123
11006,translated,1,0.4,1.9588192992200053
11007,substituted,1,0.4,1.0985838217705628
11008,paraphrased,1,0.4,1.6294341965634689
11009,mixed_text,1,0.4,1.3895001500002844
11010,human_baseline,0,0.4,0.9134723491682658
11011,original_ai,1,0.4,2.425682926443716
11012,translated,1,0.4,1.536544889585073
11013,substituted,1,0.4,1.2443562227553735
11014,paraphrased,1,0.4,1.7286614365999335
11015,mixed_text,1,0.4,1.127587709977644
11016,human_baseline,0,0.4,0.9569809185913916
11017,original_ai,1,0.4,1.1541897124693248
11018,translated,1,0.4,1.3250975623494865
11019,substituted,1,0.4,0.9193357320677996
11020,paraphrased,1,0.4,1.0815328062283838
11021,mixed_text,1,0.4,1.112762668638242
11022,human_baseline,0,0.4,0.7261972552497217
11023,original_ai,1,0.4,2.3501697866034608
11024,translated,1,0.4,2.2293841543854147
11025,substituted,1,0.4,1.6707621161635284
11026,paraphrased,1,0.4,1.4077440019358096
11027,mixed_text,1,0.4,1.1164031879258165
11028,human_baseline,0,0.4,1.2976233730973483
11029,original_ai,1,0.4,2.273151706170504
11030,translated,1,0.4,1.162309993175102
11031,substituted,1,0.4,1.1975957328074154
11032,paraphrased,1,0.4,1.271262283249678
11033,mixed_text,1,0.4,1.8305328478251937
11034,human_baseline,0,0.4,1.0811502837528062
11035,original_ai,1,0.4,1.3160555236707268
11036,translated,1,0.4,1.255464513192215
11037,substituted,1,0.4,0.9629627401641544
11038,paraphrased,1,0.4,1.2528021181344535
11039,mixed_text,1,0.4,1.1641738124960224
11040,human_baseline,0,0.4,0.8754190929628102
11041,original_ai,1,0.4,1.3259722395691569
11042,translated,1,0.4,1.1038957946908596
11043,substituted,1,0.4,1.480405094770335
11044,paraphrased,1,0.4,0.8164925045117547
11045,mixed_text,1,0.4,1.4056878265987347
11046,human_baseline,0,0.4,1.1963601845670353
11047,original_ai,1,0.4,1.8067396975303327
11048,translated,1,0.4,1.6752948808484165
11049,substituted,1,0.4,1.4132139460097544
11050,paraphrased,1,0.4,1.3977889733700637
11051,mixed_text,1,0.4,1.1214047240815708
11052,human_baseline,0,0.4,0.8772004146193787
11053,original_ai,1,0.4,1.4807730612850325
11054,translated,1,0.4,1.470987959282847
11055,substituted,1,0.4,1.546143727321844
11056,paraphrased,1,0.4,1.001593211434382
11057,mixed_text,1,0.4,1.186451417135923
11058,human_baseline,0,0.4,0.8080900478254808
11059,original_ai,1,0.4,1.1966110657052544
11060,translated,1,0.4,1.0968019880683424
11061,substituted,1,0.4,1.5664917281274284
11062,paraphrased,1,0.4,1.1233760070802608
11063,mixed_text,1,0.4,0.9137725320149328
11064,human_baseline,0,0.4,1.0925289953116004
11065,original_ai,1,0.4,1.6438302743417208
11066,translated,1,0.4,1.2340080020390374
11067,substituted,1,0.4,0.8282940112433461
11068,paraphrased,1,0.4,1.0771878298848854
11069,mixed_text,1,0.4,1.6186845055903227
11070,human_baseline,0,0.4,0.9080434392037902
11071,original_ai,1,0.4,1.9135347253101795
11072,translated,1,0.4,1.3380780717134046
11073,substituted,1,0.4,1.5619935004705374
11074,paraphrased,1,0.4,1.2362663534275509
11075,mixed_text,1,0.4,1.21828033773138
11076,human_baseline,0,0.4,0.996293515882974
11077,original_ai,1,0.4,2.310975758107046
11078,translated,1,0.4,2.0619997675653607
11079,substituted,1,0.4,1.0937417347675369
11080,paraphrased,1,0.4,1.1929018386994303
11081,mixed_text,1,0.4,1.3129539427716237
11082,human_baseline,0,0.4,0.9575021610906072
11083,original_ai,1,0.4,3.2583520064171783
11084,translated,1,0.4,2.696759621455696
11085,substituted,1,0.4,1.1737034539919142
11086,paraphrased,1,0.4,1.0804528042132862
11087,mixed_text,1,0.4,1.1666022123419588
11088,human_baseline,0,0.4,0.6392140353145717
11089,original_ai,1,0.4,1.048040801141765
11090,translated,1,0.4,0.9187457096204678
11091,substituted,1,0.4,1.1448206725303138
11092,paraphrased,1,0.4,0.7340480713000069
11093,mixed_text,1,0.4,0.7737826321845299
11094,human_baseline,0,0.4,0.826604086673859
11095,original_ai,1,0.4,2.264522594454014
11096,translated,1,0.4,1.8755319928140477
11097,substituted,1,0.4,1.516959241473186
11098,paraphrased,1,0.4,0.9764435501950068
11099,mixed_text,1,0.4,1.2141956600276922
11100,human_baseline,0,0.4,0.7193218221647184
11101,original_ai,1,0.4,2.616662480750385
11102,translated,1,0.4,1.3012313375692517
11103,substituted,1,0.4,1.4078805120609648
11104,paraphrased,1,0.4,1.1665389943713902
11105,mixed_text,1,0.4,1.1774477298235282
11106,human_baseline,0,0.4,0.9204332916741044
11107,original_ai,1,0.4,2.112838555111101
11108,translated,1,0.4,1.3513812270680343
11109,substituted,1,0.4,1.2680620806242249
11110,paraphrased,1,0.4,0.8793189053132704
11111,mixed_text,1,0.4,1.2916336545116738
11112,human_baseline,0,0.4,1.23551850709207
11113,original_ai,1,0.4,1.7383276972120745
11114,translated,1,0.4,1.7092527762105034
11115,substituted,1,0.4,1.4252681547260733
11116,paraphrased,1,0.4,1.2031598846454643
11117,mixed_text,1,0.4,0.9260216807522031
11118,human_baseline,0,0.4,1.2601073852753637
11119,original_ai,1,0.4,1.5413379170073414
11120,translated,1,0.4,1.4861636695909703
11121,substituted,1,0.4,1.018281040988994
11122,paraphrased,1,0.4,1.401399485369442
11123,mixed_text,1,0.4,1.266618085013815
11124,human_baseline,0,0.4,0.9927166708138472
11125,original_ai,1,0.4,2.006753608581739
11126,translated,1,0.4,1.669387702245512
11127,substituted,1,0.4,1.540900277751159
11128,paraphrased,1,0.4,0.9877601244135124
11129,mixed_text,1,0.4,1.2833582251802749
11130,human_baseline,0,0.4,1.1636222625005923
11131,original_ai,1,0.4,1.5964517070922932
11132,translated,1,0.4,1.1107524153929769
11133,substituted,1,0.4,0.7944762083949921
11134,paraphrased,1,0.4,1.3662897657747328
11135,mixed_text,1,0.4,1.3341507474313747
11136,human_baseline,0,0.4,0.9219764158442098
11137,original_ai,1,0.4,2.6814366214901657
11138,translated,1,0.4,1.572338716548148
11139,substituted,1,0.4,1.3145113989112247
11140,paraphrased,1,0.4,1.342767981987473
11141,mixed_text,1,0.4,1.31230654810913
11142,human_baseline,0,0.4,0.8103898549500836
11143,original_ai,1,0.4,1.5949398294072887
11144,translated,1,0.4,1.3778219947832606
11145,substituted,1,0.4,1.3463591097503678
11146,paraphrased,1,0.4,1.0882096500247274
11147,mixed_text,1,0.4,1.64226867042852
11148,human_baseline,0,0.4,0.7615226699096703
11149,original_ai,1,0.4,1.4309950897583916
11150,translated,1,0.4,1.7667655191193
11151,substituted,1,0.4,1.2661066924643318
11152,paraphrased,1,0.4,1.1535114615507744
11153,mixed_text,1,0.4,1.001153326537795
11154,human_baseline,0,0.4,1.0151909174260731
11155,original_ai,1,0.4,1.432971073683774
11156,translated,1,0.4,1.5238096249075044
11157,substituted,1,0.4,0.7985954711218798
11158,paraphrased,1,0.4,1.7651899137372111
11159,mixed_text,1,0.4,1.1126475870021482
11160,human_baseline,0,0.4,1.0387964455319116
11161,original_ai,1,0.4,1.3073262497150877
11162,translated,1,0.4,1.0708804652798949
11163,substituted,1,0.4,1.5418170512284797
11164,paraphrased,1,0.4,1.0100462640144994
11165,mixed_text,1,0.4,1.6012408070216964
11166,human_baseline,0,0.4,1.2550768207641718
11167,original_ai,1,0.4,0.9431179084794769
11168,translated,1,0.4,1.0112648192981182
11169,substituted,1,0.4,0.8905805507038229
11170,paraphrased,1,0.4,1.0819901053213377
11171,mixed_text,1,0.4,1.57048215931716
11172,human_baseline,0,0.4,1.040110410676994
11173,original_ai,1,0.4,1.5081200197409277
11174,translated,1,0.4,1.4655993620868055
11175,substituted,1,0.4,1.3584053883921476
11176,paraphrased,1,0.4,1.149921773549202
11177,mixed_text,1,0.4,1.059077855457948
11178,human_baseline,0,0.4,0.9604812308866232
11179,original_ai,1,0.4,1.8391502823742525
11180,translated,1,0.4,1.5255974965231285
11181,substituted,1,0.4,1.417226251932232
11182,paraphrased,1,0.4,0.9090611651889008
11183,mixed_text,1,0.4,1.1274145522658017
11184,human_baseline,0,0.4,0.9156927270482872
11185,original_ai,1,0.4,2.1441608776275567
11186,translated,1,0.4,1.460558834578186
11187,substituted,1,0.4,1.5917079232967226
11188,paraphrased,1,0.4,0.9291783939556272
11189,mixed_text,1,0.4,1.1858561673514745
11190,human_baseline,0,0.4,1.205646625382936
11191,original_ai,1,0.4,1.8402387466142056
11192,translated,1,0.4,1.8184985860649308
11193,substituted,1,0.4,1.4926690062301338
11194,paraphrased,1,0.4,2.001351814510375
11195,mixed_text,1,0.4,1.05915881045856
11196,human_baseline,0,0.4,0.9697446849036696
11197,original_ai,1,0.4,1.8060537417956917
11198,translated,1,0.4,1.7988118028764253
11199,substituted,1,0.4,0.7564822587895875
11200,paraphrased,1,0.4,1.289561464956517
11201,mixed_text,1,0.4,1.4932148273479326
11202,human_baseline,0,0.4,0.861905133586842
11203,original_ai,1,0.4,2.6417728055293592
11204,translated,1,0.4,1.493301555654191
11205,substituted,1,0.4,1.011493666700169
11206,paraphrased,1,0.4,1.003912607844137
11207,mixed_text,1,0.4,1.0211464477031524
11208,human_baseline,0,0.4,0.9205891219965184
11209,original_ai,1,0.4,3.3749910816637696
11210,translated,1,0.4,3.742645538123022
11211,substituted,1,0.4,1.2305747952293302
11212,paraphrased,1,0.4,1.1320969568822796
11213,mixed_text,1,0.4,1.8463088979754052
11214,human_baseline,0,0.4,0.9475159377358314
11215,original_ai,1,0.4,2.957581881635965
11216,translated,1,0.4,1.8685653223724008
11217,substituted,1,0.4,1.3414920958118797
11218,paraphrased,1,0.4,0.9521599714090434
11219,mixed_text,1,0.4,1.3178745289348024
11220,human_baseline,0,0.4,0.9563376322249862
11221,original_ai,1,0.4,2.604073513628044
11222,translated,1,0.4,2.0551331286136065
11223,substituted,1,0.4,2.404315324261228
11224,paraphrased,1,0.4,1.19032666946604
11225,mixed_text,1,0.4,1.845627622320668
11226,human_baseline,0,0.4,1.0042818971524303
11227,original_ai,1,0.4,1.1292926991957428
11228,translated,1,0.4,1.184740417079856
11229,substituted,1,0.4,1.2292990047370893
11230,paraphrased,1,0.4,1.1790654420459112
11231,mixed_text,1,0.4,1.489287174825913
11232,human_baseline,0,0.4,1.1585784828573231
11233,original_ai,1,0.4,1.6925846954641923
11234,translated,1,0.4,1.8272569076090184
11235,substituted,1,0.4,1.4577037001076754
11236,paraphrased,1,0.4,1.3197504948969867
11237,mixed_text,1,0.4,0.7028429906577194
11238,human_baseline,0,0.4,0.8667789390693877
11239,original_ai,1,0.4,2.3615268793254267
11240,translated,1,0.4,1.7141369063266076
11241,substituted,1,0.4,1.1373895158478775
11242,paraphrased,1,0.4,1.015863257382939
11243,mixed_text,1,0.4,1.6189355574179236
11244,human_baseline,0,0.4,1.0705200511127315
11245,original_ai,1,0.4,1.6156309440131291
11246,translated,1,0.4,1.1720816431776424
11247,substituted,1,0.4,1.654790543293032
11248,paraphrased,1,0.4,1.248088288143998
11249,mixed_text,1,0.4,1.2485957803047452
11250,human_baseline,0,0.4,0.7443322681207732
11251,original_ai,1,0.4,1.7807311693533086
11252,translated,1,0.4,1.8965221450946173
11253,substituted,1,0.4,2.092514752659437
11254,paraphrased,1,0.4,1.3445161299534312
11255,mixed_text,1,0.4,1.986751196148538
11256,human_baseline,0,0.4,1.715563656167547
11257,original_ai,1,0.4,3.2693171531515857
11258,translated,1,0.4,2.2655608091130826
11259,substituted,1,0.4,0.9834107132798408
11260,paraphrased,1,0.4,1.2745186733548848
11261,mixed_text,1,0.4,1.9567769256488452
11262,human_baseline,0,0.4,1.2107545104306277
11263,original_ai,1,0.4,1.6826897608665317
11264,translated,1,0.4,1.5039996445045074
11265,substituted,1,0.4,2.3734179962591138
11266,paraphrased,1,0.4,2.1437620664942534
11267,mixed_text,1,0.4,1.8669269974013527
11268,human_baseline,0,0.4,0.7848180707817296
11269,original_ai,1,0.4,2.9632279373480555
11270,translated,1,0.4,1.9433361147049928
11271,substituted,1,0.4,1.625446920222319
11272,paraphrased,1,0.4,1.1531164038063897
11273,mixed_text,1,0.4,1.0555882052375425
11274,human_baseline,0,0.4,1.0386621699414569
11275,original_ai,1,0.4,1.9902729815169804
11276,translated,1,0.4,1.293727833097368
11277,substituted,1,0.4,1.2676371824481951
11278,paraphrased,1,0.4,1.6103440535402558
11279,mixed_text,1,0.4,1.297578477289095
11280,human_baseline,0,0.4,0.8719061256326758
11281,original_ai,1,0.4,2.0604471788464505
11282,translated,1,0.4,1.692403431832985
11283,substituted,1,0.4,1.247746522750642
11284,paraphrased,1,0.4,2.180916636792057
11285,mixed_text,1,0.4,1.1852055651739128
11286,human_baseline,0,0.4,0.9503838717258812
11287,original_ai,1,0.4,2.0271828214363543
11288,translated,1,0.4,1.6378652950596393
11289,substituted,1,0.4,1.1274079343513723
11290,paraphrased,1,0.4,1.3941009098105217
11291,mixed_text,1,0.4,1.3348290981043511
11292,human_baseline,0,0.4,0.8299777369124739
11293,original_ai,1,0.4,3.6638385195829857
11294,translated,1,0.4,3.406898911059662
11295,substituted,1,0.4,1.146403568888981
11296,paraphrased,1,0.4,1.1428026465046874
11297,mixed_text,1,0.4,1.1475984625442832
11298,human_baseline,0,0.4,0.939420505643372
11299,original_ai,1,0.4,2.503562810207756
11300,translated,1,0.4,1.8079969570296317
11301,substituted,1,0.4,1.0117367713556804
11302,paraphrased,1,0.4,1.1665061938071897
11303,mixed_text,1,0.4,1.205356152076975
11304,human_baseline,0,0.4,0.8499404183418394
11305,original_ai,1,0.4,1.4741650063968514
11306,translated,1,0.4,1.7222935943463409
11307,substituted,1,0.4,1.4062006446468762
11308,paraphrased,1,0.4,0.5345255714464435
11309,mixed_text,1,0.4,0.952463162758982
11310,human_baseline,0,0.4,1.141097221212474
11311,original_ai,1,0.4,1.431282532201887
11312,translated,1,0.4,1.2811598273807028
11313,substituted,1,0.4,1.2148060157151257
11314,paraphrased,1,0.4,0.7582162098847713
11315,mixed_text,1,0.4,1.0133802467220212
11316,human_baseline,0,0.4,0.9254773734558293
11317,original_ai,1,0.4,1.3626127334873843
11318,translated,1,0.4,1.199152592742881
11319,substituted,1,0.4,1.4134099770815578
11320,paraphrased,1,0.4,0.9740393029164096
11321,mixed_text,1,0.4,0.9195447634033124
11322,human_baseline,0,0.4,0.8327422034550563
11323,original_ai,1,0.4,1.4629633771114046
11324,translated,1,0.4,1.1215297704697398
11325,substituted,1,0.4,1.104993059675041
11326,paraphrased,1,0.4,1.0169248198642522
11327,mixed_text,1,0.4,1.5467480272515624
11328,human_baseline,0,0.4,0.782265730510021
11329,original_ai,1,0.4,1.8298131347879416
11330,translated,1,0.4,1.418721557341173
11331,substituted,1,0.4,0.930474151655441
11332,paraphrased,1,0.4,1.2112898733710098
11333,mixed_text,1,0.4,0.7360417765720305
11334,human_baseline,0,0.4,0.8545339244025173
11335,original_ai,1,0.4,1.341100010236611
11336,translated,1,0.4,1.115573704415712
11337,substituted,1,0.4,0.8890244829367752
11338,paraphrased,1,0.4,0.7801666939468773
11339,mixed_text,1,0.4,1.265602912528664
11340,human_baseline,0,0.4,0.9240054614058006
11341,original_ai,1,0.4,2.662313188039209
11342,translated,1,0.4,1.5613055114336902
11343,substituted,1,0.4,1.0931761902364936
11344,paraphrased,1,0.4,1.01287414896474
11345,mixed_text,1,0.4,1.3912302805629408
11346,human_baseline,0,0.4,0.6417913368421791
11347,original_ai,1,0.4,3.152882124296473
11348,translated,1,0.4,1.447974052035768
11349,substituted,1,0.4,1.4993825481384064
11350,paraphrased,1,0.4,1.1407585043378872
11351,mixed_text,1,0.4,1.655153110073937
11352,human_baseline,0,0.4,1.002061768468813
11353,original_ai,1,0.4,1.2680061007289778
11354,translated,1,0.4,1.2074698658834944
11355,substituted,1,0.4,1.1842366535208
11356,paraphrased,1,0.4,1.142891907455431
11357,mixed_text,1,0.4,1.4300605627153398
11358,human_baseline,0,0.4,1.1411600419360677
11359,original_ai,1,0.4,1.2810278988977315
11360,translated,1,0.4,1.2981245723784045
11361,substituted,1,0.4,1.293105079802696
11362,paraphrased,1,0.4,0.9772322627001534
11363,mixed_text,1,0.4,1.8155118316002627
11364,human_baseline,0,0.4,1.0729561499102824
11365,original_ai,1,0.4,1.2983336210228449
11366,translated,1,0.4,1.361891641926562
11367,substituted,1,0.4,1.0689059373548957
11368,paraphrased,1,0.4,0.926490443394722
11369,mixed_text,1,0.4,1.3623080870934972
11370,human_baseline,0,0.4,0.82569390898213
11371,original_ai,1,0.4,1.9209120662857968
11372,translated,1,0.4,1.4615323793884247
11373,substituted,1,0.4,1.7186792085001767
11374,paraphrased,1,0.4,1.2812236629726828
11375,mixed_text,1,0.4,0.8766098872816945
11376,human_baseline,0,0.4,0.8141047808149949
11377,original_ai,1,0.4,1.133766816960465
11378,translated,1,0.4,1.1783861448091706
11379,substituted,1,0.4,1.012970558095312
11380,paraphrased,1,0.4,0.911932215830434
11381,mixed_text,1,0.4,1.3902231669318732
11382,human_baseline,0,0.4,1.2078613886341063
11383,original_ai,1,0.4,1.867095567704622
11384,translated,1,0.4,1.8827843875047157
11385,substituted,1,0.4,1.2210380164572088
11386,paraphrased,1,0.4,1.0617114374281658
11387,mixed_text,1,0.4,1.810131622545536
11388,human_baseline,0,0.4,0.9220099661505444
11389,original_ai,1,0.4,1.709628793992491
11390,translated,1,0.4,1.331508060655042
11391,substituted,1,0.4,0.8219631905069059
11392,paraphrased,1,0.4,0.9138598962077568
11393,mixed_text,1,0.4,1.8580697399216453
11394,human_baseline,0,0.4,0.8967420807047022
11395,original_ai,1,0.4,0.8909107882605949
11396,translated,1,0.4,0.8612901206311007
11397,substituted,1,0.4,0.800909952968909
11398,paraphrased,1,0.4,1.1497145348066524
11399,mixed_text,1,0.4,1.3549321638216885
11400,human_baseline,0,0.4,0.8904489414215
11401,original_ai,1,0.4,2.1484284265707765
11402,translated,1,0.4,2.0219187997561536
11403,substituted,1,0.4,1.202348732655529
11404,paraphrased,1,0.4,1.2450875304225657
11405,mixed_text,1,0.4,1.1602111738017176
11406,human_baseline,0,0.4,0.9429250953491424
11407,original_ai,1,0.4,2.163189494592705
11408,translated,1,0.4,2.063989211050204
11409,substituted,1,0.4,1.680499815686868
11410,paraphrased,1,0.4,0.8031515326828703
11411,mixed_text,1,0.4,1.143562644066901
11412,human_baseline,0,0.4,0.8611106385233369
11413,original_ai,1,0.4,1.8218774168677223
11414,translated,1,0.4,1.310981815423516
11415,substituted,1,0.4,1.2034094662517552
11416,paraphrased,1,0.4,1.1782115588269724
11417,mixed_text,1,0.4,1.084753687051161
11418,human_baseline,0,0.4,1.1942634352877437
11419,original_ai,1,0.4,4.174580932989687
11420,translated,1,0.4,1.6769776761483128
11421,substituted,1,0.4,1.0257741868690866
11422,paraphrased,1,0.4,1.9743617600658308
11423,mixed_text,1,0.4,1.79592242886009
11424,human_baseline,0,0.4,0.7076170717283875
11425,original_ai,1,0.4,2.742110348558267
11426,translated,1,0.4,2.3843035690831305
11427,substituted,1,0.4,1.1292723472362642
11428,paraphrased,1,0.4,1.979343766023249
11429,mixed_text,1,0.4,1.2215884818851266
11430,human_baseline,0,0.4,0.9058862560755856
11431,original_ai,1,0.4,2.1971057760967505
11432,translated,1,0.4,1.574829220807783
11433,substituted,1,0.4,0.9449311259463832
11434,paraphrased,1,0.4,1.1518535803128966
11435,mixed_text,1,0.4,1.993094463205092
11436,human_baseline,0,0.4,0.9551001906073404
11437,original_ai,1,0.4,1.7015789988462555
11438,translated,1,0.4,1.8116801000268208
11439,substituted,1,0.4,1.1222332942625295
11440,paraphrased,1,0.4,0.8238847309168991
11441,mixed_text,1,0.4,1.0715915604593678
11442,human_baseline,0,0.4,1.3003111467322856
11443,original_ai,1,0.4,1.8219945940367483
11444,translated,1,0.4,1.6177138034141645
11445,substituted,1,0.4,1.9405497409869708
11446,paraphrased,1,0.4,1.2687428657277062
11447,mixed_text,1,0.4,1.927731859434818
11448,human_baseline,0,0.4,0.9932907858067764
11449,original_ai,1,0.4,1.5745897094401289
11450,translated,1,0.4,1.3087838119127972
11451,substituted,1,0.4,0.9074269838858692
11452,paraphrased,1,0.4,0.6118035044667108
11453,mixed_text,1,0.4,1.7008731781039996
11454,human_baseline,0,0.4,0.8983776866581967
11455,original_ai,1,0.4,1.5064992029637865
11456,translated,1,0.4,1.3148049806188784
11457,substituted,1,0.4,1.473030371872015
11458,paraphrased,1,0.4,1.5901847491281131
11459,mixed_text,1,0.4,1.0827899126071594
11460,human_baseline,0,0.4,1.2509807008063232
11461,original_ai,1,0.4,1.5910240477876376
11462,translated,1,0.4,1.5324849928325597
11463,substituted,1,0.4,1.154468631022718
11464,paraphrased,1,0.4,1.4915862575436132
11465,mixed_text,1,0.4,1.5692224171096545
11466,human_baseline,0,0.4,0.947930394323922
11467,original_ai,1,0.4,2.228670369927931
11468,translated,1,0.4,1.5681947585922158
11469,substituted,1,0.4,1.5670941363929674
11470,paraphrased,1,0.4,1.4586978159949984
11471,mixed_text,1,0.4,1.431270381108661
11472,human_baseline,0,0.4,0.9111057658450712
11473,original_ai,1,0.4,1.734579571396084
11474,translated,1,0.4,1.569044341003606
11475,substituted,1,0.4,1.4800369218338305
11476,paraphrased,1,0.4,1.0531409462055092
11477,mixed_text,1,0.4,1.2346482977671986
11478,human_baseline,0,0.4,1.4681797896108644
11479,original_ai,1,0.4,1.5244336559887617
11480,translated,1,0.4,1.0723136381647551
11481,substituted,1,0.4,1.0921685239746932
11482,paraphrased,1,0.4,1.6754190772424151
11483,mixed_text,1,0.4,1.1465074920134355
11484,human_baseline,0,0.4,1.177240600864461
11485,original_ai,1,0.4,1.1099596762975557
11486,translated,1,0.4,0.9530495502676436
11487,substituted,1,0.4,0.8111268947952892
11488,paraphrased,1,0.4,0.7053239319877653
11489,mixed_text,1,0.4,1.3839351838276963
11490,human_baseline,0,0.4,0.9606156561864744
11491,original_ai,1,0.4,2.0215590615440515
11492,translated,1,0.4,1.5167510365333834
11493,substituted,1,0.4,1.3847152021169242
11494,paraphrased,1,0.4,1.2932166961132516
11495,mixed_text,1,0.4,1.370203665455772
11496,human_baseline,0,0.4,1.2998971678282538
11497,original_ai,1,0.4,1.630802414822222
11498,translated,1,0.4,1.32181410556127
11499,substituted,1,0.4,1.1830374821176577
11500,paraphrased,1,0.4,1.149404603032046
11501,mixed_text,1,0.4,1.581188638786711
11502,human_baseline,0,0.4,0.6627091128379075
11503,original_ai,1,0.4,1.7452191508175938
11504,translated,1,0.4,1.7619847302312248
11505,substituted,1,0.4,0.7130519723422245
11506,paraphrased,1,0.4,1.2953065138421913
11507,mixed_text,1,0.4,1.1606360712546149
11508,human_baseline,0,0.4,0.8210326990383823
11509,original_ai,1,0.4,1.4810174365202295
11510,translated,1,0.4,1.1380168832950992
11511,substituted,1,0.4,1.0300648094002367
11512,paraphrased,1,0.4,1.020037823937973
11513,mixed_text,1,0.4,1.685618984953621
11514,human_baseline,0,0.4,1.4418421126901393
11515,original_ai,1,0.4,1.700946983597886
11516,translated,1,0.4,1.3464539985605444
11517,substituted,1,0.4,1.7015644824160658
11518,paraphrased,1,0.4,1.1910723725695385
11519,mixed_text,1,0.4,2.059490374947534
11520,human_baseline,0,0.4,0.9204951180830956
11521,original_ai,1,0.4,1.801953365151406
11522,translated,1,0.4,1.1840714834403083
11523,substituted,1,0.4,1.2809547558464809
11524,paraphrased,1,0.4,1.7925259468536368
11525,mixed_text,1,0.4,1.202620596074023
11526,human_baseline,0,0.4,0.7814553629100476
11527,original_ai,1,0.4,1.5923308169668997
11528,translated,1,0.4,1.2613270243362669
11529,substituted,1,0.4,1.226666294574465
11530,paraphrased,1,0.4,0.9552692609275388
11531,mixed_text,1,0.4,1.025518850422573
11532,human_baseline,0,0.4,0.9417593586519344
11533,original_ai,1,0.4,1.4076101447032443
11534,translated,1,0.4,1.5253551420854057
11535,substituted,1,0.4,1.225042170736486
11536,paraphrased,1,0.4,0.8631800890444372
11537,mixed_text,1,0.4,0.7897647452931806
11538,human_baseline,0,0.4,0.7343992356328275
11539,original_ai,1,0.4,2.120008782125701
11540,translated,1,0.4,1.7314118207533151
11541,substituted,1,0.4,1.396852982544008
11542,paraphrased,1,0.4,1.3340628668205006
11543,mixed_text,1,0.4,1.694810948748303
11544,human_baseline,0,0.4,1.08959176362651
11545,original_ai,1,0.4,0.9485691469756072
11546,translated,1,0.4,0.9685397161769204
11547,substituted,1,0.4,0.8927668775670023
11548,paraphrased,1,0.4,0.8434331106050678
11549,mixed_text,1,0.4,0.9326039060695366
11550,human_baseline,0,0.4,0.8570847445334387
11551,original_ai,1,0.4,2.817054189302341
11552,translated,1,0.4,2.0279831087378493
11553,substituted,1,0.4,1.419263404208524
11554,paraphrased,1,0.4,1.0451723667909918
11555,mixed_text,1,0.4,1.1907144213014196
11556,human_baseline,0,0.4,1.4354636604638602
11557,original_ai,1,0.4,1.6497407079336837
11558,translated,1,0.4,1.349175078174649
11559,substituted,1,0.4,1.2113933727010393
11560,paraphrased,1,0.4,0.7612442956837325
11561,mixed_text,1,0.4,1.546646773623258
11562,human_baseline,0,0.4,0.8026576654829245
11563,original_ai,1,0.4,2.6449286521590727
11564,translated,1,0.4,2.5796736019717685
11565,substituted,1,0.4,1.8311744156461065
11566,paraphrased,1,0.4,1.1838423085423548
11567,mixed_text,1,0.4,1.2937547252313752
11568,human_baseline,0,0.4,1.2549698873459596
11569,original_ai,1,0.4,1.4631361299395251
11570,translated,1,0.4,1.3537299581058286
11571,substituted,1,0.4,0.9661430797345744
11572,paraphrased,1,0.4,1.3825525488772703
11573,mixed_text,1,0.4,1.290654298685875
11574,human_baseline,0,0.4,0.8890492148680624
11575,original_ai,1,0.4,1.1650722720672275
11576,translated,1,0.4,1.0405646284759602
11577,substituted,1,0.4,1.1033476007371628
11578,paraphrased,1,0.4,0.9152151154190924
11579,mixed_text,1,0.4,1.0009771403282135
11580,human_baseline,0,0.4,0.8987018729924731
11581,original_ai,1,0.4,1.3708618031851063
11582,translated,1,0.4,1.3333070224373729
11583,substituted,1,0.4,1.2815967134928794
11584,paraphrased,1,0.4,1.0502079983100356
11585,mixed_text,1,0.4,1.352783523435084
11586,human_baseline,0,0.4,0.879853425703839
11587,original_ai,1,0.4,2.447450693441582
11588,translated,1,0.4,2.158864608705526
11589,substituted,1,0.4,1.4150833163474754
11590,paraphrased,1,0.4,1.5925471999094851
11591,mixed_text,1,0.4,0.8801400244004525
11592,human_baseline,0,0.4,0.8265171338835804
11593,original_ai,1,0.4,2.075176693950024
11594,translated,1,0.4,1.0378229784074744
11595,substituted,1,0.4,0.9786761847763392
11596,paraphrased,1,0.4,1.18130239124739
11597,mixed_text,1,0.4,1.1145110444240636
11598,human_baseline,0,0.4,0.9073940189494256
11599,original_ai,1,0.4,2.140003738719773
11600,translated,1,0.4,1.865272997032201
11601,substituted,1,0.4,1.3280635018528448
11602,paraphrased,1,0.4,1.9070920677712735
11603,mixed_text,1,0.4,1.269340788481347
11604,human_baseline,0,0.4,0.9378061469440084
11605,original_ai,1,0.4,3.4005473712823715
11606,translated,1,0.4,2.2098151827671644
11607,substituted,1,0.4,1.4267697090156564
11608,paraphrased,1,0.4,1.5349571243327005
11609,mixed_text,1,0.4,1.1812047818394442
11610,human_baseline,0,0.4,1.067394410457782
11611,original_ai,1,0.4,2.327665346659581
11612,translated,1,0.4,2.0877931534666967
11613,substituted,1,0.4,1.339478457792687
11614,paraphrased,1,0.4,0.7564373506420872
11615,mixed_text,1,0.4,2.3062753866183665
11616,human_baseline,0,0.4,1.1865002399948803
11617,original_ai,1,0.4,1.3704516237953914
11618,translated,1,0.4,1.2095338729399234
11619,substituted,1,0.4,1.678686783992588
11620,paraphrased,1,0.4,1.275380324923995
11621,mixed_text,1,0.4,1.9825849110671268
11622,human_baseline,0,0.4,1.2404077491999816
11623,original_ai,1,0.4,2.8403339568125547
11624,translated,1,0.4,2.313804969711916
11625,substituted,1,0.4,1.2329534104769264
11626,paraphrased,1,0.4,1.814664485905812
11627,mixed_text,1,0.4,1.766129488070982
11628,human_baseline,0,0.4,0.8523327467727088
11629,original_ai,1,0.4,2.7186006888490053
11630,translated,1,0.4,1.5272298826102246
11631,substituted,1,0.4,1.121339478698935
11632,paraphrased,1,0.4,1.140129065480987
11633,mixed_text,1,0.4,1.613539028670158
11634,human_baseline,0,0.4,1.1549039456966468
11635,original_ai,1,0.4,1.4374792898001143
11636,translated,1,0.4,0.995054751750458
11637,substituted,1,0.4,1.125126085274639
11638,paraphrased,1,0.4,0.8940944963746472
11639,mixed_text,1,0.4,1.3059513105608138
11640,human_baseline,0,0.4,0.8351078110084986
11641,original_ai,1,0.4,1.334859677831885
11642,translated,1,0.4,1.3180469821318657
11643,substituted,1,0.4,1.0958681076347532
11644,paraphrased,1,0.4,1.0061711485832232
11645,mixed_text,1,0.4,1.2273900291275952
11646,human_baseline,0,0.4,0.9603488802632664
11647,original_ai,1,0.4,2.0722319639487448
11648,translated,1,0.4,1.5407092062504224
11649,substituted,1,0.4,1.4174937186899204
11650,paraphrased,1,0.4,0.814499091823973
11651,mixed_text,1,0.4,1.641792331369024
11652,human_baseline,0,0.4,1.373182641310517
11653,original_ai,1,0.4,1.530471272505631
11654,translated,1,0.4,1.3506163317567
11655,substituted,1,0.4,1.050295951348118
11656,paraphrased,1,0.4,0.9395076007394774
11657,mixed_text,1,0.4,1.836339595006409
11658,human_baseline,0,0.4,0.9875434719423158
11659,original_ai,1,0.4,2.402788670483454
11660,translated,1,0.4,1.9267124395791
11661,substituted,1,0.4,1.4554088106274137
11662,paraphrased,1,0.4,1.4999021318329373
11663,mixed_text,1,0.4,1.213137489799224
11664,human_baseline,0,0.4,1.138964978423237
11665,original_ai,1,0.4,2.288229980103143
11666,translated,1,0.4,1.94340785146516
11667,substituted,1,0.4,1.2550841486222517
11668,paraphrased,1,0.4,1.7718760272756595
11669,mixed_text,1,0.4,1.3516871174599874
11670,human_baseline,0,0.4,0.7936023016642932
11671,original_ai,1,0.4,1.6871008858066316
11672,translated,1,0.4,1.497716439036938
11673,substituted,1,0.4,1.1748582596802526
11674,paraphrased,1,0.4,1.067597489143276
11675,mixed_text,1,0.4,1.4421898069821992
11676,human_baseline,0,0.4,1.212045962410632
11677,original_ai,1,0.4,1.5228875663185988
11678,translated,1,0.4,1.3064791079559217
11679,substituted,1,0.4,1.432801933175331
11680,paraphrased,1,0.4,1.520277441074002
11681,mixed_text,1,0.4,1.9684017126133972
11682,human_baseline,0,0.4,0.8955768959866233
11683,original_ai,1,0.4,2.2488039677063068
11684,translated,1,0.4,1.9713357907568307
11685,substituted,1,0.4,1.131545246039881
11686,paraphrased,1,0.4,0.8006473568014548
11687,mixed_text,1,0.4,1.2095442851581366
11688,human_baseline,0,0.4,0.8480984632492895
11689,original_ai,1,0.4,1.4171441470783657
11690,translated,1,0.4,0.9870886038967218
11691,substituted,1,0.4,1.131562730276812
11692,paraphrased,1,0.4,1.0779183024436405
11693,mixed_text,1,0.4,1.0722933990229029
11694,human_baseline,0,0.4,0.9317545172352796
11695,original_ai,1,0.4,1.5957371508224816
11696,translated,1,0.4,1.314736169418946
11697,substituted,1,0.4,1.051779052524905
11698,paraphrased,1,0.4,1.1741305750023736
11699,mixed_text,1,0.4,1.364216822349085
11700,human_baseline,0,0.4,0.9471777681872376
11701,original_ai,1,0.4,1.1584727267468566
11702,translated,1,0.4,1.5860032816355338
11703,substituted,1,0.4,0.966898089265665
11704,paraphrased,1,0.4,1.2436491919873105
11705,mixed_text,1,0.4,1.2287203337211727
11706,human_baseline,0,0.4,0.864314572749462
11707,original_ai,1,0.4,1.5501337124701071
11708,translated,1,0.4,1.3441496658428709
11709,substituted,1,0.4,1.553821720501672
11710,paraphrased,1,0.4,1.2803340505005527
11711,mixed_text,1,0.4,1.543896896168092
11712,human_baseline,0,0.4,1.0749452375637876
11713,original_ai,1,0.4,1.319191556917576
11714,translated,1,0.4,1.0249054948530876
11715,substituted,1,0.4,1.047112200822829
11716,paraphrased,1,0.4,0.7798334606314087
11717,mixed_text,1,0.4,1.3458072515506772
11718,human_baseline,0,0.4,0.7673291890407881
11719,original_ai,1,0.4,2.033215829107192
11720,translated,1,0.4,1.4315093498465092
11721,substituted,1,0.4,1.2076652112302997
11722,paraphrased,1,0.4,1.7044828444431
11723,mixed_text,1,0.4,1.0053326633776605
11724,human_baseline,0,0.4,1.026977939896697
11725,original_ai,1,0.4,1.830889139734256
11726,translated,1,0.4,1.416723087376526
11727,substituted,1,0.4,1.1634509293356314
11728,paraphrased,1,0.4,1.344104020241139
11729,mixed_text,1,0.4,1.2169320428532209
11730,human_baseline,0,0.4,1.458331170960217
11731,original_ai,1,0.4,1.2635537271460022
11732,translated,1,0.4,0.9894958266821954
11733,substituted,1,0.4,1.275296827178231
11734,paraphrased,1,0.4,1.0517478119929626
11735,mixed_text,1,0.4,1.8094887852003383
11736,human_baseline,0,0.4,1.058120286695234
11737,original_ai,1,0.4,2.667502462275693
11738,translated,1,0.4,2.246929722939046
11739,substituted,1,0.4,1.3362486311711457
11740,paraphrased,1,0.4,1.0425983576297868
11741,mixed_text,1,0.4,1.4857873005321152
11742,human_baseline,0,0.4,0.8325022848438666
11743,original_ai,1,0.4,1.8147145790201
11744,translated,1,0.4,2.0806968441308693
11745,substituted,1,0.4,1.0643576253695473
11746,paraphrased,1,0.4,0.7675878727628804
11747,mixed_text,1,0.4,1.3895983785836734
11748,human_baseline,0,0.4,1.0220546114627906
11749,original_ai,1,0.4,2.0509993566430147
11750,translated,1,0.4,1.6726471455215002
11751,substituted,1,0.4,1.1940915587638754
11752,paraphrased,1,0.4,1.3131224357944116
11753,mixed_text,1,0.4,1.3094835682179855
11754,human_baseline,0,0.4,1.075811413352706
11755,original_ai,1,0.4,1.5014346711263018
11756,translated,1,0.4,1.1687421480519462
11757,substituted,1,0.4,1.1969631798889266
11758,paraphrased,1,0.4,1.155175303200921
11759,mixed_text,1,0.4,1.3210964454730083
11760,human_baseline,0,0.4,0.9445103184205758
11761,original_ai,1,0.4,1.6423089180247088
11762,translated,1,0.4,1.2353245452315715
11763,substituted,1,0.4,1.0955179962192
11764,paraphrased,1,0.4,1.2397726003370462
11765,mixed_text,1,0.4,1.032533741127971
11766,human_baseline,0,0.4,0.9735386310938264
11767,original_ai,1,0.4,2.62000544265455
11768,translated,1,0.4,1.7965541598137738
11769,substituted,1,0.4,1.1334412141599357
11770,paraphrased,1,0.4,1.2599280795406895
11771,mixed_text,1,0.4,1.418259553518017
11772,human_baseline,0,0.4,0.9651577794786976
11773,original_ai,1,0.4,1.0468531856213317
11774,translated,1,0.4,1.4598299219818838
11775,substituted,1,0.4,1.177022233271649
11776,paraphrased,1,0.4,0.8932427370851425
11777,mixed_text,1,0.4,1.626606182210351
11778,human_baseline,0,0.4,0.9578040990820316
11779,original_ai,1,0.4,2.219096776740529
11780,translated,1,0.4,2.243503360316611
11781,substituted,1,0.4,0.8746786372327989
11782,paraphrased,1,0.4,0.9126127419071072
11783,mixed_text,1,0.4,1.062012024558571
11784,human_baseline,0,0.4,0.9623014826111952
11785,original_ai,1,0.4,2.187219658329421
11786,translated,1,0.4,1.5849776711768442
11787,substituted,1,0.4,1.881772078883278
11788,paraphrased,1,0.4,1.4658536103594813
11789,mixed_text,1,0.4,1.642479820013889
11790,human_baseline,0,0.4,1.0105964701405712
11791,original_ai,1,0.4,1.61009038316152
11792,translated,1,0.4,1.4529723764386886
11793,substituted,1,0.4,1.5260060285486503
11794,paraphrased,1,0.4,0.8253452290154677
11795,mixed_text,1,0.4,1.1198057387684786
11796,human_baseline,0,0.4,1.0507405255609914
11797,original_ai,1,0.4,1.8521588992139908
11798,translated,1,0.4,1.9028856443902729
11799,substituted,1,0.4,1.179184084653886
11800,paraphrased,1,0.4,1.2141381085120244
11801,mixed_text,1,0.4,1.3810122782970815
11802,human_baseline,0,0.4,1.1045797952104808
11803,original_ai,1,0.4,1.5297724412740643
11804,translated,1,0.4,1.7831231559346945
11805,substituted,1,0.4,1.352947680719531
11806,paraphrased,1,0.4,1.3876399222935878
11807,mixed_text,1,0.4,1.0855694071817152
11808,human_baseline,0,0.4,0.9541101368671588
11809,original_ai,1,0.4,1.522894143332227
11810,translated,1,0.4,1.5154212213157308
11811,substituted,1,0.4,1.0160046146939186
11812,paraphrased,1,0.4,0.9756090803893128
11813,mixed_text,1,0.4,1.0731837579079444
11814,human_baseline,0,0.4,1.1284974910767525
11815,original_ai,1,0.4,1.8040756546832688
11816,translated,1,0.4,1.8224440332675385
11817,substituted,1,0.4,1.1425317916687348
11818,paraphrased,1,0.4,1.2632764722573615
11819,mixed_text,1,0.4,1.4106634937167215
11820,human_baseline,0,0.4,1.0957704106061914
11821,original_ai,1,0.4,2.122910370821769
11822,translated,1,0.4,1.5714154029448069
11823,substituted,1,0.4,1.1826243257954183
11824,paraphrased,1,0.4,1.066300481341556
11825,mixed_text,1,0.4,1.4587733391989703
11826,human_baseline,0,0.4,0.9264980461489154
11827,original_ai,1,0.4,1.138847318593898
11828,translated,1,0.4,1.3320347976554656
11829,substituted,1,0.4,0.9306815891206984
11830,paraphrased,1,0.4,0.8844386834344321
11831,mixed_text,1,0.4,1.3015328857600597
11832,human_baseline,0,0.4,1.0007597148245018
11833,original_ai,1,0.4,1.6075072012836022
11834,translated,1,0.4,1.2739414873126564
11835,substituted,1,0.4,1.037175640102361
11836,paraphrased,1,0.4,1.3141258918333414
11837,mixed_text,1,0.4,1.3871533545973171
11838,human_baseline,0,0.4,0.8776709862515888
11839,original_ai,1,0.4,1.3720538128879314
11840,translated,1,0.4,1.275352847512193
11841,substituted,1,0.4,1.0322246899630705
11842,paraphrased,1,0.4,1.0969013802731262
11843,mixed_text,1,0.4,1.376317085551984
11844,human_baseline,0,0.4,1.410990799432308
11845,original_ai,1,0.4,1.879798110230948
11846,translated,1,0.4,1.8731351088387196
11847,substituted,1,0.4,1.2617531966920077
11848,paraphrased,1,0.4,1.4026610472136265
11849,mixed_text,1,0.4,1.119956055880171
11850,human_baseline,0,0.4,1.063048314115037
11851,original_ai,1,0.4,1.9002768265845555
11852,translated,1,0.4,1.466552979785007
11853,substituted,1,0.4,0.8134970242363776
11854,paraphrased,1,0.4,1.088286269729976
11855,mixed_text,1,0.4,1.548702391850115
11856,human_baseline,0,0.4,0.8543465658786368
11857,original_ai,1,0.4,2.9281076843571308
11858,translated,1,0.4,1.3197376646561692
11859,substituted,1,0.4,1.0402246266152444
11860,paraphrased,1,0.4,1.3193980671228618
11861,mixed_text,1,0.4,1.2212740036675305
11862,human_baseline,0,0.4,1.2877603082899538
11863,original_ai,1,0.4,1.195485076277568
11864,translated,1,0.4,1.0556594105441144
11865,substituted,1,0.4,0.8414815478310602
11866,paraphrased,1,0.4,0.7812590097549038
11867,mixed_text,1,0.4,1.6260579635832533
11868,human_baseline,0,0.4,0.9932498128682884
11869,original_ai,1,0.4,1.3137228644347243
11870,translated,1,0.4,1.4890992736329602
11871,substituted,1,0.4,1.4505898011715006
11872,paraphrased,1,0.4,1.7480163860481406
11873,mixed_text,1,0.4,1.2213522655432056
11874,human_baseline,0,0.4,1.0290747326261636
11875,original_ai,1,0.4,2.020046895480158
11876,translated,1,0.4,1.6262368217855516
11877,substituted,1,0.4,1.0860019861010028
11878,paraphrased,1,0.4,0.6327549464895275
11879,mixed_text,1,0.4,1.5717828135459837
11880,human_baseline,0,0.4,0.849027412504213
11881,original_ai,1,0.4,2.151002661906237
11882,translated,1,0.4,1.3145245407289126
11883,substituted,1,0.4,1.6552874154662307
11884,paraphrased,1,0.4,1.7294725370678885
11885,mixed_text,1,0.4,1.5600332417181189
11886,human_baseline,0,0.4,0.8319589637715453
11887,original_ai,1,0.4,2.529005870193944
11888,translated,1,0.4,1.6333668187394434
11889,substituted,1,0.4,0.9935354596651208
11890,paraphrased,1,0.4,0.5410369523165771
11891,mixed_text,1,0.4,1.0409473456195777
11892,human_baseline,0,0.4,1.1617079154992145
11893,original_ai,1,0.4,1.4336563954447452
11894,translated,1,0.4,1.3440656298046545
11895,substituted,1,0.4,1.0036858424960835
11896,paraphrased,1,0.4,1.2992708507279598
11897,mixed_text,1,0.4,1.0012933120397938
11898,human_baseline,0,0.4,0.9104374469578986
11899,original_ai,1,0.4,1.975491747842823
11900,translated,1,0.4,1.015328346694787
11901,substituted,1,0.4,1.1677274944655929
11902,paraphrased,1,0.4,0.9170956003970926
11903,mixed_text,1,0.4,1.3225791367789506
11904,human_baseline,0,0.4,0.9643838789940028
11905,original_ai,1,0.4,1.5031737285625653
11906,translated,1,0.4,1.2679736346257062
11907,substituted,1,0.4,1.1376316034921936
11908,paraphrased,1,0.4,1.425767712699957
11909,mixed_text,1,0.4,1.1136696393013124
11910,human_baseline,0,0.4,0.7154779415838871
11911,original_ai,1,0.4,1.4736010077939956
11912,translated,1,0.4,1.369195119347453
11913,substituted,1,0.4,1.3586686635320986
11914,paraphrased,1,0.4,1.2243191143169436
11915,mixed_text,1,0.4,1.2061703115572633
11916,human_baseline,0,0.4,1.0962098380546423
11917,original_ai,1,0.4,1.3400141666620615
11918,translated,1,0.4,1.8688592966857356
11919,substituted,1,0.4,0.8262161124647435
11920,paraphrased,1,0.4,0.8765623454036693
11921,mixed_text,1,0.4,1.3155949350221607
11922,human_baseline,0,0.4,0.9596227846903588
11923,original_ai,1,0.4,2.2436302261576286
11924,translated,1,0.4,1.492721873070027
11925,substituted,1,0.4,1.3458458464415404
11926,paraphrased,1,0.4,0.9768170992539144
11927,mixed_text,1,0.4,1.080624314028548
11928,human_baseline,0,0.4,1.1180904665849754
11929,original_ai,1,0.4,2.9235733475852874
11930,translated,1,0.4,1.88305128635351
11931,substituted,1,0.4,1.031914020052873
11932,paraphrased,1,0.4,1.7235894999126806
11933,mixed_text,1,0.4,1.461443458507106
11934,human_baseline,0,0.4,1.0892661159875403
11935,original_ai,1,0.4,1.3330429823266372
11936,translated,1,0.4,0.9174840006833384
11937,substituted,1,0.4,1.1383812435310623
11938,paraphrased,1,0.4,1.000846342577605
11939,mixed_text,1,0.4,1.2173839623651248
11940,human_baseline,0,0.4,1.1538447403428311
11941,original_ai,1,0.4,1.6427501933565185
11942,translated,1,0.4,0.9598333670353256
11943,substituted,1,0.4,1.6038490762245008
11944,paraphrased,1,0.4,0.9314677617434488
11945,mixed_text,1,0.4,1.0572679404436949
11946,human_baseline,0,0.4,0.7639483282637836
11947,original_ai,1,0.4,1.7561549912680552
11948,translated,1,0.4,1.4780432400788155
11949,substituted,1,0.4,1.2623680707716374
11950,paraphrased,1,0.4,0.9556562987160996
11951,mixed_text,1,0.4,1.003244213676222
11952,human_baseline,0,0.4,1.0108803891915474
11953,original_ai,1,0.4,1.930874309934854
11954,translated,1,0.4,2.606347836144971
11955,substituted,1,0.4,1.486687066390027
11956,paraphrased,1,0.4,0.9229085859892447
11957,mixed_text,1,0.4,1.7497835155940364
11958,human_baseline,0,0.4,0.8007555935691594
11959,original_ai,1,0.4,3.28168404643577
11960,translated,1,0.4,2.314085230685172
11961,substituted,1,0.4,1.0015802794516282
11962,paraphrased,1,0.4,0.9423428274289012
11963,mixed_text,1,0.4,0.9782551988808208
11964,human_baseline,0,0.4,0.8886853789264736
11965,original_ai,1,0.4,2.0210176786188248
11966,translated,1,0.4,1.5454855077891936
11967,substituted,1,0.4,1.2503703318547994
11968,paraphrased,1,0.4,0.7345079464199511
11969,mixed_text,1,0.4,1.1113074801907985
11970,human_baseline,0,0.4,0.979654667857017
11971,original_ai,1,0.4,1.5637693274214974
11972,translated,1,0.4,1.490333044491418
11973,substituted,1,0.4,2.209353050248916
11974,paraphrased,1,0.4,1.406335485434382
11975,mixed_text,1,0.4,1.2847726216609696
11976,human_baseline,0,0.4,1.15463445800798
11977,original_ai,1,0.4,3.249079409362548
11978,translated,1,0.4,2.0851605368360437
11979,substituted,1,0.4,1.443110116870258
11980,paraphrased,1,0.4,1.9646552965240864
11981,mixed_text,1,0.4,2.2364809093789586
11982,human_baseline,0,0.4,1.0091396573242306
11983,original_ai,1,0.4,1.7772249740479635
11984,translated,1,0.4,1.320083293585228
11985,substituted,1,0.4,1.110682006319652
11986,paraphrased,1,0.4,1.0101805440802545
11987,mixed_text,1,0.4,1.1992344715634158
11988,human_baseline,0,0.4,1.2084314931946032
11989,original_ai,1,0.4,1.5640641065649592
11990,translated,1,0.4,1.2492555279413722
11991,substituted,1,0.4,1.1812761234942435
11992,paraphrased,1,0.4,0.9768011737109722
11993,mixed_text,1,0.4,1.4298505230969625
11994,human_baseline,0,0.4,1.1059726853819634
11995,original_ai,1,0.4,1.9123643626371043
11996,translated,1,0.4,1.2396072355828411
11997,substituted,1,0.4,1.343512280110203
11998,paraphrased,1,0.4,1.0720098955732893
11999,mixed_text,1,0.4,1.4177861618392047
12000,human_baseline,0,0.5,0.9207831960849182
12001,original_ai,1,0.5,1.3760334504600766
12002,translated,1,0.5,1.5528766961674436
12003,substituted,1,0.5,1.096547163428219
12004,paraphrased,1,0.5,1.0746850058933657
12005,mixed_text,1,0.5,1.067766269719103
12006,human_baseline,0,0.5,1.66372542019828
12007,original_ai,1,0.5,1.7102991180557854
12008,translated,1,0.5,1.3984694129160906
12009,substituted,1,0.5,1.20061188173045
12010,paraphrased,1,0.5,1.0266880798906466
12011,mixed_text,1,0.5,1.907831900246962
12012,human_baseline,0,0.5,1.013496416162586
12013,original_ai,1,0.5,1.15350993691798
12014,translated,1,0.5,0.9734297491349152
12015,substituted,1,0.5,1.2572306497770604
12016,paraphrased,1,0.5,0.9840469382436908
12017,mixed_text,1,0.5,1.0688914888865844
12018,human_baseline,0,0.5,0.8545675657130186
12019,original_ai,1,0.5,1.7393434701993138
12020,translated,1,0.5,1.7508807795879069
12021,substituted,1,0.5,1.1697339224398864
12022,paraphrased,1,0.5,1.1638352421429334
12023,mixed_text,1,0.5,1.1604155603861772
12024,human_baseline,0,0.5,1.100829152851953
12025,original_ai,1,0.5,1.819289054382465
12026,translated,1,0.5,1.5004917689460218
12027,substituted,1,0.5,1.589942735967952
12028,paraphrased,1,0.5,1.3720651581334182
12029,mixed_text,1,0.5,1.6010790965131456
12030,human_baseline,0,0.5,0.8324831114220285
12031,original_ai,1,0.5,1.6219565616542553
12032,translated,1,0.5,1.5262287488059838
12033,substituted,1,0.5,1.267902748321816
12034,paraphrased,1,0.5,1.0020934944577105
12035,mixed_text,1,0.5,1.200093206408202
12036,human_baseline,0,0.5,0.9514676181195686
12037,original_ai,1,0.5,1.5042990543873276
12038,translated,1,0.5,1.096075604713833
12039,substituted,1,0.5,1.0665753642808171
12040,paraphrased,1,0.5,0.6239999865456197
12041,mixed_text,1,0.5,1.2374286250700637
12042,human_baseline,0,0.5,1.1021383215595566
12043,original_ai,1,0.5,1.8366611918590297
12044,translated,1,0.5,1.835629392768988
12045,substituted,1,0.5,1.1329750854370857
12046,paraphrased,1,0.5,1.184372647262664
12047,mixed_text,1,0.5,1.3450819190183576
12048,human_baseline,0,0.5,0.7055828056724794
12049,original_ai,1,0.5,1.3533438951269108
12050,translated,1,0.5,1.280756811854964
12051,substituted,1,0.5,1.2700976134138249
12052,paraphrased,1,0.5,0.8513033077856882
12053,mixed_text,1,0.5,0.9552628000098548
12054,human_baseline,0,0.5,0.8142027035708588
12055,original_ai,1,0.5,2.2109964955421364
12056,translated,1,0.5,1.8006127909506573
12057,substituted,1,0.5,1.361054735835618
12058,paraphrased,1,0.5,0.94181447690894
12059,mixed_text,1,0.5,1.3688891720884837
12060,human_baseline,0,0.5,0.8172155796436433
12061,original_ai,1,0.5,2.68712241544884
12062,translated,1,0.5,1.9489015022857996
12063,substituted,1,0.5,0.7633402135856837
12064,paraphrased,1,0.5,0.954056121256848
12065,mixed_text,1,0.5,1.0960940225406552
12066,human_baseline,0,0.5,1.0467702262239058
12067,original_ai,1,0.5,1.7529704270418394
12068,translated,1,0.5,1.8486417352562097
12069,substituted,1,0.5,1.017334061274487
12070,paraphrased,1,0.5,1.149238250951828
12071,mixed_text,1,0.5,1.173577376847755
12072,human_baseline,0,0.5,1.05573647590917
12073,original_ai,1,0.5,1.9813412364807728
12074,translated,1,0.5,2.301003129227062
12075,substituted,1,0.5,1.7354143335598429
12076,paraphrased,1,0.5,1.421311545514791
12077,mixed_text,1,0.5,0.8839719480901319
12078,human_baseline,0,0.5,0.9335246340656604
12079,original_ai,1,0.5,2.1848430266331134
12080,translated,1,0.5,1.9092584257999223
12081,substituted,1,0.5,1.1340399822145069
12082,paraphrased,1,0.5,1.7978802895342485
12083,mixed_text,1,0.5,1.1324098177006798
12084,human_baseline,0,0.5,0.8839247980440874
12085,original_ai,1,0.5,2.047240115907227
12086,translated,1,0.5,1.366104518497841
12087,substituted,1,0.5,1.472492637855071
12088,paraphrased,1,0.5,1.1017111987126935
12089,mixed_text,1,0.5,1.0220426432511054
12090,human_baseline,0,0.5,1.0038821371242594
12091,original_ai,1,0.5,1.7835022278826624
12092,translated,1,0.5,1.5945487035710038
12093,substituted,1,0.5,0.9557536158017416
12094,paraphrased,1,0.5,1.2610617489190972
12095,mixed_text,1,0.5,1.5958437817526825
12096,human_baseline,0,0.5,0.7107685207686103
12097,original_ai,1,0.5,1.8131765730951332
12098,translated,1,0.5,1.5666041996501392
12099,substituted,1,0.5,1.9491650285168705
12100,paraphrased,1,0.5,1.4822421766273215
12101,mixed_text,1,0.5,0.697198195393404
12102,human_baseline,0,0.5,1.022044920060437
12103,original_ai,1,0.5,1.4912328290163783
12104,translated,1,0.5,1.4167762886839963
12105,substituted,1,0.5,1.2135957427554995
12106,paraphrased,1,0.5,0.9073236955234348
12107,mixed_text,1,0.5,1.2639420312266885
12108,human_baseline,0,0.5,1.467626860822387
12109,original_ai,1,0.5,1.5330193380752
12110,translated,1,0.5,2.0769520235413363
12111,substituted,1,0.5,1.0489283915774197
12112,paraphrased,1,0.5,1.0061013665993752
12113,mixed_text,1,0.5,1.521379463334996
12114,human_baseline,0,0.5,0.9980994025942111
12115,original_ai,1,0.5,1.5543953027310011
12116,translated,1,0.5,1.4799145206311035
12117,substituted,1,0.5,1.0443786660599528
12118,paraphrased,1,0.5,1.3224308565662224
12119,mixed_text,1,0.5,1.1519174762010662
12120,human_baseline,0,0.5,1.2823540751441498
12121,original_ai,1,0.5,1.8079932663713751
12122,translated,1,0.5,1.2619016368845446
12123,substituted,1,0.5,1.3383963465702613
12124,paraphrased,1,0.5,0.8269725857018185
12125,mixed_text,1,0.5,1.629193452982005
12126,human_baseline,0,0.5,0.9082443730842747
12127,original_ai,1,0.5,2.461577738162842
12128,translated,1,0.5,1.7784180043762108
12129,substituted,1,0.5,1.5389595727959988
12130,paraphrased,1,0.5,1.4965227304318194
12131,mixed_text,1,0.5,1.2107509376912249
12132,human_baseline,0,0.5,1.148279464408409
12133,original_ai,1,0.5,1.418203909731157
12134,translated,1,0.5,1.3405201118585297
12135,substituted,1,0.5,1.3167193736288465
12136,paraphrased,1,0.5,1.0523314710249585
12137,mixed_text,1,0.5,1.4830177404057787
12138,human_baseline,0,0.5,0.6408883527790565
12139,original_ai,1,0.5,2.8079861635426866
12140,translated,1,0.5,1.6116319364991265
12141,substituted,1,0.5,1.3823146922103895
12142,paraphrased,1,0.5,1.4716935800181492
12143,mixed_text,1,0.5,0.8123054640589645
12144,human_baseline,0,0.5,0.906351026604765
12145,original_ai,1,0.5,1.2287384114805229
12146,translated,1,0.5,1.1635275671064078
12147,substituted,1,0.5,1.2107488765920098
12148,paraphrased,1,0.5,0.7991561220202229
12149,mixed_text,1,0.5,1.0266902030943912
12150,human_baseline,0,0.5,0.8918551805433541
12151,original_ai,1,0.5,2.119315742351947
12152,translated,1,0.5,0.9525860837049538
12153,substituted,1,0.5,1.033820152468215
12154,paraphrased,1,0.5,0.9152304661747837
12155,mixed_text,1,0.5,1.0496916269880316
12156,human_baseline,0,0.5,1.0465741513670197
12157,original_ai,1,0.5,2.4869230145023304
12158,translated,1,0.5,1.6472539937715962
12159,substituted,1,0.5,1.0329078120795236
12160,paraphrased,1,0.5,1.2857906705104962
12161,mixed_text,1,0.5,1.1127314244892907
12162,human_baseline,0,0.5,0.8464140262117811
12163,original_ai,1,0.5,1.9891606190176756
12164,translated,1,0.5,1.698962352926387
12165,substituted,1,0.5,1.4831290500015
12166,paraphrased,1,0.5,0.875769013631445
12167,mixed_text,1,0.5,1.3232622046395606
12168,human_baseline,0,0.5,1.2129897075107012
12169,original_ai,1,0.5,2.214580546418611
12170,translated,1,0.5,1.883022302030096
12171,substituted,1,0.5,2.442129897003812
12172,paraphrased,1,0.5,0.8550903921643316
12173,mixed_text,1,0.5,2.680969848653828
12174,human_baseline,0,0.5,1.0126840013821716
12175,original_ai,1,0.5,2.0406748321874275
12176,translated,1,0.5,1.4113753774798758
12177,substituted,1,0.5,1.1081343363318072
12178,paraphrased,1,0.5,0.9035187485756928
12179,mixed_text,1,0.5,1.3062902251672517
12180,human_baseline,0,0.5,1.067069771966284
12181,original_ai,1,0.5,2.043448022550581
12182,translated,1,0.5,1.961953357425609
12183,substituted,1,0.5,1.3112273116095976
12184,paraphrased,1,0.5,1.2775220083949248
12185,mixed_text,1,0.5,0.926314867450908
12186,human_baseline,0,0.5,0.7715341142838895
12187,original_ai,1,0.5,2.1859726407158613
12188,translated,1,0.5,1.2491174082231664
12189,substituted,1,0.5,1.309346511906311
12190,paraphrased,1,0.5,1.3391547349972777
12191,mixed_text,1,0.5,1.176084629821968
12192,human_baseline,0,0.5,0.6656000979580519
12193,original_ai,1,0.5,2.3415892018253945
12194,translated,1,0.5,1.284453124439633
12195,substituted,1,0.5,1.2793075444966169
12196,paraphrased,1,0.5,0.8601055531081241
12197,mixed_text,1,0.5,0.8179388146151403
12198,human_baseline,0,0.5,1.4424890347819077
12199,original_ai,1,0.5,2.3899642764267908
12200,translated,1,0.5,1.250298874697454
12201,substituted,1,0.5,0.9105424422423836
12202,paraphrased,1,0.5,0.994533786621152
12203,mixed_text,1,0.5,1.3923506366837652
12204,human_baseline,0,0.5,0.9103716781315396
12205,original_ai,1,0.5,2.100719298105695
12206,translated,1,0.5,2.033829040603007
12207,substituted,1,0.5,1.361006706165017
12208,paraphrased,1,0.5,1.4832281947262125
12209,mixed_text,1,0.5,1.2383054763736825
12210,human_baseline,0,0.5,0.8769083184702197
12211,original_ai,1,0.5,4.578744665810345
12212,translated,1,0.5,2.231445982055746
12213,substituted,1,0.5,1.2091086579959442
12214,paraphrased,1,0.5,0.8934305587891134
12215,mixed_text,1,0.5,1.7409636650131914
12216,human_baseline,0,0.5,1.0040121336566037
12217,original_ai,1,0.5,1.7055103519444776
12218,translated,1,0.5,1.3895819964528948
12219,substituted,1,0.5,1.464062172512362
12220,paraphrased,1,0.5,1.03030447409319
12221,mixed_text,1,0.5,1.494300329586919
12222,human_baseline,0,0.5,1.236835750244353
12223,original_ai,1,0.5,1.110411188724176
12224,translated,1,0.5,1.0989032461236008
12225,substituted,1,0.5,1.0760287224549006
12226,paraphrased,1,0.5,1.0187726546186662
12227,mixed_text,1,0.5,1.0448063674323214
12228,human_baseline,0,0.5,0.7242678955977978
12229,original_ai,1,0.5,1.0884267934709344
12230,translated,1,0.5,1.2828994716115285
12231,substituted,1,0.5,0.970145106485438
12232,paraphrased,1,0.5,1.1529952114597246
12233,mixed_text,1,0.5,0.7091918184448119
12234,human_baseline,0,0.5,2.0403572099741765
12235,original_ai,1,0.5,1.337755432836173
12236,translated,1,0.5,1.0932817355768438
12237,substituted,1,0.5,1.4631468895410402
12238,paraphrased,1,0.5,0.8046835294214276
12239,mixed_text,1,0.5,1.9673371260988368
12240,human_baseline,0,0.5,1.1594101103042067
12241,original_ai,1,0.5,2.3313609090343745
12242,translated,1,0.5,1.4758403043766586
12243,substituted,1,0.5,0.8336724146549558
12244,paraphrased,1,0.5,1.8192116157574392
12245,mixed_text,1,0.5,1.3591387120291398
12246,human_baseline,0,0.5,0.8322095149518584
12247,original_ai,1,0.5,3.122659054527708
12248,translated,1,0.5,2.232056829025012
12249,substituted,1,0.5,1.1757260982670052
12250,paraphrased,1,0.5,1.5361368165465386
12251,mixed_text,1,0.5,1.1051184451300626
12252,human_baseline,0,0.5,0.765968102049844
12253,original_ai,1,0.5,1.257474740503076
12254,translated,1,0.5,1.5784212357192844
12255,substituted,1,0.5,1.6790578751611538
12256,paraphrased,1,0.5,1.3394993893640617
12257,mixed_text,1,0.5,1.319803313043295
12258,human_baseline,0,0.5,0.7833817199488304
12259,original_ai,1,0.5,2.1645971949661966
12260,translated,1,0.5,1.3595761601875336
12261,substituted,1,0.5,0.990838380882655
12262,paraphrased,1,0.5,1.1406207078179404
12263,mixed_text,1,0.5,0.929137168512783
12264,human_baseline,0,0.5,1.3316942284383462
12265,original_ai,1,0.5,1.7212579898545668
12266,translated,1,0.5,1.8914000021109936
12267,substituted,1,0.5,1.0797103794892828
12268,paraphrased,1,0.5,2.069238853754144
12269,mixed_text,1,0.5,2.252217676090011
12270,human_baseline,0,0.5,1.0589409411659376
12271,original_ai,1,0.5,2.2923205594700464
12272,translated,1,0.5,1.694008122418753
12273,substituted,1,0.5,1.303640293600656
12274,paraphrased,1,0.5,1.18277537242189
12275,mixed_text,1,0.5,1.1766499566315618
12276,human_baseline,0,0.5,1.019755546563738
12277,original_ai,1,0.5,1.4069091198982535
12278,translated,1,0.5,1.3553374354191032
12279,substituted,1,0.5,1.4000182648272934
12280,paraphrased,1,0.5,1.157952019177872
12281,mixed_text,1,0.5,1.21720291276863
12282,human_baseline,0,0.5,0.7093144104049721
12283,original_ai,1,0.5,1.112036591804593
12284,translated,1,0.5,0.954009363213677
12285,substituted,1,0.5,0.9899353376319162
12286,paraphrased,1,0.5,0.7781193296669744
12287,mixed_text,1,0.5,0.7698703167488865
12288,human_baseline,0,0.5,0.8817880677135516
12289,original_ai,1,0.5,2.521745935941901
12290,translated,1,0.5,2.0496974208504515
12291,substituted,1,0.5,1.3628090324954114
12292,paraphrased,1,0.5,0.9984875975058802
12293,mixed_text,1,0.5,1.4526605227050289
12294,human_baseline,0,0.5,1.1143804757942728
12295,original_ai,1,0.5,1.5765941066169855
12296,translated,1,0.5,1.174276231942193
12297,substituted,1,0.5,1.0286331399879995
12298,paraphrased,1,0.5,0.7343126294406012
12299,mixed_text,1,0.5,1.1225386371113777
12300,human_baseline,0,0.5,1.0988104742632323
12301,original_ai,1,0.5,1.808946243547917
12302,translated,1,0.5,2.111458435256806
12303,substituted,1,0.5,1.8199501251433368
12304,paraphrased,1,0.5,1.2154788119162705
12305,mixed_text,1,0.5,1.6039579171026852
12306,human_baseline,0,0.5,0.7494876004401323
12307,original_ai,1,0.5,1.5499642935977893
12308,translated,1,0.5,1.4724065282761576
12309,substituted,1,0.5,1.9215270194005132
12310,paraphrased,1,0.5,1.1525063160690248
12311,mixed_text,1,0.5,0.758649413741074
12312,human_baseline,0,0.5,1.5513264808657985
12313,original_ai,1,0.5,1.85140050578753
12314,translated,1,0.5,1.4850748958029756
12315,substituted,1,0.5,1.2948342407349698
12316,paraphrased,1,0.5,1.1071771936930537
12317,mixed_text,1,0.5,1.160814320868589
12318,human_baseline,0,0.5,0.7008875346905604
12319,original_ai,1,0.5,2.432600853649648
12320,translated,1,0.5,1.649565752884489
12321,substituted,1,0.5,0.9481575378645826
12322,paraphrased,1,0.5,0.986086009238986
12323,mixed_text,1,0.5,1.0320640227470774
12324,human_baseline,0,0.5,1.0543603959998191
12325,original_ai,1,0.5,2.036695065225349
12326,translated,1,0.5,1.485877823072988
12327,substituted,1,0.5,1.1135201396731784
12328,paraphrased,1,0.5,1.3135255901921523
12329,mixed_text,1,0.5,1.3000061555667743
12330,human_baseline,0,0.5,1.0914195603665393
12331,original_ai,1,0.5,1.998925598792704
12332,translated,1,0.5,1.3864493268182676
12333,substituted,1,0.5,0.9240595436645168
12334,paraphrased,1,0.5,1.3735703531448469
12335,mixed_text,1,0.5,1.293662519606212
12336,human_baseline,0,0.5,0.8984717255582307
12337,original_ai,1,0.5,1.8885826317322816
12338,translated,1,0.5,1.5764497839821632
12339,substituted,1,0.5,1.3616433092837443
12340,paraphrased,1,0.5,0.7743035273207618
12341,mixed_text,1,0.5,1.558198228633724
12342,human_baseline,0,0.5,1.2082003149235427
12343,original_ai,1,0.5,1.3027250796561107
12344,translated,1,0.5,0.9554445751728246
12345,substituted,1,0.5,0.7760104423495329
12346,paraphrased,1,0.5,0.9471870059026556
12347,mixed_text,1,0.5,1.450261919944111
12348,human_baseline,0,0.5,1.021258748410062
12349,original_ai,1,0.5,1.9604535085792807
12350,translated,1,0.5,1.4935789953249432
12351,substituted,1,0.5,1.5301956360609743
12352,paraphrased,1,0.5,0.9142449990491784
12353,mixed_text,1,0.5,1.2115813504419066
12354,human_baseline,0,0.5,1.3250990659642905
12355,original_ai,1,0.5,1.8384369145853885
12356,translated,1,0.5,1.3250482253959115
12357,substituted,1,0.5,1.0707387543095657
12358,paraphrased,1,0.5,0.9893067225113094
12359,mixed_text,1,0.5,1.3190862972598774
12360,human_baseline,0,0.5,0.798575154005456
12361,original_ai,1,0.5,2.1477418616132384
12362,translated,1,0.5,1.3658196203140096
12363,substituted,1,0.5,1.0924068345570173
12364,paraphrased,1,0.5,0.8046183353871075
12365,mixed_text,1,0.5,0.84020968595636
12366,human_baseline,0,0.5,1.115481911417728
12367,original_ai,1,0.5,1.8814376080376385
12368,translated,1,0.5,2.089259049898978
12369,substituted,1,0.5,1.9660610389214173
12370,paraphrased,1,0.5,1.452219817478433
12371,mixed_text,1,0.5,1.6336547024125485
12372,human_baseline,0,0.5,1.3510231668077777
12373,original_ai,1,0.5,1.296229168310877
12374,translated,1,0.5,1.2606526509816252
12375,substituted,1,0.5,1.0462267377665524
12376,paraphrased,1,0.5,1.2182951451139064
12377,mixed_text,1,0.5,0.9742921548909864
12378,human_baseline,0,0.5,0.9352036441179378
12379,original_ai,1,0.5,2.3404052370363777
12380,translated,1,0.5,1.6163374809503457
12381,substituted,1,0.5,0.8787992764818382
12382,paraphrased,1,0.5,1.493322765850007
12383,mixed_text,1,0.5,1.435098353945714
12384,human_baseline,0,0.5,0.8779104331474479
12385,original_ai,1,0.5,2.402073608393968
12386,translated,1,0.5,1.595930554289061
12387,substituted,1,0.5,1.6452106750926605
12388,paraphrased,1,0.5,1.2689566857230212
12389,mixed_text,1,0.5,1.7915224424143803
12390,human_baseline,0,0.5,0.9166687741449568
12391,original_ai,1,0.5,2.316171008860942
12392,translated,1,0.5,1.2408677824667231
12393,substituted,1,0.5,1.3121385075258984
12394,paraphrased,1,0.5,1.01228595226969
12395,mixed_text,1,0.5,0.9776994480192124
12396,human_baseline,0,0.5,0.8465904942624674
12397,original_ai,1,0.5,1.4866700064847136
12398,translated,1,0.5,1.2988909064582266
12399,substituted,1,0.5,0.82578177496881
12400,paraphrased,1,0.5,1.2157136607022658
12401,mixed_text,1,0.5,1.3258547805902292
12402,human_baseline,0,0.5,1.152633183107566
12403,original_ai,1,0.5,1.2405300379530382
12404,translated,1,0.5,0.941203984023201
12405,substituted,1,0.5,0.8949065129004272
12406,paraphrased,1,0.5,0.9460042017360982
12407,mixed_text,1,0.5,1.1175416135632077
12408,human_baseline,0,0.5,0.91535643310507
12409,original_ai,1,0.5,1.3615345262434626
12410,translated,1,0.5,1.3113189834657983
12411,substituted,1,0.5,1.440849470473752
12412,paraphrased,1,0.5,0.8847973866742057
12413,mixed_text,1,0.5,1.1671480954112898
12414,human_baseline,0,0.5,0.7925306071146804
12415,original_ai,1,0.5,3.239326446920557
12416,translated,1,0.5,2.551131571160289
12417,substituted,1,0.5,1.0285359719910614
12418,paraphrased,1,0.5,1.1199743838105112
12419,mixed_text,1,0.5,0.841343280390923
12420,human_baseline,0,0.5,0.9038607250630296
12421,original_ai,1,0.5,2.539985188901816
12422,translated,1,0.5,0.9872433884437916
12423,substituted,1,0.5,1.0255122727845083
12424,paraphrased,1,0.5,1.0884352493418348
12425,mixed_text,1,0.5,1.0722662223727364
12426,human_baseline,0,0.5,0.9230544106823064
12427,original_ai,1,0.5,2.140136411341401
12428,translated,1,0.5,1.302875722064421
12429,substituted,1,0.5,0.8478083662933893
12430,paraphrased,1,0.5,1.358242232422152
12431,mixed_text,1,0.5,0.8276856227222775
12432,human_baseline,0,0.5,0.8052388133176042
12433,original_ai,1,0.5,1.2736885310200037
12434,translated,1,0.5,1.2966875047987378
12435,substituted,1,0.5,1.4973270328622612
12436,paraphrased,1,0.5,0.7060886927480189
12437,mixed_text,1,0.5,1.362434333500933
12438,human_baseline,0,0.5,0.924927350794612
12439,original_ai,1,0.5,1.9436671367907083
12440,translated,1,0.5,1.4759701692975755
12441,substituted,1,0.5,1.2786144217600126
12442,paraphrased,1,0.5,1.1541595935807747
12443,mixed_text,1,0.5,1.3848912056802265
12444,human_baseline,0,0.5,0.7856990369994699
12445,original_ai,1,0.5,1.4627014813925827
12446,translated,1,0.5,1.151201103430299
12447,substituted,1,0.5,1.1014646713897411
12448,paraphrased,1,0.5,2.03287335875529
12449,mixed_text,1,0.5,1.120716970358711
12450,human_baseline,0,0.5,1.6504449059234287
12451,original_ai,1,0.5,2.4180646576613105
12452,translated,1,0.5,1.4565505676426675
12453,substituted,1,0.5,1.2753757857890164
12454,paraphrased,1,0.5,1.2003375778046963
12455,mixed_text,1,0.5,1.6870282226044324
12456,human_baseline,0,0.5,0.8299491718648182
12457,original_ai,1,0.5,1.593468292935606
12458,translated,1,0.5,1.3544677474360112
12459,substituted,1,0.5,1.1484050364041063
12460,paraphrased,1,0.5,0.9416509125010888
12461,mixed_text,1,0.5,1.0128045312761067
12462,human_baseline,0,0.5,1.1820885969019304
12463,original_ai,1,0.5,1.809937576994657
12464,translated,1,0.5,1.6080946335952755
12465,substituted,1,0.5,0.9703638284663558
12466,paraphrased,1,0.5,1.2014928856030795
12467,mixed_text,1,0.5,1.1022402103155091
12468,human_baseline,0,0.5,1.4088755041651173
12469,original_ai,1,0.5,1.562379507090799
12470,translated,1,0.5,1.6500093033165903
12471,substituted,1,0.5,1.278470785108219
12472,paraphrased,1,0.5,0.8158390024703848
12473,mixed_text,1,0.5,1.2412658300254338
12474,human_baseline,0,0.5,1.3022496608487255
12475,original_ai,1,0.5,1.7229762072503374
12476,translated,1,0.5,1.506924213370178
12477,substituted,1,0.5,1.4674837696762024
12478,paraphrased,1,0.5,1.5667021141314317
12479,mixed_text,1,0.5,1.2744515080051335
12480,human_baseline,0,0.5,0.989133851301246
12481,original_ai,1,0.5,2.317393268236934
12482,translated,1,0.5,1.4913795731313002
12483,substituted,1,0.5,1.082132662504031
12484,paraphrased,1,0.5,1.0399582810825627
12485,mixed_text,1,0.5,0.8786591672091336
12486,human_baseline,0,0.5,0.959843805866943
12487,original_ai,1,0.5,2.3224255548082144
12488,translated,1,0.5,1.554669300518124
12489,substituted,1,0.5,0.8054672927387253
12490,paraphrased,1,0.5,0.8715981327972429
12491,mixed_text,1,0.5,1.0909245614467975
12492,human_baseline,0,0.5,1.5084267937680162
12493,original_ai,1,0.5,1.0871479864240503
12494,translated,1,0.5,1.3490586940934937
12495,substituted,1,0.5,1.0319594683847202
12496,paraphrased,1,0.5,0.6051928889667237
12497,mixed_text,1,0.5,1.4788468072561614
12498,human_baseline,0,0.5,1.0099764612836484
12499,original_ai,1,0.5,1.7192802886965703
12500,translated,1,0.5,1.1124599675664488
12501,substituted,1,0.5,0.9268119716925368
12502,paraphrased,1,0.5,1.201869606328577
12503,mixed_text,1,0.5,1.1120183422517893
12504,human_baseline,0,0.5,0.7397859887800844
12505,original_ai,1,0.5,3.053602844045481
12506,translated,1,0.5,1.8714980876875476
12507,substituted,1,0.5,0.8112842359438207
12508,paraphrased,1,0.5,0.8067948740575687
12509,mixed_text,1,0.5,1.2512760409641217
12510,human_baseline,0,0.5,1.2511738455175554
12511,original_ai,1,0.5,1.8997776014619336
12512,translated,1,0.5,1.5663323989446698
12513,substituted,1,0.5,0.8370159003868372
12514,paraphrased,1,0.5,0.7721803621976376
12515,mixed_text,1,0.5,1.260025239669231
12516,human_baseline,0,0.5,0.8476299302964118
12517,original_ai,1,0.5,1.0941228617511902
12518,translated,1,0.5,1.0785474667277342
12519,substituted,1,0.5,0.9534539083932012
12520,paraphrased,1,0.5,1.7615223263988362
12521,mixed_text,1,0.5,1.1662618707711023
12522,human_baseline,0,0.5,0.6977865800120584
12523,original_ai,1,0.5,1.283140449040279
12524,translated,1,0.5,1.629990822984786
12525,substituted,1,0.5,1.4705025917218784
12526,paraphrased,1,0.5,1.2418862526451486
12527,mixed_text,1,0.5,1.2616421997285152
12528,human_baseline,0,0.5,1.199388105958433
12529,original_ai,1,0.5,2.0231243807664776
12530,translated,1,0.5,1.755811374028912
12531,substituted,1,0.5,1.1288495117286064
12532,paraphrased,1,0.5,1.811945777148216
12533,mixed_text,1,0.5,1.0425592254472311
12534,human_baseline,0,0.5,1.1418750447692694
12535,original_ai,1,0.5,1.6652904622572922
12536,translated,1,0.5,1.552392054314485
12537,substituted,1,0.5,1.6271578922943883
12538,paraphrased,1,0.5,1.1683348727333729
12539,mixed_text,1,0.5,1.3399155442604351
12540,human_baseline,0,0.5,1.4848355950414531
12541,original_ai,1,0.5,2.4583210097486305
12542,translated,1,0.5,2.344814271204371
12543,substituted,1,0.5,0.9395769810909111
12544,paraphrased,1,0.5,1.6575276777817982
12545,mixed_text,1,0.5,1.5762189399246225
12546,human_baseline,0,0.5,0.9092292211182864
12547,original_ai,1,0.5,1.7997221576671365
12548,translated,1,0.5,1.744562604677098
12549,substituted,1,0.5,1.8324993092881965
12550,paraphrased,1,0.5,1.043882704694818
12551,mixed_text,1,0.5,1.2634346428521308
12552,human_baseline,0,0.5,0.9239931655844756
12553,original_ai,1,0.5,1.6533762891289527
12554,translated,1,0.5,1.5631705755291652
12555,substituted,1,0.5,1.2568891872271688
12556,paraphrased,1,0.5,0.5721697088575447
12557,mixed_text,1,0.5,1.1473576137044428
12558,human_baseline,0,0.5,1.100798079470097
12559,original_ai,1,0.5,2.3895567161695217
12560,translated,1,0.5,1.7793263489817
12561,substituted,1,0.5,1.5772144667745769
12562,paraphrased,1,0.5,0.9163643165162788
12563,mixed_text,1,0.5,1.6495118321152291
12564,human_baseline,0,0.5,1.005236745438267
12565,original_ai,1,0.5,2.6875200738027063
12566,translated,1,0.5,1.4836678517006956
12567,substituted,1,0.5,0.9177613068697964
12568,paraphrased,1,0.5,1.0565178908241082
12569,mixed_text,1,0.5,1.194420610019575
12570,human_baseline,0,0.5,0.926877533348391
12571,original_ai,1,0.5,1.5838437835252708
12572,translated,1,0.5,1.3544216121697263
12573,substituted,1,0.5,1.224503226542823
12574,paraphrased,1,0.5,1.2324212227344329
12575,mixed_text,1,0.5,1.4789513506057477
12576,human_baseline,0,0.5,0.602523312556134
12577,original_ai,1,0.5,1.607322210007577
12578,translated,1,0.5,1.2262461028612912
12579,substituted,1,0.5,0.966281984594038
12580,paraphrased,1,0.5,0.6253533334283671
12581,mixed_text,1,0.5,0.9207095274282492
12582,human_baseline,0,0.5,0.69345276764008
12583,original_ai,1,0.5,2.150013938756563
12584,translated,1,0.5,2.029715945278808
12585,substituted,1,0.5,1.2396767983722707
12586,paraphrased,1,0.5,0.6701076362199162
12587,mixed_text,1,0.5,0.8275121815326912
12588,human_baseline,0,0.5,0.952466229433922
12589,original_ai,1,0.5,2.00311876665317
12590,translated,1,0.5,1.5137530232309255
12591,substituted,1,0.5,1.169994927774992
12592,paraphrased,1,0.5,1.1249130434132997
12593,mixed_text,1,0.5,1.1458258438397373
12594,human_baseline,0,0.5,0.9805564552215534
12595,original_ai,1,0.5,2.191468540280728
12596,translated,1,0.5,1.85704880545887
12597,substituted,1,0.5,1.1646886255355366
12598,paraphrased,1,0.5,0.7938520551174637
12599,mixed_text,1,0.5,1.1247937209111751
12600,human_baseline,0,0.5,0.6674094266910446
12601,original_ai,1,0.5,2.568120742009595
12602,translated,1,0.5,1.7743500429124344
12603,substituted,1,0.5,0.7684067348239639
12604,paraphrased,1,0.5,1.2054784329617572
12605,mixed_text,1,0.5,1.250755979519646
12606,human_baseline,0,0.5,0.802805784460678
12607,original_ai,1,0.5,2.447675716277718
12608,translated,1,0.5,2.8262736729542697
12609,substituted,1,0.5,0.7183340058056995
12610,paraphrased,1,0.5,0.6823550562359664
12611,mixed_text,1,0.5,0.8369726632465105
12612,human_baseline,0,0.5,1.4146296686068265
12613,original_ai,1,0.5,1.5214637100669328
12614,translated,1,0.5,1.1897208905376284
12615,substituted,1,0.5,1.0648890623092888
12616,paraphrased,1,0.5,0.7827165378074913
12617,mixed_text,1,0.5,1.5325447861809858
12618,human_baseline,0,0.5,1.4505072007608943
12619,original_ai,1,0.5,1.8638231527415052
12620,translated,1,0.5,0.9836217353429902
12621,substituted,1,0.5,1.5441218028345027
12622,paraphrased,1,0.5,1.2852821916627886
12623,mixed_text,1,0.5,1.337153381964877
12624,human_baseline,0,0.5,0.8159269826799734
12625,original_ai,1,0.5,2.298712108477241
12626,translated,1,0.5,1.0314243520334485
12627,substituted,1,0.5,1.3094152166343904
12628,paraphrased,1,0.5,1.6020317814886695
12629,mixed_text,1,0.5,1.1480885214304029
12630,human_baseline,0,0.5,1.0174699323699508
12631,original_ai,1,0.5,1.415723112271604
12632,translated,1,0.5,1.1767585190297831
12633,substituted,1,0.5,1.5961144127456104
12634,paraphrased,1,0.5,1.5174992641422982
12635,mixed_text,1,0.5,1.215705476341032
12636,human_baseline,0,0.5,0.974753016302654
12637,original_ai,1,0.5,1.472980732036627
12638,translated,1,0.5,1.4182593521395546
12639,substituted,1,0.5,1.6644546755816496
12640,paraphrased,1,0.5,1.2356509359089471
12641,mixed_text,1,0.5,0.9481079605509416
12642,human_baseline,0,0.5,0.9176683794038588
12643,original_ai,1,0.5,1.814912598699779
12644,translated,1,0.5,1.6702141732346871
12645,substituted,1,0.5,1.2450955594031905
12646,paraphrased,1,0.5,1.2824863944220186
12647,mixed_text,1,0.5,1.0765507492731885
12648,human_baseline,0,0.5,1.333013263138126
12649,original_ai,1,0.5,1.5154060714729989
12650,translated,1,0.5,1.0435680229325557
12651,substituted,1,0.5,0.8622813811846695
12652,paraphrased,1,0.5,1.05601577844257
12653,mixed_text,1,0.5,1.8861986316908268
12654,human_baseline,0,0.5,0.8776672328939416
12655,original_ai,1,0.5,1.2341192558674607
12656,translated,1,0.5,1.2288564411861491
12657,substituted,1,0.5,0.8029056422061825
12658,paraphrased,1,0.5,1.4029547084851448
12659,mixed_text,1,0.5,1.2185888919347638
12660,human_baseline,0,0.5,1.0273744653372143
12661,original_ai,1,0.5,1.8860693817612963
12662,translated,1,0.5,1.540911064704421
12663,substituted,1,0.5,1.180219045183879
12664,paraphrased,1,0.5,1.612564971680645
12665,mixed_text,1,0.5,1.1835358964258005
12666,human_baseline,0,0.5,1.070838224468217
12667,original_ai,1,0.5,1.5438103914166648
12668,translated,1,0.5,2.7751448655216238
12669,substituted,1,0.5,1.161559884064408
12670,paraphrased,1,0.5,0.9892194560396576
12671,mixed_text,1,0.5,1.1234366189610738
12672,human_baseline,0,0.5,1.1604722086134718
12673,original_ai,1,0.5,1.8050470102987288
12674,translated,1,0.5,1.4097000075866843
12675,substituted,1,0.5,1.3027588870120987
12676,paraphrased,1,0.5,1.4429981445069484
12677,mixed_text,1,0.5,1.1122582778561672
12678,human_baseline,0,0.5,0.706956504497593
12679,original_ai,1,0.5,1.167370430404955
12680,translated,1,0.5,1.4899928756446574
12681,substituted,1,0.5,1.1300540722042205
12682,paraphrased,1,0.5,1.1237059202286712
12683,mixed_text,1,0.5,0.9423327629950708
12684,human_baseline,0,0.5,1.1229983706536355
12685,original_ai,1,0.5,2.086933649816249
12686,translated,1,0.5,1.182837302417877
12687,substituted,1,0.5,1.1341244801283747
12688,paraphrased,1,0.5,1.635996101780506
12689,mixed_text,1,0.5,1.1617697031355636
12690,human_baseline,0,0.5,0.8040322505626494
12691,original_ai,1,0.5,2.999125925406085
12692,translated,1,0.5,1.6706638291212783
12693,substituted,1,0.5,1.1993190276096442
12694,paraphrased,1,0.5,0.9773658243733764
12695,mixed_text,1,0.5,1.4511185292421498
12696,human_baseline,0,0.5,1.1313591147497482
12697,original_ai,1,0.5,2.157291437157301
12698,translated,1,0.5,1.9990117768701237
12699,substituted,1,0.5,1.206204221376696
12700,paraphrased,1,0.5,0.9580058253846692
12701,mixed_text,1,0.5,1.6702856791451264
12702,human_baseline,0,0.5,1.3534684747726815
12703,original_ai,1,0.5,1.025345048666503
12704,translated,1,0.5,1.060749247093319
12705,substituted,1,0.5,1.176366438877635
12706,paraphrased,1,0.5,1.5060321743812453
12707,mixed_text,1,0.5,1.1774725341719263
12708,human_baseline,0,0.5,1.1747279108754771
12709,original_ai,1,0.5,2.609913839288214
12710,translated,1,0.5,1.7013233831956325
12711,substituted,1,0.5,2.163585075855924
12712,paraphrased,1,0.5,1.6659307972371122
12713,mixed_text,1,0.5,1.398598486738864
12714,human_baseline,0,0.5,0.8219926225965843
12715,original_ai,1,0.5,1.8530332275923012
12716,translated,1,0.5,1.349612022698614
12717,substituted,1,0.5,0.9044720370841812
12718,paraphrased,1,0.5,1.081498438803631
12719,mixed_text,1,0.5,0.943831088119816
12720,human_baseline,0,0.5,1.0349913611735737
12721,original_ai,1,0.5,1.4159220233611614
12722,translated,1,0.5,1.0122574422516937
12723,substituted,1,0.5,1.5985067352871944
12724,paraphrased,1,0.5,1.1372080018813178
12725,mixed_text,1,0.5,1.3575975944682008
12726,human_baseline,0,0.5,0.870333296436713
12727,original_ai,1,0.5,1.88337453084714
12728,translated,1,0.5,1.0094349270847711
12729,substituted,1,0.5,1.4986857027227902
12730,paraphrased,1,0.5,1.06715503230716
12731,mixed_text,1,0.5,1.4426628855095338
12732,human_baseline,0,0.5,0.843348347805913
12733,original_ai,1,0.5,2.656998263211148
12734,translated,1,0.5,1.889673160882817
12735,substituted,1,0.5,1.4658699471182983
12736,paraphrased,1,0.5,1.5191354210687578
12737,mixed_text,1,0.5,1.002232422747411
12738,human_baseline,0,0.5,0.788144822582785
12739,original_ai,1,0.5,1.7941644545418398
12740,translated,1,0.5,1.4055605524678807
12741,substituted,1,0.5,1.328918600425537
12742,paraphrased,1,0.5,1.2961625319969723
12743,mixed_text,1,0.5,1.08466235018821
12744,human_baseline,0,0.5,0.9476094384336328
12745,original_ai,1,0.5,1.292917394050517
12746,translated,1,0.5,1.1347660816745315
12747,substituted,1,0.5,1.0904935943381853
12748,paraphrased,1,0.5,0.990161329127906
12749,mixed_text,1,0.5,0.8209900034382787
12750,human_baseline,0,0.5,0.7972850994818576
12751,original_ai,1,0.5,1.951449626424035
12752,translated,1,0.5,1.593602420435397
12753,substituted,1,0.5,1.2195235869647625
12754,paraphrased,1,0.5,1.0762296611901656
12755,mixed_text,1,0.5,1.3633145809780198
12756,human_baseline,0,0.5,1.0308346726936302
12757,original_ai,1,0.5,2.118546603611939
12758,translated,1,0.5,1.3263823557513947
12759,substituted,1,0.5,0.903235749641076
12760,paraphrased,1,0.5,1.2017913345566762
12761,mixed_text,1,0.5,1.954768710274817
12762,human_baseline,0,0.5,0.947602232381356
12763,original_ai,1,0.5,1.377269862919775
12764,translated,1,0.5,1.385105758700909
12765,substituted,1,0.5,0.9100300423144508
12766,paraphrased,1,0.5,1.3003722042096153
12767,mixed_text,1,0.5,1.0934996224452058
12768,human_baseline,0,0.5,0.9589994388422638
12769,original_ai,1,0.5,1.6650675950639475
12770,translated,1,0.5,1.213331756260727
12771,substituted,1,0.5,0.9242606708223234
12772,paraphrased,1,0.5,1.0122195260207425
12773,mixed_text,1,0.5,1.327338050126568
12774,human_baseline,0,0.5,0.8370826314675212
12775,original_ai,1,0.5,2.253869783238267
12776,translated,1,0.5,1.559198435996379
12777,substituted,1,0.5,1.259807005933737
12778,paraphrased,1,0.5,0.8637124172381561
12779,mixed_text,1,0.5,1.1754974129400295
12780,human_baseline,0,0.5,0.7142749569799667
12781,original_ai,1,0.5,2.348554715570838
12782,translated,1,0.5,1.345049275477088
12783,substituted,1,0.5,1.0229532206855485
12784,paraphrased,1,0.5,0.9534087856115094
12785,mixed_text,1,0.5,0.9625918909824136
12786,human_baseline,0,0.5,0.8984932641473206
12787,original_ai,1,0.5,1.2607828790859306
12788,translated,1,0.5,1.3661368113168724
12789,substituted,1,0.5,1.0061476856975955
12790,paraphrased,1,0.5,0.949569089739701
12791,mixed_text,1,0.5,0.8895580393931369
12792,human_baseline,0,0.5,1.3422881024034603
12793,original_ai,1,0.5,2.6162996770722904
12794,translated,1,0.5,1.7275691043973704
12795,substituted,1,0.5,1.87901739439231
12796,paraphrased,1,0.5,1.3575002833762395
12797,mixed_text,1,0.5,1.1012387646439894
12798,human_baseline,0,0.5,0.8280021902927615
12799,original_ai,1,0.5,1.7557242609797328
12800,translated,1,0.5,1.1998245275292332
12801,substituted,1,0.5,0.8733135880624082
12802,paraphrased,1,0.5,0.9968613478374576
12803,mixed_text,1,0.5,1.106517160529913
12804,human_baseline,0,0.5,1.164460425045439
12805,original_ai,1,0.5,1.5424368740416408
12806,translated,1,0.5,1.3790898169252983
12807,substituted,1,0.5,1.038251724670354
12808,paraphrased,1,0.5,0.820583474051927
12809,mixed_text,1,0.5,1.7281925161272262
12810,human_baseline,0,0.5,0.9462482606176787
12811,original_ai,1,0.5,2.062271313029004
12812,translated,1,0.5,1.3403085230573633
12813,substituted,1,0.5,1.083845566188714
12814,paraphrased,1,0.5,0.656494843484267
12815,mixed_text,1,0.5,1.129438389319014
12816,human_baseline,0,0.5,1.5243948408890495
12817,original_ai,1,0.5,1.459329026226048
12818,translated,1,0.5,1.0154721537139304
12819,substituted,1,0.5,1.155607443482723
12820,paraphrased,1,0.5,1.0628009640891
12821,mixed_text,1,0.5,1.4303108039660002
12822,human_baseline,0,0.5,0.9704067145697448
12823,original_ai,1,0.5,2.8221871948901134
12824,translated,1,0.5,2.499030788965982
12825,substituted,1,0.5,0.8776704829804012
12826,paraphrased,1,0.5,2.208210681873232
12827,mixed_text,1,0.5,1.141392206716756
12828,human_baseline,0,0.5,1.0561476691966878
12829,original_ai,1,0.5,1.6155118678192
12830,translated,1,0.5,1.1866483586633154
12831,substituted,1,0.5,0.9928005077497648
12832,paraphrased,1,0.5,1.1455074919272088
12833,mixed_text,1,0.5,1.008965194254995
12834,human_baseline,0,0.5,0.6907041239488784
12835,original_ai,1,0.5,1.116684953068363
12836,translated,1,0.5,0.9921705500190752
12837,substituted,1,0.5,0.8718292763517996
12838,paraphrased,1,0.5,0.9293386276677292
12839,mixed_text,1,0.5,1.3700077965192528
12840,human_baseline,0,0.5,1.0607103119220866
12841,original_ai,1,0.5,2.4480501124242267
12842,translated,1,0.5,1.7753285137208432
12843,substituted,1,0.5,1.300709940339262
12844,paraphrased,1,0.5,0.83461417570617
12845,mixed_text,1,0.5,1.643392463221914
12846,human_baseline,0,0.5,1.0598198782959476
12847,original_ai,1,0.5,1.6856277097973489
12848,translated,1,0.5,1.470281453138147
12849,substituted,1,0.5,0.9708980918795164
12850,paraphrased,1,0.5,1.2262811737147614
12851,mixed_text,1,0.5,1.517056601822533
12852,human_baseline,0,0.5,0.9254568331759864
12853,original_ai,1,0.5,1.6961820524448703
12854,translated,1,0.5,1.4579910468141353
12855,substituted,1,0.5,1.1824590601138942
12856,paraphrased,1,0.5,1.158549703206609
12857,mixed_text,1,0.5,1.0250658540605533
12858,human_baseline,0,0.5,1.2061062539371763
12859,original_ai,1,0.5,1.5733398940962895
12860,translated,1,0.5,2.1610409398324766
12861,substituted,1,0.5,1.24231303021385
12862,paraphrased,1,0.5,1.0779434934890055
12863,mixed_text,1,0.5,1.3607461128799363
12864,human_baseline,0,0.5,1.1790204458513822
12865,original_ai,1,0.5,1.9637225046642457
12866,translated,1,0.5,1.3067883353571268
12867,substituted,1,0.5,0.9727579063821964
12868,paraphrased,1,0.5,0.8716343328977414
12869,mixed_text,1,0.5,1.4506216922217072
12870,human_baseline,0,0.5,1.0238796225361972
12871,original_ai,1,0.5,2.085989083820047
12872,translated,1,0.5,1.6583825386850133
12873,substituted,1,0.5,0.8486554002982494
12874,paraphrased,1,0.5,0.9606430524633676
12875,mixed_text,1,0.5,1.4148312572049604
12876,human_baseline,0,0.5,0.8887636000571365
12877,original_ai,1,0.5,1.5473562787883997
12878,translated,1,0.5,1.2509301831226238
12879,substituted,1,0.5,1.1781453780350586
12880,paraphrased,1,0.5,0.8867380894941931
12881,mixed_text,1,0.5,0.99196768817462
12882,human_baseline,0,0.5,0.8151924200017724
12883,original_ai,1,0.5,3.0984232986336
12884,translated,1,0.5,1.9215941805974976
12885,substituted,1,0.5,0.9878861324801648
12886,paraphrased,1,0.5,0.7608182617355763
12887,mixed_text,1,0.5,1.5080469714308182
12888,human_baseline,0,0.5,1.137965248370569
12889,original_ai,1,0.5,1.5423345375367254
12890,translated,1,0.5,1.2170655855876933
12891,substituted,1,0.5,0.98342084621798
12892,paraphrased,1,0.5,0.9323520855959406
12893,mixed_text,1,0.5,0.956685103781885
12894,human_baseline,0,0.5,0.727062118413726
12895,original_ai,1,0.5,2.043885198046975
12896,translated,1,0.5,1.637702741419629
12897,substituted,1,0.5,0.9223992415711416
12898,paraphrased,1,0.5,0.95682334660101
12899,mixed_text,1,0.5,1.046876631526941
12900,human_baseline,0,0.5,0.9310578254627722
12901,original_ai,1,0.5,2.2419844133556
12902,translated,1,0.5,2.292359435351672
12903,substituted,1,0.5,1.1371649062663434
12904,paraphrased,1,0.5,1.177877232788605
12905,mixed_text,1,0.5,1.31357598852484
12906,human_baseline,0,0.5,0.972704401977844
12907,original_ai,1,0.5,1.44768975435796
12908,translated,1,0.5,1.99692707609364
12909,substituted,1,0.5,1.0941201130106155
12910,paraphrased,1,0.5,1.2302304984173256
12911,mixed_text,1,0.5,0.8495373717132866
12912,human_baseline,0,0.5,0.9540079525534292
12913,original_ai,1,0.5,2.2864889125172594
12914,translated,1,0.5,1.1461094619620045
12915,substituted,1,0.5,1.3621493816617858
12916,paraphrased,1,0.5,1.127634528835691
12917,mixed_text,1,0.5,1.2333799333097546
12918,human_baseline,0,0.5,0.7848894911067815
12919,original_ai,1,0.5,1.239046105431439
12920,translated,1,0.5,0.7971926613152029
12921,substituted,1,0.5,0.9271163456215602
12922,paraphrased,1,0.5,0.894292516171202
12923,mixed_text,1,0.5,0.87804552279852
12924,human_baseline,0,0.5,0.7416079217715567
12925,original_ai,1,0.5,1.431718791854265
12926,translated,1,0.5,1.3482595577415026
12927,substituted,1,0.5,1.1246532575081656
12928,paraphrased,1,0.5,1.1007257081193451
12929,mixed_text,1,0.5,1.3835203782765175
12930,human_baseline,0,0.5,0.8757066596896763
12931,original_ai,1,0.5,1.6250090811705968
12932,translated,1,0.5,1.3619180482658473
12933,substituted,1,0.5,1.0054734045886775
12934,paraphrased,1,0.5,1.0241195017017517
12935,mixed_text,1,0.5,1.2790453627957736
12936,human_baseline,0,0.5,0.8931905155871319
12937,original_ai,1,0.5,2.2477640331103523
12938,translated,1,0.5,2.135093594218592
12939,substituted,1,0.5,1.2913083096392903
12940,paraphrased,1,0.5,1.1586599535066968
12941,mixed_text,1,0.5,1.3101776241163765
12942,human_baseline,0,0.5,0.985925485078939
12943,original_ai,1,0.5,2.1602486608274747
12944,translated,1,0.5,1.3742777284353935
12945,substituted,1,0.5,0.9078530509645488
12946,paraphrased,1,0.5,1.0287103343910615
12947,mixed_text,1,0.5,1.1862564858828497
12948,human_baseline,0,0.5,0.7351222006605038
12949,original_ai,1,0.5,1.5276817445245234
12950,translated,1,0.5,1.6998744392798082
12951,substituted,1,0.5,1.7563186411764804
12952,paraphrased,1,0.5,1.0896911169394898
12953,mixed_text,1,0.5,1.3441768467009794
12954,human_baseline,0,0.5,0.9209758618776062
12955,original_ai,1,0.5,3.5391311853081917
12956,translated,1,0.5,2.0090233136746907
12957,substituted,1,0.5,1.895542093743802
12958,paraphrased,1,0.5,1.1436342041848433
12959,mixed_text,1,0.5,1.440083324608545
12960,human_baseline,0,0.5,0.9567852956880598
12961,original_ai,1,0.5,2.6731220733974226
12962,translated,1,0.5,2.273327123121601
12963,substituted,1,0.5,1.2551151189510332
12964,paraphrased,1,0.5,1.2669330673114232
12965,mixed_text,1,0.5,1.0341092911640997
12966,human_baseline,0,0.5,1.2174157990949273
12967,original_ai,1,0.5,2.4445785675443656
12968,translated,1,0.5,1.3743558183019182
12969,substituted,1,0.5,1.099461368245288
12970,paraphrased,1,0.5,1.1841393763161934
12971,mixed_text,1,0.5,1.358990713347466
12972,human_baseline,0,0.5,0.9885534619129094
12973,original_ai,1,0.5,1.13154730646404
12974,translated,1,0.5,1.183890120743157
12975,substituted,1,0.5,0.8061311669096364
12976,paraphrased,1,0.5,1.188991993861746
12977,mixed_text,1,0.5,0.9504012892074332
12978,human_baseline,0,0.5,0.7907580783473225
12979,original_ai,1,0.5,1.3431645762751776
12980,translated,1,0.5,0.8806046831453631
12981,substituted,1,0.5,1.2430576756686047
12982,paraphrased,1,0.5,1.6501045263462102
12983,mixed_text,1,0.5,0.761036766898295
12984,human_baseline,0,0.5,1.0274032836497526
12985,original_ai,1,0.5,1.808466457724441
12986,translated,1,0.5,1.258466588485846
12987,substituted,1,0.5,1.2446498155364705
12988,paraphrased,1,0.5,1.536416506514793
12989,mixed_text,1,0.5,1.0453722375892085
12990,human_baseline,0,0.5,0.898272457010146
12991,original_ai,1,0.5,2.645026291130605
12992,translated,1,0.5,1.5463074388443274
12993,substituted,1,0.5,1.1909526614092727
12994,paraphrased,1,0.5,1.7562533216124585
12995,mixed_text,1,0.5,1.5455053464197963
12996,human_baseline,0,0.5,1.4209049685223991
12997,original_ai,1,0.5,1.640584697516155
12998,translated,1,0.5,1.24619821138005
12999,substituted,1,0.5,1.7561106317969206
13000,paraphrased,1,0.5,0.9046153409823317
13001,mixed_text,1,0.5,1.4130614858737809
13002,human_baseline,0,0.5,0.7489499877668332
13003,original_ai,1,0.5,1.3842156783563966
13004,translated,1,0.5,2.3807703189815057
13005,substituted,1,0.5,0.8102517332443722
13006,paraphrased,1,0.5,1.215345274367362
13007,mixed_text,1,0.5,1.102367756193336
13008,human_baseline,0,0.5,0.7439932253120107
13009,original_ai,1,0.5,1.306785025366869
13010,translated,1,0.5,1.1929796254971166
13011,substituted,1,0.5,0.9399464127941922
13012,paraphrased,1,0.5,0.8825368041725713
13013,mixed_text,1,0.5,1.0209660053703182
13014,human_baseline,0,0.5,1.0528256965839
13015,original_ai,1,0.5,2.184007174964177
13016,translated,1,0.5,2.033746185378598
13017,substituted,1,0.5,1.3733479454273274
13018,paraphrased,1,0.5,1.3984105322029683
13019,mixed_text,1,0.5,1.5001188007921604
13020,human_baseline,0,0.5,0.8665313705431522
13021,original_ai,1,0.5,2.8676509243089825
13022,translated,1,0.5,0.892386609872176
13023,substituted,1,0.5,2.370503852626539
13024,paraphrased,1,0.5,1.2140077404605265
13025,mixed_text,1,0.5,1.589089405985891
13026,human_baseline,0,0.5,0.9364162993079648
13027,original_ai,1,0.5,1.5791528751494417
13028,translated,1,0.5,1.4510964693598305
13029,substituted,1,0.5,0.7222216273641217
13030,paraphrased,1,0.5,1.0708161394012456
13031,mixed_text,1,0.5,1.0297967902322442
13032,human_baseline,0,0.5,0.8350197657468987
13033,original_ai,1,0.5,2.211076381316859
13034,translated,1,0.5,2.052616512516607
13035,substituted,1,0.5,1.9507499417136065
13036,paraphrased,1,0.5,1.5172910028561042
13037,mixed_text,1,0.5,1.3274290821864203
13038,human_baseline,0,0.5,0.9211936925047042
13039,original_ai,1,0.5,1.9663544226840577
13040,translated,1,0.5,1.1498279757073109
13041,substituted,1,0.5,1.3428778266311
13042,paraphrased,1,0.5,0.9030964802356732
13043,mixed_text,1,0.5,1.0825886736679
13044,human_baseline,0,0.5,0.9730991635995512
13045,original_ai,1,0.5,2.3777392976145784
13046,translated,1,0.5,1.446057840869796
13047,substituted,1,0.5,1.7572434714663332
13048,paraphrased,1,0.5,1.514412196974317
13049,mixed_text,1,0.5,1.1333062127622755
13050,human_baseline,0,0.5,1.2317336034853883
13051,original_ai,1,0.5,1.1761693847650485
13052,translated,1,0.5,1.095423302756835
13053,substituted,1,0.5,0.7449393460164409
13054,paraphrased,1,0.5,0.939993918760712
13055,mixed_text,1,0.5,1.600944625078557
13056,human_baseline,0,0.5,1.148543946238363
13057,original_ai,1,0.5,1.7281055813096926
13058,translated,1,0.5,1.3752760485755635
13059,substituted,1,0.5,0.7234654273103569
13060,paraphrased,1,0.5,0.9041687861807182
13061,mixed_text,1,0.5,1.5126721018761629
13062,human_baseline,0,0.5,0.8834495414049283
13063,original_ai,1,0.5,1.992333135206264
13064,translated,1,0.5,1.3672451286080771
13065,substituted,1,0.5,1.0895385282343122
13066,paraphrased,1,0.5,1.710324382627609
13067,mixed_text,1,0.5,1.4846874120097846
13068,human_baseline,0,0.5,0.7368006266881523
13069,original_ai,1,0.5,1.5002101323469978
13070,translated,1,0.5,1.5853108254414068
13071,substituted,1,0.5,1.4960048032087432
13072,paraphrased,1,0.5,0.9782830515054284
13073,mixed_text,1,0.5,1.0612917291754491
13074,human_baseline,0,0.5,0.8939464441309203
13075,original_ai,1,0.5,1.9266107292926968
13076,translated,1,0.5,1.4662946486133588
13077,substituted,1,0.5,1.0668823864381465
13078,paraphrased,1,0.5,0.7757322825790881
13079,mixed_text,1,0.5,1.1064047308937976
13080,human_baseline,0,0.5,0.949393559464523
13081,original_ai,1,0.5,1.0931313042624098
13082,translated,1,0.5,1.0281098230751415
13083,substituted,1,0.5,1.5384650987372597
13084,paraphrased,1,0.5,1.118393092222404
13085,mixed_text,1,0.5,1.0896890505106769
13086,human_baseline,0,0.5,1.1241799471658136
13087,original_ai,1,0.5,1.961927393943981
13088,translated,1,0.5,1.4290669423872984
13089,substituted,1,0.5,0.9507939122159382
13090,paraphrased,1,0.5,1.1560805862982315
13091,mixed_text,1,0.5,1.3072450050407285
13092,human_baseline,0,0.5,1.1374002123684035
13093,original_ai,1,0.5,1.873315988100244
13094,translated,1,0.5,1.452803221044446
13095,substituted,1,0.5,2.0520499240783585
13096,paraphrased,1,0.5,0.4309245877225106
13097,mixed_text,1,0.5,1.225127675018557
13098,human_baseline,0,0.5,0.9668997233980592
13099,original_ai,1,0.5,1.764743382323749
13100,translated,1,0.5,1.517974203397882
13101,substituted,1,0.5,1.1294937385697337
13102,paraphrased,1,0.5,1.412232550778587
13103,mixed_text,1,0.5,1.526387507248196
13104,human_baseline,0,0.5,0.8534661543012985
13105,original_ai,1,0.5,1.7733157941617563
13106,translated,1,0.5,1.2940388815049382
13107,substituted,1,0.5,1.281081659693505
13108,paraphrased,1,0.5,1.484746226544892
13109,mixed_text,1,0.5,0.957012860713158
13110,human_baseline,0,0.5,0.7225128163022828
13111,original_ai,1,0.5,1.5005890640292197
13112,translated,1,0.5,1.3354423122630543
13113,substituted,1,0.5,1.2626274750097162
13114,paraphrased,1,0.5,1.0027105020335396
13115,mixed_text,1,0.5,1.383516071871591
13116,human_baseline,0,0.5,1.0530288564709118
13117,original_ai,1,0.5,1.7952361705267743
13118,translated,1,0.5,1.4516779340370238
13119,substituted,1,0.5,1.614926295673796
13120,paraphrased,1,0.5,0.5879392196878039
13121,mixed_text,1,0.5,1.089294888310554
13122,human_baseline,0,0.5,0.975805432246142
13123,original_ai,1,0.5,2.264071055764646
13124,translated,1,0.5,1.862673761708869
13125,substituted,1,0.5,1.513353641186267
13126,paraphrased,1,0.5,2.0404165706521185
13127,mixed_text,1,0.5,1.112385653122849
13128,human_baseline,0,0.5,1.0622113233183097
13129,original_ai,1,0.5,3.3901481303817094
13130,translated,1,0.5,1.7901706354938536
13131,substituted,1,0.5,1.0110477562376337
13132,paraphrased,1,0.5,1.050929822269131
13133,mixed_text,1,0.5,1.1730211017825023
13134,human_baseline,0,0.5,0.9427431592148104
13135,original_ai,1,0.5,2.1327078329249094
13136,translated,1,0.5,2.11534563925256
13137,substituted,1,0.5,1.535985132961995
13138,paraphrased,1,0.5,0.999393953343218
13139,mixed_text,1,0.5,1.4278913168736755
13140,human_baseline,0,0.5,0.7516191596658159
13141,original_ai,1,0.5,2.520738706545932
13142,translated,1,0.5,1.7709691514333636
13143,substituted,1,0.5,1.376752598745821
13144,paraphrased,1,0.5,1.040249476766497
13145,mixed_text,1,0.5,0.9553247500282264
13146,human_baseline,0,0.5,0.7189868194568311
13147,original_ai,1,0.5,1.5642324215403136
13148,translated,1,0.5,1.4780693270607963
13149,substituted,1,0.5,1.3593768701806024
13150,paraphrased,1,0.5,1.204107820642107
13151,mixed_text,1,0.5,0.7885965111752831
13152,human_baseline,0,0.5,0.9747741124659296
13153,original_ai,1,0.5,1.558340383472953
13154,translated,1,0.5,1.2871949903966913
13155,substituted,1,0.5,1.1049320391609685
13156,paraphrased,1,0.5,1.150441830683563
13157,mixed_text,1,0.5,0.6926197141616787
13158,human_baseline,0,0.5,1.1162303793334751
13159,original_ai,1,0.5,1.686755366314764
13160,translated,1,0.5,1.6414101196696502
13161,substituted,1,0.5,0.9597061127861864
13162,paraphrased,1,0.5,1.075542928182439
13163,mixed_text,1,0.5,1.0425996320510569
13164,human_baseline,0,0.5,1.629295749037922
13165,original_ai,1,0.5,1.4602187932179311
13166,translated,1,0.5,1.3001396860973726
13167,substituted,1,0.5,1.2361969405093625
13168,paraphrased,1,0.5,1.5457834197596227
13169,mixed_text,1,0.5,1.7420871864224223
13170,human_baseline,0,0.5,0.5792667081224971
13171,original_ai,1,0.5,2.2481432021671703
13172,translated,1,0.5,1.3906322717174744
13173,substituted,1,0.5,0.900269299269171
13174,paraphrased,1,0.5,1.3145906153975493
13175,mixed_text,1,0.5,0.8229409813835483
13176,human_baseline,0,0.5,0.9255886644979706
13177,original_ai,1,0.5,1.2729780775391215
13178,translated,1,0.5,0.9193129153628248
13179,substituted,1,0.5,1.733935403146446
13180,paraphrased,1,0.5,0.7036001255295561
13181,mixed_text,1,0.5,1.2397300450805324
13182,human_baseline,0,0.5,1.209803177306142
13183,original_ai,1,0.5,1.0947693105649536
13184,translated,1,0.5,1.1598228541856392
13185,substituted,1,0.5,1.0071507447637371
13186,paraphrased,1,0.5,0.9952642914798788
13187,mixed_text,1,0.5,1.331765247251042
13188,human_baseline,0,0.5,1.175333597529259
13189,original_ai,1,0.5,2.2991247001642403
13190,translated,1,0.5,2.706187080608492
13191,substituted,1,0.5,1.260244539282274
13192,paraphrased,1,0.5,1.2850031536360256
13193,mixed_text,1,0.5,1.3048407384089842
13194,human_baseline,0,0.5,0.8536245810975115
13195,original_ai,1,0.5,1.1023850274596827
13196,translated,1,0.5,1.1069899172058897
13197,substituted,1,0.5,0.9062925763968552
13198,paraphrased,1,0.5,0.8844306435005318
13199,mixed_text,1,0.5,1.3710107124775217
13200,human_baseline,0,0.5,0.8474839558133319
13201,original_ai,1,0.5,1.3581019032426924
13202,translated,1,0.5,1.2942538096339586
13203,substituted,1,0.5,0.894906996425375
13204,paraphrased,1,0.5,1.111031756027244
13205,mixed_text,1,0.5,1.1487982174282965
13206,human_baseline,0,0.5,0.8599482402880007
13207,original_ai,1,0.5,2.2309695760045294
13208,translated,1,0.5,1.5428219349532586
13209,substituted,1,0.5,1.4900278075941826
13210,paraphrased,1,0.5,1.2291125034076176
13211,mixed_text,1,0.5,1.0258297363810325
13212,human_baseline,0,0.5,0.9584986980584796
13213,original_ai,1,0.5,1.1588246771149384
13214,translated,1,0.5,0.9082279438137336
13215,substituted,1,0.5,1.1088328385245678
13216,paraphrased,1,0.5,0.7562024384046949
13217,mixed_text,1,0.5,0.8593231322949296
13218,human_baseline,0,0.5,1.032832921789122
13219,original_ai,1,0.5,1.4885078370631226
13220,translated,1,0.5,1.2812117767048068
13221,substituted,1,0.5,0.8031447622309688
13222,paraphrased,1,0.5,1.1185030301095256
13223,mixed_text,1,0.5,1.3184301913410592
13224,human_baseline,0,0.5,1.1939042128742758
13225,original_ai,1,0.5,1.5978191921392968
13226,translated,1,0.5,1.9613268376965312
13227,substituted,1,0.5,1.0898012083855055
13228,paraphrased,1,0.5,0.950213613740736
13229,mixed_text,1,0.5,0.9147601000260768
13230,human_baseline,0,0.5,0.9713128966364772
13231,original_ai,1,0.5,1.4276289526916226
13232,translated,1,0.5,1.217765814047309
13233,substituted,1,0.5,0.7533540424608574
13234,paraphrased,1,0.5,0.7998177132262334
13235,mixed_text,1,0.5,1.155313253438572
13236,human_baseline,0,0.5,0.9803334207478211
13237,original_ai,1,0.5,1.687903465060125
13238,translated,1,0.5,1.6187363344545636
13239,substituted,1,0.5,1.1608749342962978
13240,paraphrased,1,0.5,1.3237380633103812
13241,mixed_text,1,0.5,0.9616298594624306
13242,human_baseline,0,0.5,1.0031975539971931
13243,original_ai,1,0.5,2.3604466728808893
13244,translated,1,0.5,1.5203544499480133
13245,substituted,1,0.5,0.9372670792795692
13246,paraphrased,1,0.5,1.1173970808035285
13247,mixed_text,1,0.5,1.0502399126803332
13248,human_baseline,0,0.5,1.2315951652588857
13249,original_ai,1,0.5,0.9802537640008528
13250,translated,1,0.5,0.8695452632842039
13251,substituted,1,0.5,0.8045342169582291
13252,paraphrased,1,0.5,1.243914548089524
13253,mixed_text,1,0.5,1.3799077990111324
13254,human_baseline,0,0.5,0.9554270736365276
13255,original_ai,1,0.5,2.1860543635498133
13256,translated,1,0.5,1.4736568302581314
13257,substituted,1,0.5,1.2103084954226906
13258,paraphrased,1,0.5,1.0340517327162135
13259,mixed_text,1,0.5,1.2556726688426725
13260,human_baseline,0,0.5,1.1057355181549853
13261,original_ai,1,0.5,1.436193342436811
13262,translated,1,0.5,1.214924687846343
13263,substituted,1,0.5,2.010441308606852
13264,paraphrased,1,0.5,0.9829131373540536
13265,mixed_text,1,0.5,0.9006380446244305
13266,human_baseline,0,0.5,1.022461203632042
13267,original_ai,1,0.5,1.7066337382601082
13268,translated,1,0.5,1.5640303304343195
13269,substituted,1,0.5,1.7070428041262653
13270,paraphrased,1,0.5,1.3281494710380068
13271,mixed_text,1,0.5,1.1947740090478158
13272,human_baseline,0,0.5,1.4553093560705403
13273,original_ai,1,0.5,1.7179851887800726
13274,translated,1,0.5,1.4533883963263023
13275,substituted,1,0.5,1.0025238001784744
13276,paraphrased,1,0.5,0.9692390150963616
13277,mixed_text,1,0.5,1.132189575160203
13278,human_baseline,0,0.5,1.1132631895997984
13279,original_ai,1,0.5,3.030897091373481
13280,translated,1,0.5,1.591130335368948
13281,substituted,1,0.5,0.9908075805216257
13282,paraphrased,1,0.5,1.0379795440979591
13283,mixed_text,1,0.5,1.3809367553780991
13284,human_baseline,0,0.5,0.8026465322271245
13285,original_ai,1,0.5,2.080056797937292
13286,translated,1,0.5,1.518305699902263
13287,substituted,1,0.5,1.024799281019411
13288,paraphrased,1,0.5,0.8845186510204719
13289,mixed_text,1,0.5,2.073629240196652
13290,human_baseline,0,0.5,0.7303876261333023
13291,original_ai,1,0.5,3.394974095137805
13292,translated,1,0.5,1.92404669013628
13293,substituted,1,0.5,1.147116289793498
13294,paraphrased,1,0.5,1.0245889441501974
13295,mixed_text,1,0.5,1.2133412500025114
13296,human_baseline,0,0.5,0.9568439048842994
13297,original_ai,1,0.5,2.9176834615292324
13298,translated,1,0.5,1.853580502337391
13299,substituted,1,0.5,1.0359381634810605
13300,paraphrased,1,0.5,1.5994829542722395
13301,mixed_text,1,0.5,1.16542881330391
13302,human_baseline,0,0.5,0.9237917283322024
13303,original_ai,1,0.5,2.0669665427024437
13304,translated,1,0.5,1.3026920725016808
13305,substituted,1,0.5,1.4044447030705651
13306,paraphrased,1,0.5,0.867873142191074
13307,mixed_text,1,0.5,0.9794534321848618
13308,human_baseline,0,0.5,0.7661344205977275
13309,original_ai,1,0.5,1.6336858292535834
13310,translated,1,0.5,1.5009246682012272
13311,substituted,1,0.5,1.2134865118295064
13312,paraphrased,1,0.5,0.6555720400171562
13313,mixed_text,1,0.5,1.0092868815105276
13314,human_baseline,0,0.5,1.0282778224852391
13315,original_ai,1,0.5,1.7138270826475803
13316,translated,1,0.5,1.2920385576500708
13317,substituted,1,0.5,0.8848315516215424
13318,paraphrased,1,0.5,1.0298221521968811
13319,mixed_text,1,0.5,1.2553531565035856
13320,human_baseline,0,0.5,0.8576442398868734
13321,original_ai,1,0.5,2.2181540918863485
13322,translated,1,0.5,1.608112341899023
13323,substituted,1,0.5,1.2971460399458408
13324,paraphrased,1,0.5,1.3226412557620444
13325,mixed_text,1,0.5,1.1228284383994225
13326,human_baseline,0,0.5,0.9493617336287256
13327,original_ai,1,0.5,1.389179235520733
13328,translated,1,0.5,1.3553175121267234
13329,substituted,1,0.5,1.1550036474111056
13330,paraphrased,1,0.5,0.9398368998223272
13331,mixed_text,1,0.5,0.9853101819277892
13332,human_baseline,0,0.5,0.9403841483037154
13333,original_ai,1,0.5,1.8157512063503545
13334,translated,1,0.5,1.827325297379945
13335,substituted,1,0.5,1.4155848541737055
13336,paraphrased,1,0.5,1.1511367465762732
13337,mixed_text,1,0.5,0.9334203093395496
13338,human_baseline,0,0.5,0.9866877831105688
13339,original_ai,1,0.5,1.393907566277483
13340,translated,1,0.5,1.1177632769118653
13341,substituted,1,0.5,1.233164456580903
13342,paraphrased,1,0.5,1.4315812318972942
13343,mixed_text,1,0.5,1.1570128294571385
13344,human_baseline,0,0.5,0.8040064478485008
13345,original_ai,1,0.5,2.985117913771383
13346,translated,1,0.5,2.1252439730063872
13347,substituted,1,0.5,1.827216780575002
13348,paraphrased,1,0.5,0.9176636359066006
13349,mixed_text,1,0.5,1.1497965112454918
13350,human_baseline,0,0.5,1.460927374062817
13351,original_ai,1,0.5,1.3727442568564845
13352,translated,1,0.5,1.2520169810660493
13353,substituted,1,0.5,1.4815732584798862
13354,paraphrased,1,0.5,0.8476601927861788
13355,mixed_text,1,0.5,1.280188691753779
13356,human_baseline,0,0.5,0.9409439494960996
13357,original_ai,1,0.5,3.2356568944983928
13358,translated,1,0.5,2.532612305111946
13359,substituted,1,0.5,1.1087487962018463
13360,paraphrased,1,0.5,1.1741916895070836
13361,mixed_text,1,0.5,1.2585638515843651
13362,human_baseline,0,0.5,0.9957274007561966
13363,original_ai,1,0.5,1.7074950986829764
13364,translated,1,0.5,1.0947996554878014
13365,substituted,1,0.5,1.1146648848659564
13366,paraphrased,1,0.5,1.2661753558763773
13367,mixed_text,1,0.5,1.285866213168501
13368,human_baseline,0,0.5,0.7634464332040851
13369,original_ai,1,0.5,1.736100610630527
13370,translated,1,0.5,1.2280234748160068
13371,substituted,1,0.5,1.6231276600520324
13372,paraphrased,1,0.5,0.947301611922415
13373,mixed_text,1,0.5,0.779173359141468
13374,human_baseline,0,0.5,1.116470534349573
13375,original_ai,1,0.5,1.3155773283587344
13376,translated,1,0.5,1.2084091779539397
13377,substituted,1,0.5,1.098673218527073
13378,paraphrased,1,0.5,1.2195814579365387
13379,mixed_text,1,0.5,1.027881860213638
13380,human_baseline,0,0.5,1.0279816545944933
13381,original_ai,1,0.5,3.786807717445344
13382,translated,1,0.5,1.9326410765595523
13383,substituted,1,0.5,1.5296096946646591
13384,paraphrased,1,0.5,1.905743063873908
13385,mixed_text,1,0.5,1.3794589554925212
13386,human_baseline,0,0.5,1.2612481994671514
13387,original_ai,1,0.5,3.3183182444122217
13388,translated,1,0.5,2.7098376913446307
13389,substituted,1,0.5,1.0746493306550822
13390,paraphrased,1,0.5,1.239385307515494
13391,mixed_text,1,0.5,1.3446952215095205
13392,human_baseline,0,0.5,1.379632423865876
13393,original_ai,1,0.5,1.546098408493891
13394,translated,1,0.5,1.709445907144274
13395,substituted,1,0.5,0.9460291735352584
13396,paraphrased,1,0.5,1.1702426096690373
13397,mixed_text,1,0.5,1.1338081444309236
13398,human_baseline,0,0.5,0.8459790105939311
13399,original_ai,1,0.5,3.017806665821412
13400,translated,1,0.5,1.5596621457555233
13401,substituted,1,0.5,1.3681467817035493
13402,paraphrased,1,0.5,0.9524548784561546
13403,mixed_text,1,0.5,1.0152581173760018
13404,human_baseline,0,0.5,1.0959363587451754
13405,original_ai,1,0.5,2.163416672992394
13406,translated,1,0.5,1.405081369939788
13407,substituted,1,0.5,1.591853911035167
13408,paraphrased,1,0.5,1.0274062777740105
13409,mixed_text,1,0.5,0.9944286431029956
13410,human_baseline,0,0.5,0.975264026843618
13411,original_ai,1,0.5,1.6120699545682893
13412,translated,1,0.5,1.295611957686441
13413,substituted,1,0.5,1.4070212584237307
13414,paraphrased,1,0.5,0.8393415115178327
13415,mixed_text,1,0.5,1.570109600790242
13416,human_baseline,0,0.5,1.056487417365381
13417,original_ai,1,0.5,1.629987611482454
13418,translated,1,0.5,1.3837703550670513
13419,substituted,1,0.5,1.302472930442005
13420,paraphrased,1,0.5,1.1866918341546944
13421,mixed_text,1,0.5,1.7834725038760149
13422,human_baseline,0,0.5,0.9217770802163572
13423,original_ai,1,0.5,1.2407896026288054
13424,translated,1,0.5,1.7341374585324905
13425,substituted,1,0.5,1.836694213091614
13426,paraphrased,1,0.5,0.7993148376147737
13427,mixed_text,1,0.5,1.012381751917878
13428,human_baseline,0,0.5,0.9181004785786728
13429,original_ai,1,0.5,1.402288315050264
13430,translated,1,0.5,1.4001628503861332
13431,substituted,1,0.5,1.2021493231662943
13432,paraphrased,1,0.5,0.8989370513005144
13433,mixed_text,1,0.5,1.365452191120316
13434,human_baseline,0,0.5,1.0426448897307123
13435,original_ai,1,0.5,1.86027627944783
13436,translated,1,0.5,1.270324509380547
13437,substituted,1,0.5,1.201768848193891
13438,paraphrased,1,0.5,1.485114421079582
13439,mixed_text,1,0.5,1.0479973937097722
13440,human_baseline,0,0.5,0.9295985546788996
13441,original_ai,1,0.5,1.657099607963179
13442,translated,1,0.5,1.378799830257645
13443,substituted,1,0.5,1.0558758779093158
13444,paraphrased,1,0.5,1.036203206329212
13445,mixed_text,1,0.5,1.09669251413372
13446,human_baseline,0,0.5,0.9837625144318886
13447,original_ai,1,0.5,2.7200915510009644
13448,translated,1,0.5,1.7210408534723236
13449,substituted,1,0.5,1.4561938534764414
13450,paraphrased,1,0.5,0.8499244208154599
13451,mixed_text,1,0.5,1.49732194890836
13452,human_baseline,0,0.5,0.9209380376564466
13453,original_ai,1,0.5,1.6977405431355872
13454,translated,1,0.5,1.2886807672434255
13455,substituted,1,0.5,1.3139639290249745
13456,paraphrased,1,0.5,1.2536041519702128
13457,mixed_text,1,0.5,1.154449896854756
13458,human_baseline,0,0.5,0.8584810651696467
13459,original_ai,1,0.5,2.440234395933427
13460,translated,1,0.5,1.699200839536806
13461,substituted,1,0.5,0.9056893852578602
13462,paraphrased,1,0.5,1.1506180074489312
13463,mixed_text,1,0.5,0.944145311974732
13464,human_baseline,0,0.5,1.1028429969773956
13465,original_ai,1,0.5,1.4846733067268665
13466,translated,1,0.5,1.248044885487146
13467,substituted,1,0.5,0.8396540233464319
13468,paraphrased,1,0.5,0.936147351173226
13469,mixed_text,1,0.5,1.2062185633388245
13470,human_baseline,0,0.5,1.047224376936226
13471,original_ai,1,0.5,1.2054111335621736
13472,translated,1,0.5,1.31763040787416
13473,substituted,1,0.5,0.9449740175785636
13474,paraphrased,1,0.5,0.9195026703872582
13475,mixed_text,1,0.5,2.097163090879988
13476,human_baseline,0,0.5,1.036121054792315
13477,original_ai,1,0.5,2.6356829363543497
13478,translated,1,0.5,2.115953478595189
13479,substituted,1,0.5,0.6959171831220815
13480,paraphrased,1,0.5,0.8079037734163287
13481,mixed_text,1,0.5,1.1446951825357106
13482,human_baseline,0,0.5,1.068199441056629
13483,original_ai,1,0.5,1.745614151860853
13484,translated,1,0.5,1.3157490079595944
13485,substituted,1,0.5,0.9561767737899862
13486,paraphrased,1,0.5,1.3180515947625209
13487,mixed_text,1,0.5,0.9587062779490452
13488,human_baseline,0,0.5,0.7469897457813504
13489,original_ai,1,0.5,1.704874125305927
13490,translated,1,0.5,0.9989408342247004
13491,substituted,1,0.5,0.7935808773191491
13492,paraphrased,1,0.5,1.1211359721393033
13493,mixed_text,1,0.5,0.909573702762044
13494,human_baseline,0,0.5,0.8835342865928534
13495,original_ai,1,0.5,2.292282318499034
13496,translated,1,0.5,1.6745280088112326
13497,substituted,1,0.5,1.3763122485440706
13498,paraphrased,1,0.5,0.993068628343988
13499,mixed_text,1,0.5,1.157489270663955
13500,human_baseline,0,0.5,0.8957448552968552
13501,original_ai,1,0.5,2.3709740867754747
13502,translated,1,0.5,2.056452440042021
13503,substituted,1,0.5,1.4559119405143222
13504,paraphrased,1,0.5,0.9669104332116056
13505,mixed_text,1,0.5,1.075282125012071
13506,human_baseline,0,0.5,0.923072702014704
13507,original_ai,1,0.5,1.722853935169762
13508,translated,1,0.5,2.4989629315146167
13509,substituted,1,0.5,1.2594980741456947
13510,paraphrased,1,0.5,1.0427950624682865
13511,mixed_text,1,0.5,1.7872918772225674
13512,human_baseline,0,0.5,0.9852150195045148
13513,original_ai,1,0.5,2.557724604377129
13514,translated,1,0.5,1.5919613042851553
13515,substituted,1,0.5,0.9665739705154022
13516,paraphrased,1,0.5,1.136621624310502
13517,mixed_text,1,0.5,1.3684830137775643
13518,human_baseline,0,0.5,0.9455245285406249
13519,original_ai,1,0.5,1.8993043880358649
13520,translated,1,0.5,1.2205219107464202
13521,substituted,1,0.5,1.133458892330255
13522,paraphrased,1,0.5,0.9014491319660528
13523,mixed_text,1,0.5,1.0959556750681634
13524,human_baseline,0,0.5,1.0919525003306174
13525,original_ai,1,0.5,1.8019167128340725
13526,translated,1,0.5,1.6762640044634616
13527,substituted,1,0.5,1.3083382698741128
13528,paraphrased,1,0.5,1.28822384025747
13529,mixed_text,1,0.5,1.5476904990566502
13530,human_baseline,0,0.5,0.972352291432569
13531,original_ai,1,0.5,3.35120746342062
13532,translated,1,0.5,2.478416760521017
13533,substituted,1,0.5,1.3509731059078502
13534,paraphrased,1,0.5,1.701019400726688
13535,mixed_text,1,0.5,1.66832204489651
13536,human_baseline,0,0.5,0.927350931301864
13537,original_ai,1,0.5,1.4392801320029789
13538,translated,1,0.5,1.347032045758537
13539,substituted,1,0.5,1.2725957266002144
13540,paraphrased,1,0.5,1.1959363213315732
13541,mixed_text,1,0.5,0.9798681643039712
13542,human_baseline,0,0.5,1.2015054245539531
13543,original_ai,1,0.5,1.5717472911278505
13544,translated,1,0.5,1.289261870478185
13545,substituted,1,0.5,1.333533633938104
13546,paraphrased,1,0.5,1.3039010194601053
13547,mixed_text,1,0.5,1.5052139879539268
13548,human_baseline,0,0.5,0.7829015784932307
13549,original_ai,1,0.5,1.545655512998005
13550,translated,1,0.5,1.5303545919305186
13551,substituted,1,0.5,1.1218597389327565
13552,paraphrased,1,0.5,0.6125040456355163
13553,mixed_text,1,0.5,0.834176809813918
13554,human_baseline,0,0.5,0.9304093463884596
13555,original_ai,1,0.5,1.2156985129849425
13556,translated,1,0.5,1.3057042940550605
13557,substituted,1,0.5,1.3352762812170176
13558,paraphrased,1,0.5,1.178561661161152
13559,mixed_text,1,0.5,1.2387113216474142
13560,human_baseline,0,0.5,1.092442287458082
13561,original_ai,1,0.5,1.3053215676301368
13562,translated,1,0.5,1.228066900969845
13563,substituted,1,0.5,1.0441845755531522
13564,paraphrased,1,0.5,0.8724185233013781
13565,mixed_text,1,0.5,0.9000307103001589
13566,human_baseline,0,0.5,1.9274766543484767
13567,original_ai,1,0.5,1.759412480166186
13568,translated,1,0.5,1.476345216778804
13569,substituted,1,0.5,1.0723807909008871
13570,paraphrased,1,0.5,1.4728589360081423
13571,mixed_text,1,0.5,1.938308058497435
13572,human_baseline,0,0.5,0.912606515657432
13573,original_ai,1,0.5,1.289389593694097
13574,translated,1,0.5,1.3285067047030117
13575,substituted,1,0.5,1.1047290260993454
13576,paraphrased,1,0.5,1.4368983854611026
13577,mixed_text,1,0.5,1.1549548161923568
13578,human_baseline,0,0.5,0.7695147185723092
13579,original_ai,1,0.5,1.8273913354037283
13580,translated,1,0.5,1.177306306682203
13581,substituted,1,0.5,1.5084209475491055
13582,paraphrased,1,0.5,0.5857447135354319
13583,mixed_text,1,0.5,1.2412808640369857
13584,human_baseline,0,0.5,1.1366496003239537
13585,original_ai,1,0.5,1.15280355166917
13586,translated,1,0.5,1.3643526924505542
13587,substituted,1,0.5,0.8284502233971919
13588,paraphrased,1,0.5,0.7869838810202492
13589,mixed_text,1,0.5,1.329150001343677
13590,human_baseline,0,0.5,0.9023497380219722
13591,original_ai,1,0.5,1.8991792475974592
13592,translated,1,0.5,1.255489599762673
13593,substituted,1,0.5,0.8769702673896692
13594,paraphrased,1,0.5,0.9155885138801428
13595,mixed_text,1,0.5,0.9903760803992868
13596,human_baseline,0,0.5,0.7229243169610013
13597,original_ai,1,0.5,3.1563202036300573
13598,translated,1,0.5,2.6242891219076987
13599,substituted,1,0.5,2.039013672850727
13600,paraphrased,1,0.5,1.4020815909175148
13601,mixed_text,1,0.5,1.2500125140129674
13602,human_baseline,0,0.5,1.0385787761749627
13603,original_ai,1,0.5,1.9294716269693328
13604,translated,1,0.5,1.2888561012652455
13605,substituted,1,0.5,0.9363370202750286
13606,paraphrased,1,0.5,1.035920128294851
13607,mixed_text,1,0.5,1.205676175235056
13608,human_baseline,0,0.5,0.8992298140330214
13609,original_ai,1,0.5,2.81783901440957
13610,translated,1,0.5,2.412638734881628
13611,substituted,1,0.5,1.1991674521320603
13612,paraphrased,1,0.5,1.1800128942022177
13613,mixed_text,1,0.5,1.2890211585997426
13614,human_baseline,0,0.5,1.264625212560669
13615,original_ai,1,0.5,3.261805706250072
13616,translated,1,0.5,2.8644284398134285
13617,substituted,1,0.5,1.293210108411403
13618,paraphrased,1,0.5,1.7534779850861204
13619,mixed_text,1,0.5,1.2306133680747544
13620,human_baseline,0,0.5,0.9734493733937428
13621,original_ai,1,0.5,1.1273913698279896
13622,translated,1,0.5,0.9722757518993196
13623,substituted,1,0.5,0.9779527385540758
13624,paraphrased,1,0.5,0.7283617454528579
13625,mixed_text,1,0.5,0.7412111272191447
13626,human_baseline,0,0.5,0.9468090994704852
13627,original_ai,1,0.5,1.6928792882651251
13628,translated,1,0.5,1.3203351600848647
13629,substituted,1,0.5,1.2206116214440863
13630,paraphrased,1,0.5,1.0413378647289713
13631,mixed_text,1,0.5,0.9796055433564826
13632,human_baseline,0,0.5,0.962026666009964
13633,original_ai,1,0.5,3.4857781601640947
13634,translated,1,0.5,2.0688251742378743
13635,substituted,1,0.5,1.4569415082851174
13636,paraphrased,1,0.5,1.204033063383476
13637,mixed_text,1,0.5,1.835884967031977
13638,human_baseline,0,0.5,1.056337027319927
13639,original_ai,1,0.5,1.0973464722760649
13640,translated,1,0.5,1.0465198625713736
13641,substituted,1,0.5,0.8567446855007007
13642,paraphrased,1,0.5,1.0645101742843253
13643,mixed_text,1,0.5,1.8055147249913888
13644,human_baseline,0,0.5,1.3632504696338985
13645,original_ai,1,0.5,1.8878021494687507
13646,translated,1,0.5,1.6114147553097538
13647,substituted,1,0.5,1.7528491169713
13648,paraphrased,1,0.5,1.181820329146969
13649,mixed_text,1,0.5,1.612446584846032
13650,human_baseline,0,0.5,1.013779904202639
13651,original_ai,1,0.5,1.742836289304844
13652,translated,1,0.5,1.3412505269499495
13653,substituted,1,0.5,0.9534055412582092
13654,paraphrased,1,0.5,0.9791009969472304
13655,mixed_text,1,0.5,1.2936992836381782
13656,human_baseline,0,0.5,0.6755548872374805
13657,original_ai,1,0.5,1.4244648175157986
13658,translated,1,0.5,1.2554977508544498
13659,substituted,1,0.5,0.934146841420931
13660,paraphrased,1,0.5,1.0382414179355697
13661,mixed_text,1,0.5,1.2722553798419611
13662,human_baseline,0,0.5,0.8666350758646533
13663,original_ai,1,0.5,1.6275848689025447
13664,translated,1,0.5,1.8670276540630892
13665,substituted,1,0.5,1.266526405277842
13666,paraphrased,1,0.5,1.8287423716265656
13667,mixed_text,1,0.5,0.9020044179336212
13668,human_baseline,0,0.5,0.965929385039526
13669,original_ai,1,0.5,2.467116415720185
13670,translated,1,0.5,1.9568894604389733
13671,substituted,1,0.5,1.336852573739068
13672,paraphrased,1,0.5,2.0415641653662977
13673,mixed_text,1,0.5,1.529686155127124
13674,human_baseline,0,0.5,1.1128568779514387
13675,original_ai,1,0.5,1.4206804278347562
13676,translated,1,0.5,1.1609335488248282
13677,substituted,1,0.5,1.6029891044913265
13678,paraphrased,1,0.5,0.2906417013005326
13679,mixed_text,1,0.5,1.235456211257725
13680,human_baseline,0,0.5,0.7757658753552352
13681,original_ai,1,0.5,2.0926993651936825
13682,translated,1,0.5,1.273630951156146
13683,substituted,1,0.5,1.2223043385988237
13684,paraphrased,1,0.5,0.944695402748746
13685,mixed_text,1,0.5,1.1599015266101724
13686,human_baseline,0,0.5,0.9234792851241084
13687,original_ai,1,0.5,1.615431568722823
13688,translated,1,0.5,1.27163784321037
13689,substituted,1,0.5,1.0625683604874816
13690,paraphrased,1,0.5,1.0998871721982104
13691,mixed_text,1,0.5,0.8827540262525612
13692,human_baseline,0,0.5,0.9474112864827072
13693,original_ai,1,0.5,2.933516080640478
13694,translated,1,0.5,1.6056857632942911
13695,substituted,1,0.5,1.576789527578487
13696,paraphrased,1,0.5,1.238826769435448
13697,mixed_text,1,0.5,1.103834529881195
13698,human_baseline,0,0.5,0.9367564861498026
13699,original_ai,1,0.5,2.6560820715657143
13700,translated,1,0.5,1.7709916597700492
13701,substituted,1,0.5,1.557835941642811
13702,paraphrased,1,0.5,1.1195086058047068
13703,mixed_text,1,0.5,1.281038699403238
13704,human_baseline,0,0.5,1.1190050473732986
13705,original_ai,1,0.5,2.282825727382137
13706,translated,1,0.5,1.2100841676684513
13707,substituted,1,0.5,1.2466816446211573
13708,paraphrased,1,0.5,1.2668655907662474
13709,mixed_text,1,0.5,1.5448304221673543
13710,human_baseline,0,0.5,0.7181724547151679
13711,original_ai,1,0.5,1.263446878964385
13712,translated,1,0.5,1.00680058582431
13713,substituted,1,0.5,1.007681041064748
13714,paraphrased,1,0.5,1.3089658489462288
13715,mixed_text,1,0.5,0.8840575219953902
13716,human_baseline,0,0.5,1.1436720121245572
13717,original_ai,1,0.5,1.2450936323008066
13718,translated,1,0.5,1.1988735369693695
13719,substituted,1,0.5,0.9454404208925656
13720,paraphrased,1,0.5,1.2439685585111664
13721,mixed_text,1,0.5,1.4375249559031142
13722,human_baseline,0,0.5,0.9384742906550564
13723,original_ai,1,0.5,2.1281353880096234
13724,translated,1,0.5,1.8576072211672237
13725,substituted,1,0.5,1.0408732493397228
13726,paraphrased,1,0.5,1.1973771277145815
13727,mixed_text,1,0.5,1.0720290171700368
13728,human_baseline,0,0.5,0.669547296087631
13729,original_ai,1,0.5,1.4986295569448915
13730,translated,1,0.5,1.4300510784528535
13731,substituted,1,0.5,0.8048938091107027
13732,paraphrased,1,0.5,1.2241322312136609
13733,mixed_text,1,0.5,1.6284902019766698
13734,human_baseline,0,0.5,0.7877616127915866
13735,original_ai,1,0.5,1.5383120869515683
13736,translated,1,0.5,0.887936316834449
13737,substituted,1,0.5,1.4762131765669133
13738,paraphrased,1,0.5,1.3100456749937943
13739,mixed_text,1,0.5,0.988938943241872
13740,human_baseline,0,0.5,0.6988994670117062
13741,original_ai,1,0.5,1.4374891814830586
13742,translated,1,0.5,1.6114457874872494
13743,substituted,1,0.5,1.492103054449928
13744,paraphrased,1,0.5,1.2320902356084489
13745,mixed_text,1,0.5,1.0965744979681349
13746,human_baseline,0,0.5,1.1018424368483135
13747,original_ai,1,0.5,1.6468127870825373
13748,translated,1,0.5,1.6264168951591378
13749,substituted,1,0.5,0.7829602478915939
13750,paraphrased,1,0.5,1.1587997589307997
13751,mixed_text,1,0.5,1.096411757722165
13752,human_baseline,0,0.5,1.1879159278374616
13753,original_ai,1,0.5,1.5904940963928544
13754,translated,1,0.5,1.3930760576275845
13755,substituted,1,0.5,1.177775880364301
13756,paraphrased,1,0.5,0.8279217308698134
13757,mixed_text,1,0.5,1.1076206417726029
13758,human_baseline,0,0.5,0.8814311705020825
13759,original_ai,1,0.5,2.4387442820775447
13760,translated,1,0.5,2.251637844522569
13761,substituted,1,0.5,1.4535295766660703
13762,paraphrased,1,0.5,0.9734009209403156
13763,mixed_text,1,0.5,1.8975738991658253
13764,human_baseline,0,0.5,0.8205199798142226
13765,original_ai,1,0.5,2.993440843328673
13766,translated,1,0.5,2.12630119234705
13767,substituted,1,0.5,1.1224356707917125
13768,paraphrased,1,0.5,1.7208380588399712
13769,mixed_text,1,0.5,1.3727179175140134
13770,human_baseline,0,0.5,0.95029890225521
13771,original_ai,1,0.5,2.604487308995365
13772,translated,1,0.5,2.12058795600696
13773,substituted,1,0.5,1.8456693932876709
13774,paraphrased,1,0.5,1.0986482006707503
13775,mixed_text,1,0.5,1.2218768820662056
13776,human_baseline,0,0.5,0.745895708867322
13777,original_ai,1,0.5,2.205413279026514
13778,translated,1,0.5,1.5471721057454155
13779,substituted,1,0.5,0.9590949693253196
13780,paraphrased,1,0.5,0.8966401698299357
13781,mixed_text,1,0.5,1.4223219232411564
13782,human_baseline,0,0.5,0.8345934973517435
13783,original_ai,1,0.5,1.7964497215605806
13784,translated,1,0.5,1.2797529468637998
13785,substituted,1,0.5,1.1441553172501122
13786,paraphrased,1,0.5,0.9148959471674578
13787,mixed_text,1,0.5,0.8242965206510026
13788,human_baseline,0,0.5,0.8702634290181192
13789,original_ai,1,0.5,1.917007351761324
13790,translated,1,0.5,1.8950644384467887
13791,substituted,1,0.5,0.8231135684029497
13792,paraphrased,1,0.5,1.1549351504351784
13793,mixed_text,1,0.5,0.909869816918972
13794,human_baseline,0,0.5,1.005664797594188
13795,original_ai,1,0.5,1.1856758653949064
13796,translated,1,0.5,1.171459789556612
13797,substituted,1,0.5,1.2324815905038915
13798,paraphrased,1,0.5,1.1351551589614763
13799,mixed_text,1,0.5,1.062820095239868
13800,human_baseline,0,0.5,1.281757044177509
13801,original_ai,1,0.5,2.7085747892127725
13802,translated,1,0.5,2.225197423172642
13803,substituted,1,0.5,0.9695659631821284
13804,paraphrased,1,0.5,1.3023230074785277
13805,mixed_text,1,0.5,1.134015741454302
13806,human_baseline,0,0.5,0.8467501023434792
13807,original_ai,1,0.5,1.2305057974193043
13808,translated,1,0.5,1.3503658338783613
13809,substituted,1,0.5,1.0456548836435051
13810,paraphrased,1,0.5,0.9027679532291712
13811,mixed_text,1,0.5,0.8381998559471713
13812,human_baseline,0,0.5,0.7963694759840829
13813,original_ai,1,0.5,1.7659207698818074
13814,translated,1,0.5,1.19634875524839
13815,substituted,1,0.5,0.997344084363247
13816,paraphrased,1,0.5,1.4340546420946203
13817,mixed_text,1,0.5,1.229710851933012
13818,human_baseline,0,0.5,0.750404020456042
13819,original_ai,1,0.5,1.3652921526480708
13820,translated,1,0.5,1.2781165322683892
13821,substituted,1,0.5,0.9245497973880108
13822,paraphrased,1,0.5,1.2795332412352007
13823,mixed_text,1,0.5,1.2599815514780288
13824,human_baseline,0,0.5,0.7738801164626514
13825,original_ai,1,0.5,2.168624043181718
13826,translated,1,0.5,1.8176325100869632
13827,substituted,1,0.5,0.9444349377316544
13828,paraphrased,1,0.5,1.161489088494056
13829,mixed_text,1,0.5,1.1339163430051038
13830,human_baseline,0,0.5,0.7909961030178233
13831,original_ai,1,0.5,3.0556440726200806
13832,translated,1,0.5,1.6639604259344842
13833,substituted,1,0.5,0.9323621411066636
13834,paraphrased,1,0.5,1.3818212214908692
13835,mixed_text,1,0.5,1.0788234762677922
13836,human_baseline,0,0.5,1.4392256989895624
13837,original_ai,1,0.5,2.1692546712091203
13838,translated,1,0.5,1.3379519663235837
13839,substituted,1,0.5,1.642802834987651
13840,paraphrased,1,0.5,1.3943854524407542
13841,mixed_text,1,0.5,2.247489841279506
13842,human_baseline,0,0.5,0.7827180580336986
13843,original_ai,1,0.5,1.2116323316188526
13844,translated,1,0.5,1.2466022085263873
13845,substituted,1,0.5,1.0072761420116698
13846,paraphrased,1,0.5,1.1807181740280843
13847,mixed_text,1,0.5,0.8933767375516894
13848,human_baseline,0,0.5,1.1209287671008816
13849,original_ai,1,0.5,1.6551006900456016
13850,translated,1,0.5,1.579361963057804
13851,substituted,1,0.5,1.3041207973664062
13852,paraphrased,1,0.5,1.3624361703993606
13853,mixed_text,1,0.5,1.3700735392995025
13854,human_baseline,0,0.5,1.0256197860467111
13855,original_ai,1,0.5,1.5910279082207135
13856,translated,1,0.5,1.6004136294401536
13857,substituted,1,0.5,0.8728128573142103
13858,paraphrased,1,0.5,0.7902583091114043
13859,mixed_text,1,0.5,1.1675122620268643
13860,human_baseline,0,0.5,1.4770214873967231
13861,original_ai,1,0.5,1.559896996956009
13862,translated,1,0.5,1.5974159108038188
13863,substituted,1,0.5,0.7503858687302867
13864,paraphrased,1,0.5,1.5921516360904862
13865,mixed_text,1,0.5,1.4194588097287582
13866,human_baseline,0,0.5,0.8188250910428275
13867,original_ai,1,0.5,1.9195296446123868
13868,translated,1,0.5,1.2416720619059587
13869,substituted,1,0.5,0.9884900526297948
13870,paraphrased,1,0.5,1.0534237712939545
13871,mixed_text,1,0.5,0.7237491017422232
13872,human_baseline,0,0.5,0.8479227519237196
13873,original_ai,1,0.5,2.537911771350024
13874,translated,1,0.5,1.667807523444959
13875,substituted,1,0.5,2.054659799836642
13876,paraphrased,1,0.5,1.3063417235534542
13877,mixed_text,1,0.5,0.9967035132050616
13878,human_baseline,0,0.5,0.964430024388418
13879,original_ai,1,0.5,1.595945039680028
13880,translated,1,0.5,2.082182722563035
13881,substituted,1,0.5,1.1380249683463153
13882,paraphrased,1,0.5,2.173958051663309
13883,mixed_text,1,0.5,1.6500928048013226
13884,human_baseline,0,0.5,0.6957975557542868
13885,original_ai,1,0.5,1.879752612181758
13886,translated,1,0.5,1.565116268170304
13887,substituted,1,0.5,0.7965594354795923
13888,paraphrased,1,0.5,1.1285469925688092
13889,mixed_text,1,0.5,0.9632697900424362
13890,human_baseline,0,0.5,1.2046675697333813
13891,original_ai,1,0.5,1.3521201962298108
13892,translated,1,0.5,1.1138446539241027
13893,substituted,1,0.5,1.4163767377301943
13894,paraphrased,1,0.5,1.101282403277201
13895,mixed_text,1,0.5,1.4022294754206213
13896,human_baseline,0,0.5,1.1274554360086997
13897,original_ai,1,0.5,1.9005198385571245
13898,translated,1,0.5,1.329724000619472
13899,substituted,1,0.5,1.218617001937175
13900,paraphrased,1,0.5,0.8401162654916987
13901,mixed_text,1,0.5,1.252221505088494
13902,human_baseline,0,0.5,1.6859577725910109
13903,original_ai,1,0.5,1.271823136150212
13904,translated,1,0.5,1.178517649129922
13905,substituted,1,0.5,1.5381859003139693
13906,paraphrased,1,0.5,1.221843480599021
13907,mixed_text,1,0.5,1.7323684811275386
13908,human_baseline,0,0.5,1.2450541994404798
13909,original_ai,1,0.5,1.1226877538229512
13910,translated,1,0.5,1.000432051027406
13911,substituted,1,0.5,1.179438982783168
13912,paraphrased,1,0.5,0.8740355737216191
13913,mixed_text,1,0.5,1.1557137215889035
13914,human_baseline,0,0.5,0.8607912447352373
13915,original_ai,1,0.5,1.5062927229301737
13916,translated,1,0.5,1.2943590316855516
13917,substituted,1,0.5,1.007169805152808
13918,paraphrased,1,0.5,0.798480991666935
13919,mixed_text,1,0.5,1.076113456430139
13920,human_baseline,0,0.5,0.9813596890286252
13921,original_ai,1,0.5,2.505241614549156
13922,translated,1,0.5,1.708387580144076
13923,substituted,1,0.5,1.204488350126503
13924,paraphrased,1,0.5,0.8645593900457721
13925,mixed_text,1,0.5,1.434469957506536
13926,human_baseline,0,0.5,1.311881847490915
13927,original_ai,1,0.5,1.6283635115292252
13928,translated,1,0.5,1.947792290501652
13929,substituted,1,0.5,2.459407134607769
13930,paraphrased,1,0.5,1.5966116930962866
13931,mixed_text,1,0.5,1.82224984209366
13932,human_baseline,0,0.5,1.4032162103169945
13933,original_ai,1,0.5,1.4472451846256338
13934,translated,1,0.5,1.5951348116396895
13935,substituted,1,0.5,1.0041957472906051
13936,paraphrased,1,0.5,1.3110133926902034
13937,mixed_text,1,0.5,1.799987239648435
13938,human_baseline,0,0.5,1.0517189869509411
13939,original_ai,1,0.5,1.2606510462520495
13940,translated,1,0.5,1.17215873141222
13941,substituted,1,0.5,1.8342112803460788
13942,paraphrased,1,0.5,1.1583719790444342
13943,mixed_text,1,0.5,1.3201957673635276
13944,human_baseline,0,0.5,1.166469947299506
13945,original_ai,1,0.5,1.1684766645222924
13946,translated,1,0.5,1.1521025417524158
13947,substituted,1,0.5,1.3047080948981256
13948,paraphrased,1,0.5,1.327026527866866
13949,mixed_text,1,0.5,1.1703991724439744
13950,human_baseline,0,0.5,0.8173068566076519
13951,original_ai,1,0.5,2.7413815782093955
13952,translated,1,0.5,1.5897989936957655
13953,substituted,1,0.5,1.0512704607336658
13954,paraphrased,1,0.5,1.0576062140291038
13955,mixed_text,1,0.5,0.8462690194760255
13956,human_baseline,0,0.5,0.6112783012055344
13957,original_ai,1,0.5,2.105409362225366
13958,translated,1,0.5,1.643889854178888
13959,substituted,1,0.5,1.2548779783385442
13960,paraphrased,1,0.5,1.0628176455315452
13961,mixed_text,1,0.5,0.9006368764252023
13962,human_baseline,0,0.5,1.1703811028676347
13963,original_ai,1,0.5,1.3110913596850786
13964,translated,1,0.5,1.1615404419583948
13965,substituted,1,0.5,1.036468360935333
13966,paraphrased,1,0.5,1.448228540119668
13967,mixed_text,1,0.5,1.0574749380950146
13968,human_baseline,0,0.5,0.7170450004835128
13969,original_ai,1,0.5,2.802005187104389
13970,translated,1,0.5,2.284335537466508
13971,substituted,1,0.5,1.921848634883309
13972,paraphrased,1,0.5,1.5210052687161544
13973,mixed_text,1,0.5,0.9423079490285644
13974,human_baseline,0,0.5,1.0681602343343075
13975,original_ai,1,0.5,1.740861705799977
13976,translated,1,0.5,1.6361644704040343
13977,substituted,1,0.5,1.0088315830927794
13978,paraphrased,1,0.5,1.38457857160133
13979,mixed_text,1,0.5,1.214947597761489
13980,human_baseline,0,0.5,0.9732612562872064
13981,original_ai,1,0.5,1.799454154609364
13982,translated,1,0.5,1.306329236908844
13983,substituted,1,0.5,1.0347815509716396
13984,paraphrased,1,0.5,0.8774723584189205
13985,mixed_text,1,0.5,1.1322770207440722
13986,human_baseline,0,0.5,0.8048708332975592
13987,original_ai,1,0.5,2.2573246742172866
13988,translated,1,0.5,1.385603781708579
13989,substituted,1,0.5,0.975799076417124
13990,paraphrased,1,0.5,0.9982162164697662
13991,mixed_text,1,0.5,1.1439363683118615
13992,human_baseline,0,0.5,0.8467682330821713
13993,original_ai,1,0.5,1.3552079831604382
13994,translated,1,0.5,1.6892718499589368
13995,substituted,1,0.5,0.9130611738012254
13996,paraphrased,1,0.5,0.8222102283369765
13997,mixed_text,1,0.5,1.038312016254761
13998,human_baseline,0,0.5,0.8396776643091913
13999,original_ai,1,0.5,2.414057457442357
14000,translated,1,0.5,1.663466710871926
14001,substituted,1,0.5,1.694654451165055
14002,paraphrased,1,0.5,0.7531970998493627
14003,mixed_text,1,0.5,0.8006564955437009
14004,human_baseline,0,0.5,1.1297566168459583
14005,original_ai,1,0.5,2.768280565939123
14006,translated,1,0.5,1.5408693510323943
14007,substituted,1,0.5,1.9885197567813653
14008,paraphrased,1,0.5,1.2474214879509522
14009,mixed_text,1,0.5,1.1756718478741763
14010,human_baseline,0,0.5,0.9134723491682658
14011,original_ai,1,0.5,2.425682926443716
14012,translated,1,0.5,1.4673506090800303
14013,substituted,1,0.5,1.717451919292579
14014,paraphrased,1,0.5,1.7286614365999335
14015,mixed_text,1,0.5,1.0085817970374102
14016,human_baseline,0,0.5,0.9569809185913916
14017,original_ai,1,0.5,1.1541897124693248
14018,translated,1,0.5,1.070429448001095
14019,substituted,1,0.5,0.8094888853494547
14020,paraphrased,1,0.5,1.0815328062283838
14021,mixed_text,1,0.5,1.1093185010023634
14022,human_baseline,0,0.5,0.7261972552497217
14023,original_ai,1,0.5,2.3501697866034608
14024,translated,1,0.5,1.5858910850554933
14025,substituted,1,0.5,1.2117532984399702
14026,paraphrased,1,0.5,0.9493571242135084
14027,mixed_text,1,0.5,1.0094332048971033
14028,human_baseline,0,0.5,1.2976233730973483
14029,original_ai,1,0.5,2.273151706170504
14030,translated,1,0.5,1.878165838923229
14031,substituted,1,0.5,0.8769953648250679
14032,paraphrased,1,0.5,1.0671202700790956
14033,mixed_text,1,0.5,1.2527862961444598
14034,human_baseline,0,0.5,1.0811502837528062
14035,original_ai,1,0.5,1.3160555236707268
14036,translated,1,0.5,1.1054016896844725
14037,substituted,1,0.5,0.7375676606948302
14038,paraphrased,1,0.5,1.111034581340682
14039,mixed_text,1,0.5,0.7660732273653736
14040,human_baseline,0,0.5,0.8754190929628102
14041,original_ai,1,0.5,1.3259722395691569
14042,translated,1,0.5,1.6833333063000433
14043,substituted,1,0.5,0.7995924089976909
14044,paraphrased,1,0.5,0.8164925045117547
14045,mixed_text,1,0.5,1.235053752548379
14046,human_baseline,0,0.5,1.1963601845670353
14047,original_ai,1,0.5,1.8067396975303327
14048,translated,1,0.5,1.9306788801110475
14049,substituted,1,0.5,1.3694938392269675
14050,paraphrased,1,0.5,1.340158087683531
14051,mixed_text,1,0.5,1.069621724486192
14052,human_baseline,0,0.5,0.8772004146193787
14053,original_ai,1,0.5,1.4807730612850325
14054,translated,1,0.5,1.578972899217121
14055,substituted,1,0.5,1.3548378717911012
14056,paraphrased,1,0.5,0.8633361922381967
14057,mixed_text,1,0.5,1.4183726937507648
14058,human_baseline,0,0.5,0.8080900478254808
14059,original_ai,1,0.5,1.1966110657052544
14060,translated,1,0.5,0.8309232464724281
14061,substituted,1,0.5,0.8439241373594444
14062,paraphrased,1,0.5,1.21138008872647
14063,mixed_text,1,0.5,1.010795932875174
14064,human_baseline,0,0.5,1.0925289953116004
14065,original_ai,1,0.5,1.6438302743417208
14066,translated,1,0.5,1.2197411757271563
14067,substituted,1,0.5,1.1159336189356266
14068,paraphrased,1,0.5,1.0771878298848854
14069,mixed_text,1,0.5,1.5372168404638586
14070,human_baseline,0,0.5,0.9080434392037902
14071,original_ai,1,0.5,1.9135347253101795
14072,translated,1,0.5,1.4483350286423629
14073,substituted,1,0.5,1.5403563080197868
14074,paraphrased,1,0.5,1.1937955325934178
14075,mixed_text,1,0.5,1.1147452956347632
14076,human_baseline,0,0.5,0.996293515882974
14077,original_ai,1,0.5,2.310975758107046
14078,translated,1,0.5,2.4414707260267026
14079,substituted,1,0.5,1.465369960528588
14080,paraphrased,1,0.5,1.9710148085362813
14081,mixed_text,1,0.5,1.2574245723422268
14082,human_baseline,0,0.5,0.9575021610906072
14083,original_ai,1,0.5,3.2583520064171783
14084,translated,1,0.5,2.2378063906618086
14085,substituted,1,0.5,1.3305426052796134
14086,paraphrased,1,0.5,0.9981282952224204
14087,mixed_text,1,0.5,1.6993059706369942
14088,human_baseline,0,0.5,0.6392140353145717
14089,original_ai,1,0.5,1.048040801141765
14090,translated,1,0.5,1.3179610896200993
14091,substituted,1,0.5,1.0963626500305754
14092,paraphrased,1,0.5,0.7460197337379185
14093,mixed_text,1,0.5,0.9459960441374624
14094,human_baseline,0,0.5,0.826604086673859
14095,original_ai,1,0.5,2.264522594454014
14096,translated,1,0.5,1.786874587508095
14097,substituted,1,0.5,1.1181320470664036
14098,paraphrased,1,0.5,0.9764435501950068
14099,mixed_text,1,0.5,1.1170070733562134
14100,human_baseline,0,0.5,0.7193218221647184
14101,original_ai,1,0.5,2.616662480750385
14102,translated,1,0.5,1.5802315472102162
14103,substituted,1,0.5,1.8230219886834853
14104,paraphrased,1,0.5,1.516667381203332
14105,mixed_text,1,0.5,0.9726111242667644
14106,human_baseline,0,0.5,0.9204332916741044
14107,original_ai,1,0.5,2.112838555111101
14108,translated,1,0.5,1.785885441635776
14109,substituted,1,0.5,1.106930593054858
14110,paraphrased,1,0.5,0.8793189053132704
14111,mixed_text,1,0.5,1.448971379140193
14112,human_baseline,0,0.5,1.23551850709207
14113,original_ai,1,0.5,1.7383276972120745
14114,translated,1,0.5,1.4224902532409731
14115,substituted,1,0.5,1.2816226907707648
14116,paraphrased,1,0.5,1.2031598846454643
14117,mixed_text,1,0.5,1.3287203992513132
14118,human_baseline,0,0.5,1.2601073852753637
14119,original_ai,1,0.5,1.5413379170073414
14120,translated,1,0.5,1.3167350307989711
14121,substituted,1,0.5,0.9020976795395522
14122,paraphrased,1,0.5,1.310591329508388
14123,mixed_text,1,0.5,1.167150590757433
14124,human_baseline,0,0.5,0.9927166708138472
14125,original_ai,1,0.5,2.006753608581739
14126,translated,1,0.5,1.8321562781473413
14127,substituted,1,0.5,1.0922719172067117
14128,paraphrased,1,0.5,0.9877601244135124
14129,mixed_text,1,0.5,1.0130866419096467
14130,human_baseline,0,0.5,1.1636222625005923
14131,original_ai,1,0.5,1.5964517070922932
14132,translated,1,0.5,1.028116447811107
14133,substituted,1,0.5,1.1276047245579428
14134,paraphrased,1,0.5,1.0827727119984036
14135,mixed_text,1,0.5,1.2847568314658973
14136,human_baseline,0,0.5,0.9219764158442098
14137,original_ai,1,0.5,2.6814366214901657
14138,translated,1,0.5,2.1394394418607936
14139,substituted,1,0.5,1.610735257042566
14140,paraphrased,1,0.5,1.2027000216583703
14141,mixed_text,1,0.5,1.39912976778507
14142,human_baseline,0,0.5,0.8103898549500836
14143,original_ai,1,0.5,1.5949398294072887
14144,translated,1,0.5,1.3270091108765856
14145,substituted,1,0.5,1.292176833936806
14146,paraphrased,1,0.5,1.0882096500247274
14147,mixed_text,1,0.5,1.2304317137698386
14148,human_baseline,0,0.5,0.7615226699096703
14149,original_ai,1,0.5,1.4309950897583916
14150,translated,1,0.5,1.1420627901637652
14151,substituted,1,0.5,1.205822666380364
14152,paraphrased,1,0.5,1.2338377010519477
14153,mixed_text,1,0.5,0.8242293805075926
14154,human_baseline,0,0.5,1.0151909174260731
14155,original_ai,1,0.5,1.432971073683774
14156,translated,1,0.5,1.3422938165069451
14157,substituted,1,0.5,0.7881468727203361
14158,paraphrased,1,0.5,1.321600315739587
14159,mixed_text,1,0.5,1.3324152652201875
14160,human_baseline,0,0.5,1.0387964455319116
14161,original_ai,1,0.5,1.3073262497150877
14162,translated,1,0.5,1.049221375049165
14163,substituted,1,0.5,1.349626008941893
14164,paraphrased,1,0.5,0.7391356092495941
14165,mixed_text,1,0.5,1.6392265403693795
14166,human_baseline,0,0.5,1.2550768207641718
14167,original_ai,1,0.5,0.9431179084794769
14168,translated,1,0.5,1.269586290533642
14169,substituted,1,0.5,0.6274815970257384
14170,paraphrased,1,0.5,0.9593289796207
14171,mixed_text,1,0.5,1.305395338521438
14172,human_baseline,0,0.5,1.040110410676994
14173,original_ai,1,0.5,1.5081200197409277
14174,translated,1,0.5,1.1674664103196637
14175,substituted,1,0.5,1.5236095985702551
14176,paraphrased,1,0.5,0.9889655569633868
14177,mixed_text,1,0.5,1.158749396448213
14178,human_baseline,0,0.5,0.9604812308866232
14179,original_ai,1,0.5,1.8391502823742525
14180,translated,1,0.5,1.4703649034669226
14181,substituted,1,0.5,1.027276166368117
14182,paraphrased,1,0.5,1.0062030245733722
14183,mixed_text,1,0.5,1.0770948611737612
14184,human_baseline,0,0.5,0.9156927270482872
14185,original_ai,1,0.5,2.1441608776275567
14186,translated,1,0.5,1.960621732019989
14187,substituted,1,0.5,1.379817465051848
14188,paraphrased,1,0.5,0.9291783939556272
14189,mixed_text,1,0.5,1.1938599254776412
14190,human_baseline,0,0.5,1.205646625382936
14191,original_ai,1,0.5,1.8402387466142056
14192,translated,1,0.5,1.5831856553078638
14193,substituted,1,0.5,1.469432553714681
14194,paraphrased,1,0.5,2.1792968374613837
14195,mixed_text,1,0.5,1.1999253013272957
14196,human_baseline,0,0.5,0.9697446849036696
14197,original_ai,1,0.5,1.8060537417956917
14198,translated,1,0.5,2.02584743297
14199,substituted,1,0.5,0.9850611753466356
14200,paraphrased,1,0.5,1.068537124436415
14201,mixed_text,1,0.5,1.0803622818601455
14202,human_baseline,0,0.5,0.861905133586842
14203,original_ai,1,0.5,2.6417728055293592
14204,translated,1,0.5,1.7220671732885158
14205,substituted,1,0.5,1.5972385724496605
14206,paraphrased,1,0.5,0.9957069680150006
14207,mixed_text,1,0.5,1.073444968027791
14208,human_baseline,0,0.5,0.9205891219965184
14209,original_ai,1,0.5,3.3749910816637696
14210,translated,1,0.5,1.7875980111839411
14211,substituted,1,0.5,1.1653041465057232
14212,paraphrased,1,0.5,1.4523674180409414
14213,mixed_text,1,0.5,1.223980243860655
14214,human_baseline,0,0.5,0.9475159377358314
14215,original_ai,1,0.5,2.957581881635965
14216,translated,1,0.5,1.863230760706358
14217,substituted,1,0.5,1.86208611541429
14218,paraphrased,1,0.5,1.075465672547757
14219,mixed_text,1,0.5,1.4183523896089405
14220,human_baseline,0,0.5,0.9563376322249862
14221,original_ai,1,0.5,2.604073513628044
14222,translated,1,0.5,2.0297316472929725
14223,substituted,1,0.5,1.3573478939982515
14224,paraphrased,1,0.5,1.3948858566788216
14225,mixed_text,1,0.5,1.5651140654990932
14226,human_baseline,0,0.5,1.0042818971524303
14227,original_ai,1,0.5,1.1292926991957428
14228,translated,1,0.5,1.019367945748381
14229,substituted,1,0.5,0.893324221296425
14230,paraphrased,1,0.5,1.1790654420459112
14231,mixed_text,1,0.5,1.0823395034981762
14232,human_baseline,0,0.5,1.1585784828573231
14233,original_ai,1,0.5,1.6925846954641923
14234,translated,1,0.5,1.5432034565855692
14235,substituted,1,0.5,1.186929826217303
14236,paraphrased,1,0.5,1.2826338249146236
14237,mixed_text,1,0.5,0.8496144438175455
14238,human_baseline,0,0.5,0.8667789390693877
14239,original_ai,1,0.5,2.3615268793254267
14240,translated,1,0.5,1.6415571514376668
14241,substituted,1,0.5,1.7472813342393252
14242,paraphrased,1,0.5,1.138505250065326
14243,mixed_text,1,0.5,1.3371832665064491
14244,human_baseline,0,0.5,1.0705200511127315
14245,original_ai,1,0.5,1.6156309440131291
14246,translated,1,0.5,1.480863421240923
14247,substituted,1,0.5,1.0615195512603008
14248,paraphrased,1,0.5,1.053156059496318
14249,mixed_text,1,0.5,1.2139641412914948
14250,human_baseline,0,0.5,0.7443322681207732
14251,original_ai,1,0.5,1.7807311693533086
14252,translated,1,0.5,1.6126457367247518
14253,substituted,1,0.5,0.9905384984766822
14254,paraphrased,1,0.5,1.0589731757035048
14255,mixed_text,1,0.5,1.632798034557526
14256,human_baseline,0,0.5,1.715563656167547
14257,original_ai,1,0.5,3.2693171531515857
14258,translated,1,0.5,2.207478099268992
14259,substituted,1,0.5,1.1664115275122242
14260,paraphrased,1,0.5,0.7959533955411495
14261,mixed_text,1,0.5,1.8327904411767155
14262,human_baseline,0,0.5,1.2107545104306277
14263,original_ai,1,0.5,1.6826897608665317
14264,translated,1,0.5,1.1834588689657868
14265,substituted,1,0.5,1.277846448055385
14266,paraphrased,1,0.5,1.4004730977252504
14267,mixed_text,1,0.5,1.7273156625983492
14268,human_baseline,0,0.5,0.7848180707817296
14269,original_ai,1,0.5,2.9632279373480555
14270,translated,1,0.5,1.7699995254405174
14271,substituted,1,0.5,0.908792902861406
14272,paraphrased,1,0.5,1.0771770308545296
14273,mixed_text,1,0.5,0.888611780132293
14274,human_baseline,0,0.5,1.0386621699414569
14275,original_ai,1,0.5,1.9902729815169804
14276,translated,1,0.5,1.2277502103128208
14277,substituted,1,0.5,0.9995031101336186
14278,paraphrased,1,0.5,0.6822375682479319
14279,mixed_text,1,0.5,1.2561522664564944
14280,human_baseline,0,0.5,0.8719061256326758
14281,original_ai,1,0.5,2.0604471788464505
14282,translated,1,0.5,1.819206793876769
14283,substituted,1,0.5,1.6021111693190546
14284,paraphrased,1,0.5,1.3688813437967
14285,mixed_text,1,0.5,1.185229318116587
14286,human_baseline,0,0.5,0.9503838717258812
14287,original_ai,1,0.5,2.0271828214363543
14288,translated,1,0.5,1.241027875721122
14289,substituted,1,0.5,1.1743632403461994
14290,paraphrased,1,0.5,1.0984204998485
14291,mixed_text,1,0.5,1.3542871579731577
14292,human_baseline,0,0.5,0.8299777369124739
14293,original_ai,1,0.5,3.6638385195829857
14294,translated,1,0.5,2.7707853452484184
14295,substituted,1,0.5,1.3862407352934376
14296,paraphrased,1,0.5,1.4591236712435411
14297,mixed_text,1,0.5,1.1932182906941589
14298,human_baseline,0,0.5,0.939420505643372
14299,original_ai,1,0.5,2.503562810207756
14300,translated,1,0.5,1.4948904303633757
14301,substituted,1,0.5,0.8980814650983976
14302,paraphrased,1,0.5,1.2202448753375708
14303,mixed_text,1,0.5,1.1554189578375254
14304,human_baseline,0,0.5,0.8499404183418394
14305,original_ai,1,0.5,1.4741650063968514
14306,translated,1,0.5,1.7222935943463409
14307,substituted,1,0.5,1.3717954738549585
14308,paraphrased,1,0.5,0.5345255714464435
14309,mixed_text,1,0.5,1.0772151418728957
14310,human_baseline,0,0.5,1.141097221212474
14311,original_ai,1,0.5,1.431282532201887
14312,translated,1,0.5,1.2087100127963084
14313,substituted,1,0.5,1.5277119455437318
14314,paraphrased,1,0.5,0.6709301697196731
14315,mixed_text,1,0.5,1.2167153407698086
14316,human_baseline,0,0.5,0.9254773734558293
14317,original_ai,1,0.5,1.3626127334873843
14318,translated,1,0.5,1.1193872926114168
14319,substituted,1,0.5,1.3911191533751726
14320,paraphrased,1,0.5,1.0839611879347242
14321,mixed_text,1,0.5,1.0319902363218556
14322,human_baseline,0,0.5,0.8327422034550563
14323,original_ai,1,0.5,1.4629633771114046
14324,translated,1,0.5,1.1168872744253329
14325,substituted,1,0.5,1.137155162802229
14326,paraphrased,1,0.5,1.120536256404855
14327,mixed_text,1,0.5,1.1862709568574448
14328,human_baseline,0,0.5,0.782265730510021
14329,original_ai,1,0.5,1.8298131347879416
14330,translated,1,0.5,1.3503045586766105
14331,substituted,1,0.5,1.1762956987720972
14332,paraphrased,1,0.5,1.2346162132775675
14333,mixed_text,1,0.5,1.0692142311082016
14334,human_baseline,0,0.5,0.8545339244025173
14335,original_ai,1,0.5,1.341100010236611
14336,translated,1,0.5,1.290259496048125
14337,substituted,1,0.5,0.8899672514798617
14338,paraphrased,1,0.5,0.7923876630891602
14339,mixed_text,1,0.5,1.0335522418319645
14340,human_baseline,0,0.5,0.9240054614058006
14341,original_ai,1,0.5,2.662313188039209
14342,translated,1,0.5,1.7152553488413105
14343,substituted,1,0.5,1.1413214084852008
14344,paraphrased,1,0.5,1.2845885104182873
14345,mixed_text,1,0.5,1.2190908930534592
14346,human_baseline,0,0.5,0.6417913368421791
14347,original_ai,1,0.5,3.152882124296473
14348,translated,1,0.5,1.7091179843802735
14349,substituted,1,0.5,1.2007058309244951
14350,paraphrased,1,0.5,0.9247660849178522
14351,mixed_text,1,0.5,1.1164498296132814
14352,human_baseline,0,0.5,1.002061768468813
14353,original_ai,1,0.5,1.2680061007289778
14354,translated,1,0.5,0.997629790812484
14355,substituted,1,0.5,1.0173723194750854
14356,paraphrased,1,0.5,0.9139612089744028
14357,mixed_text,1,0.5,1.569066524799777
14358,human_baseline,0,0.5,1.1411600419360677
14359,original_ai,1,0.5,1.2810278988977315
14360,translated,1,0.5,1.2825772050917383
14361,substituted,1,0.5,1.2110899904126884
14362,paraphrased,1,0.5,0.9772322627001534
14363,mixed_text,1,0.5,2.156741846499074
14364,human_baseline,0,0.5,1.0729561499102824
14365,original_ai,1,0.5,1.2983336210228449
14366,translated,1,0.5,1.243856216701832
14367,substituted,1,0.5,1.130015064558609
14368,paraphrased,1,0.5,0.971480906926214
14369,mixed_text,1,0.5,1.6522671129760642
14370,human_baseline,0,0.5,0.82569390898213
14371,original_ai,1,0.5,1.9209120662857968
14372,translated,1,0.5,1.4462651713770711
14373,substituted,1,0.5,1.1694567905925155
14374,paraphrased,1,0.5,0.802590868362493
14375,mixed_text,1,0.5,1.093626997234807
14376,human_baseline,0,0.5,0.8141047808149949
14377,original_ai,1,0.5,1.133766816960465
14378,translated,1,0.5,1.1320401671356135
14379,substituted,1,0.5,0.9833958583121796
14380,paraphrased,1,0.5,1.1661987651723045
14381,mixed_text,1,0.5,1.0955942255951334
14382,human_baseline,0,0.5,1.2078613886341063
14383,original_ai,1,0.5,1.867095567704622
14384,translated,1,0.5,1.7774423937361106
14385,substituted,1,0.5,0.8950555863009751
14386,paraphrased,1,0.5,0.9713269652489592
14387,mixed_text,1,0.5,1.541054734685655
14388,human_baseline,0,0.5,0.9220099661505444
14389,original_ai,1,0.5,1.709628793992491
14390,translated,1,0.5,1.197195395010766
14391,substituted,1,0.5,1.332088961287063
14392,paraphrased,1,0.5,0.9288287136096708
14393,mixed_text,1,0.5,0.9299797128039062
14394,human_baseline,0,0.5,0.8967420807047022
14395,original_ai,1,0.5,0.8909107882605949
14396,translated,1,0.5,0.9130217127715352
14397,substituted,1,0.5,1.2816595559015762
14398,paraphrased,1,0.5,0.8067129679684388
14399,mixed_text,1,0.5,1.299673501396318
14400,human_baseline,0,0.5,0.8904489414215
14401,original_ai,1,0.5,2.1484284265707765
14402,translated,1,0.5,1.8501597906048823
14403,substituted,1,0.5,1.6392800241600811
14404,paraphrased,1,0.5,0.9922047997990212
14405,mixed_text,1,0.5,1.4059546957876157
14406,human_baseline,0,0.5,0.9429250953491424
14407,original_ai,1,0.5,2.163189494592705
14408,translated,1,0.5,1.6748488034216245
14409,substituted,1,0.5,1.199257760099104
14410,paraphrased,1,0.5,0.8031515326828703
14411,mixed_text,1,0.5,0.9241694139889732
14412,human_baseline,0,0.5,0.8611106385233369
14413,original_ai,1,0.5,1.8218774168677223
14414,translated,1,0.5,1.7179911352263832
14415,substituted,1,0.5,2.278310756640169
14416,paraphrased,1,0.5,0.9339603026244432
14417,mixed_text,1,0.5,1.0443018445033811
14418,human_baseline,0,0.5,1.1942634352877437
14419,original_ai,1,0.5,4.174580932989687
14420,translated,1,0.5,3.733630810117535
14421,substituted,1,0.5,2.011556012263209
14422,paraphrased,1,0.5,2.3037840321455083
14423,mixed_text,1,0.5,1.9048707621499168
14424,human_baseline,0,0.5,0.7076170717283875
14425,original_ai,1,0.5,2.742110348558267
14426,translated,1,0.5,2.3843035690831305
14427,substituted,1,0.5,0.9296717167612716
14428,paraphrased,1,0.5,1.459959537189765
14429,mixed_text,1,0.5,1.0907378642772572
14430,human_baseline,0,0.5,0.9058862560755856
14431,original_ai,1,0.5,2.1971057760967505
14432,translated,1,0.5,1.4871987190533182
14433,substituted,1,0.5,1.0776065404680817
14434,paraphrased,1,0.5,1.3559085733230285
14435,mixed_text,1,0.5,1.2485612391955707
14436,human_baseline,0,0.5,0.9551001906073404
14437,original_ai,1,0.5,1.7015789988462555
14438,translated,1,0.5,1.2977655833462218
14439,substituted,1,0.5,1.047614858099511
14440,paraphrased,1,0.5,0.7446098261950925
14441,mixed_text,1,0.5,1.1462202374032853
14442,human_baseline,0,0.5,1.3003111467322856
14443,original_ai,1,0.5,1.8219945940367483
14444,translated,1,0.5,1.4634253138262272
14445,substituted,1,0.5,1.111897963630301
14446,paraphrased,1,0.5,1.2427610761760124
14447,mixed_text,1,0.5,2.3086338300452725
14448,human_baseline,0,0.5,0.9932907858067764
14449,original_ai,1,0.5,1.5745897094401289
14450,translated,1,0.5,1.228845672406481
14451,substituted,1,0.5,0.5649362096576476
14452,paraphrased,1,0.5,0.6118035044667108
14453,mixed_text,1,0.5,1.8684104819637548
14454,human_baseline,0,0.5,0.8983776866581967
14455,original_ai,1,0.5,1.5064992029637865
14456,translated,1,0.5,1.277033125440222
14457,substituted,1,0.5,0.7704333054277851
14458,paraphrased,1,0.5,1.051012885875598
14459,mixed_text,1,0.5,1.0199162497208647
14460,human_baseline,0,0.5,1.2509807008063232
14461,original_ai,1,0.5,1.5910240477876376
14462,translated,1,0.5,1.775326313994911
14463,substituted,1,0.5,1.2570037730668076
14464,paraphrased,1,0.5,1.336084143463712
14465,mixed_text,1,0.5,1.418227565426171
14466,human_baseline,0,0.5,0.947930394323922
14467,original_ai,1,0.5,2.228670369927931
14468,translated,1,0.5,1.6075857764282724
14469,substituted,1,0.5,0.8588977231197673
14470,paraphrased,1,0.5,1.0782045030557736
14471,mixed_text,1,0.5,1.2948855944146282
14472,human_baseline,0,0.5,0.9111057658450712
14473,original_ai,1,0.5,1.734579571396084
14474,translated,1,0.5,1.7651030262719876
14475,substituted,1,0.5,1.6531657870102672
14476,paraphrased,1,0.5,1.1276779138049475
14477,mixed_text,1,0.5,0.9685835588896744
14478,human_baseline,0,0.5,1.4681797896108644
14479,original_ai,1,0.5,1.5244336559887617
14480,translated,1,0.5,1.7040117076941663
14481,substituted,1,0.5,0.9717758515559692
14482,paraphrased,1,0.5,1.7446222641858542
14483,mixed_text,1,0.5,1.1293893809140207
14484,human_baseline,0,0.5,1.177240600864461
14485,original_ai,1,0.5,1.1099596762975557
14486,translated,1,0.5,0.9451734643188596
14487,substituted,1,0.5,0.7169058808628849
14488,paraphrased,1,0.5,0.7053239319877653
14489,mixed_text,1,0.5,1.3108710925708675
14490,human_baseline,0,0.5,0.9606156561864744
14491,original_ai,1,0.5,2.0215590615440515
14492,translated,1,0.5,1.4482429685614615
14493,substituted,1,0.5,1.0346672031332969
14494,paraphrased,1,0.5,1.4369383732526326
14495,mixed_text,1,0.5,1.2495410146098802
14496,human_baseline,0,0.5,1.2998971678282538
14497,original_ai,1,0.5,1.630802414822222
14498,translated,1,0.5,1.4801782516584907
14499,substituted,1,0.5,1.5372966632677767
14500,paraphrased,1,0.5,1.149404603032046
14501,mixed_text,1,0.5,1.4784977172468354
14502,human_baseline,0,0.5,0.6627091128379075
14503,original_ai,1,0.5,1.7452191508175938
14504,translated,1,0.5,1.1437295503440408
14505,substituted,1,0.5,1.350525048779276
14506,paraphrased,1,0.5,1.2432159756787469
14507,mixed_text,1,0.5,1.354953425250535
14508,human_baseline,0,0.5,0.8210326990383823
14509,original_ai,1,0.5,1.4810174365202295
14510,translated,1,0.5,1.0790718850014225
14511,substituted,1,0.5,1.2740534087554596
14512,paraphrased,1,0.5,0.8934574433361426
14513,mixed_text,1,0.5,1.213093552576044
14514,human_baseline,0,0.5,1.4418421126901393
14515,original_ai,1,0.5,1.700946983597886
14516,translated,1,0.5,1.3472813114114093
14517,substituted,1,0.5,1.2278886389973174
14518,paraphrased,1,0.5,1.1153709265638414
14519,mixed_text,1,0.5,2.081093514796275
14520,human_baseline,0,0.5,0.9204951180830956
14521,original_ai,1,0.5,1.801953365151406
14522,translated,1,0.5,1.7049506993774872
14523,substituted,1,0.5,1.3272985578933356
14524,paraphrased,1,0.5,1.2204821443543492
14525,mixed_text,1,0.5,1.528090196873453
14526,human_baseline,0,0.5,0.7814553629100476
14527,original_ai,1,0.5,1.5923308169668997
14528,translated,1,0.5,0.9716756259981127
14529,substituted,1,0.5,0.9735425490105027
14530,paraphrased,1,0.5,0.9552692609275388
14531,mixed_text,1,0.5,0.9895488272778444
14532,human_baseline,0,0.5,0.9417593586519344
14533,original_ai,1,0.5,1.4076101447032443
14534,translated,1,0.5,1.2355700976574768
14535,substituted,1,0.5,0.94119421666811
14536,paraphrased,1,0.5,1.3809786927414829
14537,mixed_text,1,0.5,1.1464470261219133
14538,human_baseline,0,0.5,0.7343992356328275
14539,original_ai,1,0.5,2.120008782125701
14540,translated,1,0.5,1.5565407367079171
14541,substituted,1,0.5,1.982829900640704
14542,paraphrased,1,0.5,1.3340628668205006
14543,mixed_text,1,0.5,0.941800164329633
14544,human_baseline,0,0.5,1.08959176362651
14545,original_ai,1,0.5,0.9485691469756072
14546,translated,1,0.5,0.9308116292805756
14547,substituted,1,0.5,1.103039859979805
14548,paraphrased,1,0.5,1.4064030324713213
14549,mixed_text,1,0.5,0.7914390300105439
14550,human_baseline,0,0.5,0.8570847445334387
14551,original_ai,1,0.5,2.817054189302341
14552,translated,1,0.5,1.908998394705273
14553,substituted,1,0.5,1.1889701378780655
14554,paraphrased,1,0.5,0.8053196073912111
14555,mixed_text,1,0.5,1.142885833979835
14556,human_baseline,0,0.5,1.4354636604638602
14557,original_ai,1,0.5,1.6497407079336837
14558,translated,1,0.5,1.401170770146669
14559,substituted,1,0.5,2.36255689217836
14560,paraphrased,1,0.5,0.7785661712944968
14561,mixed_text,1,0.5,1.2847837236295088
14562,human_baseline,0,0.5,0.8026576654829245
14563,original_ai,1,0.5,2.6449286521590727
14564,translated,1,0.5,2.1398949992468377
14565,substituted,1,0.5,1.3422097357124705
14566,paraphrased,1,0.5,1.164712334425021
14567,mixed_text,1,0.5,0.8882007003464332
14568,human_baseline,0,0.5,1.2549698873459596
14569,original_ai,1,0.5,1.4631361299395251
14570,translated,1,0.5,1.0911771646186033
14571,substituted,1,0.5,1.0763111715431666
14572,paraphrased,1,0.5,1.3825525488772703
14573,mixed_text,1,0.5,1.4014317081104877
14574,human_baseline,0,0.5,0.8890492148680624
14575,original_ai,1,0.5,1.1650722720672275
14576,translated,1,0.5,1.005726059807185
14577,substituted,1,0.5,1.1497956891949357
14578,paraphrased,1,0.5,1.0568244348110527
14579,mixed_text,1,0.5,1.1354526965610554
14580,human_baseline,0,0.5,0.8987018729924731
14581,original_ai,1,0.5,1.3708618031851063
14582,translated,1,0.5,1.3915325244844217
14583,substituted,1,0.5,0.987387970075479
14584,paraphrased,1,0.5,1.4776353873051382
14585,mixed_text,1,0.5,1.0428421713232157
14586,human_baseline,0,0.5,0.879853425703839
14587,original_ai,1,0.5,2.447450693441582
14588,translated,1,0.5,2.103643877907547
14589,substituted,1,0.5,2.669210339052775
14590,paraphrased,1,0.5,1.821422421807692
14591,mixed_text,1,0.5,0.8790013684672945
14592,human_baseline,0,0.5,0.8265171338835804
14593,original_ai,1,0.5,2.075176693950024
14594,translated,1,0.5,0.9083989625014992
14595,substituted,1,0.5,0.9713259496857628
14596,paraphrased,1,0.5,1.007769919632762
14597,mixed_text,1,0.5,1.0157256189157435
14598,human_baseline,0,0.5,0.9073940189494256
14599,original_ai,1,0.5,2.140003738719773
14600,translated,1,0.5,1.7945279705244768
14601,substituted,1,0.5,1.2873474210785338
14602,paraphrased,1,0.5,1.6991076897386577
14603,mixed_text,1,0.5,1.29190227658608
14604,human_baseline,0,0.5,0.9378061469440084
14605,original_ai,1,0.5,3.4005473712823715
14606,translated,1,0.5,2.1544480617330657
14607,substituted,1,0.5,1.1014247330592115
14608,paraphrased,1,0.5,2.1459829054271085
14609,mixed_text,1,0.5,1.0590163795401597
14610,human_baseline,0,0.5,1.067394410457782
14611,original_ai,1,0.5,2.327665346659581
14612,translated,1,0.5,2.0761962138974237
14613,substituted,1,0.5,1.8883853353969131
14614,paraphrased,1,0.5,0.7376669316028462
14615,mixed_text,1,0.5,2.27397814867574
14616,human_baseline,0,0.5,1.1865002399948803
14617,original_ai,1,0.5,1.3704516237953914
14618,translated,1,0.5,1.2590120936763705
14619,substituted,1,0.5,1.1646459721128306
14620,paraphrased,1,0.5,1.103270785537579
14621,mixed_text,1,0.5,1.2803877617044404
14622,human_baseline,0,0.5,1.2404077491999816
14623,original_ai,1,0.5,2.8403339568125547
14624,translated,1,0.5,1.959506709124754
14625,substituted,1,0.5,1.8733072107692263
14626,paraphrased,1,0.5,1.0389821166022395
14627,mixed_text,1,0.5,1.5745307432705355
14628,human_baseline,0,0.5,0.8523327467727088
14629,original_ai,1,0.5,2.7186006888490053
14630,translated,1,0.5,1.5178758645777053
14631,substituted,1,0.5,1.5880140874285775
14632,paraphrased,1,0.5,1.4417252610592133
14633,mixed_text,1,0.5,1.3247758064456918
14634,human_baseline,0,0.5,1.1549039456966468
14635,original_ai,1,0.5,1.4374792898001143
14636,translated,1,0.5,1.5204377183654196
14637,substituted,1,0.5,1.5521391130848992
14638,paraphrased,1,0.5,0.9285155601104512
14639,mixed_text,1,0.5,0.8285089683196515
14640,human_baseline,0,0.5,0.8351078110084986
14641,original_ai,1,0.5,1.334859677831885
14642,translated,1,0.5,1.224892019930259
14643,substituted,1,0.5,1.376872701217689
14644,paraphrased,1,0.5,1.1017704715060466
14645,mixed_text,1,0.5,0.9332294167779968
14646,human_baseline,0,0.5,0.9603488802632664
14647,original_ai,1,0.5,2.0722319639487448
14648,translated,1,0.5,1.5454053180932203
14649,substituted,1,0.5,0.856741641499774
14650,paraphrased,1,0.5,0.814499091823973
14651,mixed_text,1,0.5,1.4263106764304507
14652,human_baseline,0,0.5,1.373182641310517
14653,original_ai,1,0.5,1.530471272505631
14654,translated,1,0.5,1.4222150826416589
14655,substituted,1,0.5,0.8775841265933616
14656,paraphrased,1,0.5,1.623657400773883
14657,mixed_text,1,0.5,1.7956394460293954
14658,human_baseline,0,0.5,0.9875434719423158
14659,original_ai,1,0.5,2.402788670483454
14660,translated,1,0.5,2.2054052428967394
14661,substituted,1,0.5,1.350813680139048
14662,paraphrased,1,0.5,1.2606763905289535
14663,mixed_text,1,0.5,0.8918503299129531
14664,human_baseline,0,0.5,1.138964978423237
14665,original_ai,1,0.5,2.288229980103143
14666,translated,1,0.5,1.9666173454627425
14667,substituted,1,0.5,1.2499220063153214
14668,paraphrased,1,0.5,1.4269866318789817
14669,mixed_text,1,0.5,1.6607231805281784
14670,human_baseline,0,0.5,0.7936023016642932
14671,original_ai,1,0.5,1.6871008858066316
14672,translated,1,0.5,1.339026838037623
14673,substituted,1,0.5,1.3404475218575247
14674,paraphrased,1,0.5,0.923056116006459
14675,mixed_text,1,0.5,1.3801382472668642
14676,human_baseline,0,0.5,1.212045962410632
14677,original_ai,1,0.5,1.5228875663185988
14678,translated,1,0.5,1.3779907199262194
14679,substituted,1,0.5,0.8662573104122692
14680,paraphrased,1,0.5,1.5248705739228865
14681,mixed_text,1,0.5,1.438749538129532
14682,human_baseline,0,0.5,0.8955768959866233
14683,original_ai,1,0.5,2.2488039677063068
14684,translated,1,0.5,1.8758435343512936
14685,substituted,1,0.5,1.1778983818122564
14686,paraphrased,1,0.5,1.164179202141902
14687,mixed_text,1,0.5,1.1493636070077162
14688,human_baseline,0,0.5,0.8480984632492895
14689,original_ai,1,0.5,1.4171441470783657
14690,translated,1,0.5,0.9837541331968164
14691,substituted,1,0.5,0.8507355797460378
14692,paraphrased,1,0.5,1.0099776387042083
14693,mixed_text,1,0.5,1.2607648855428146
14694,human_baseline,0,0.5,0.9317545172352796
14695,original_ai,1,0.5,1.5957371508224816
14696,translated,1,0.5,1.147734336083328
14697,substituted,1,0.5,1.256982316131395
14698,paraphrased,1,0.5,1.9386963648469568
14699,mixed_text,1,0.5,1.3173699075782124
14700,human_baseline,0,0.5,0.9471777681872376
14701,original_ai,1,0.5,1.1584727267468566
14702,translated,1,0.5,1.6495577575261786
14703,substituted,1,0.5,0.9241316044594704
14704,paraphrased,1,0.5,1.3845661783343897
14705,mixed_text,1,0.5,0.9681928082095044
14706,human_baseline,0,0.5,0.864314572749462
14707,original_ai,1,0.5,1.5501337124701071
14708,translated,1,0.5,1.3111106456329016
14709,substituted,1,0.5,1.219125429618397
14710,paraphrased,1,0.5,1.433146687438251
14711,mixed_text,1,0.5,1.5046978509328786
14712,human_baseline,0,0.5,1.0749452375637876
14713,original_ai,1,0.5,1.319191556917576
14714,translated,1,0.5,0.9672581034211296
14715,substituted,1,0.5,1.141147780109541
14716,paraphrased,1,0.5,0.7686859138013492
14717,mixed_text,1,0.5,1.1930218992424453
14718,human_baseline,0,0.5,0.7673291890407881
14719,original_ai,1,0.5,2.033215829107192
14720,translated,1,0.5,1.3550957911658286
14721,substituted,1,0.5,1.165994000584998
14722,paraphrased,1,0.5,1.1489433910757796
14723,mixed_text,1,0.5,0.9337773808015348
14724,human_baseline,0,0.5,1.026977939896697
14725,original_ai,1,0.5,1.830889139734256
14726,translated,1,0.5,1.4331545189450303
14727,substituted,1,0.5,1.6079493643111589
14728,paraphrased,1,0.5,1.3465119808929256
14729,mixed_text,1,0.5,1.1300095387386366
14730,human_baseline,0,0.5,1.458331170960217
14731,original_ai,1,0.5,1.2635537271460022
14732,translated,1,0.5,1.2468882073445895
14733,substituted,1,0.5,0.9683227946641348
14734,paraphrased,1,0.5,0.889789390775933
14735,mixed_text,1,0.5,1.5287357171701417
14736,human_baseline,0,0.5,1.058120286695234
14737,original_ai,1,0.5,2.667502462275693
14738,translated,1,0.5,1.6439771735434907
14739,substituted,1,0.5,0.9565976242240408
14740,paraphrased,1,0.5,0.9851388074775882
14741,mixed_text,1,0.5,1.2258878994172957
14742,human_baseline,0,0.5,0.8325022848438666
14743,original_ai,1,0.5,1.8147145790201
14744,translated,1,0.5,2.0806968441308693
14745,substituted,1,0.5,1.4896340929255756
14746,paraphrased,1,0.5,1.2576987020664112
14747,mixed_text,1,0.5,1.2436473983239846
14748,human_baseline,0,0.5,1.0220546114627906
14749,original_ai,1,0.5,2.0509993566430147
14750,translated,1,0.5,2.1699457180489747
14751,substituted,1,0.5,1.3388929238012484
14752,paraphrased,1,0.5,1.0551967998332132
14753,mixed_text,1,0.5,1.7250227308739567
14754,human_baseline,0,0.5,1.075811413352706
14755,original_ai,1,0.5,1.5014346711263018
14756,translated,1,0.5,1.567698603187273
14757,substituted,1,0.5,0.9130244612062104
14758,paraphrased,1,0.5,1.155175303200921
14759,mixed_text,1,0.5,1.0059935615621944
14760,human_baseline,0,0.5,0.9445103184205758
14761,original_ai,1,0.5,1.6423089180247088
14762,translated,1,0.5,1.0418274931609703
14763,substituted,1,0.5,1.4917164569362216
14764,paraphrased,1,0.5,0.8991407460630195
14765,mixed_text,1,0.5,1.3992933832115813
14766,human_baseline,0,0.5,0.9735386310938264
14767,original_ai,1,0.5,2.62000544265455
14768,translated,1,0.5,1.8045732510500536
14769,substituted,1,0.5,1.039665789651534
14770,paraphrased,1,0.5,1.1791314428499091
14771,mixed_text,1,0.5,1.130096944186889
14772,human_baseline,0,0.5,0.9651577794786976
14773,original_ai,1,0.5,1.0468531856213317
14774,translated,1,0.5,0.8948561923150185
14775,substituted,1,0.5,1.4627344471161838
14776,paraphrased,1,0.5,0.9793155406547314
14777,mixed_text,1,0.5,1.121754916505865
14778,human_baseline,0,0.5,0.9578040990820316
14779,original_ai,1,0.5,2.219096776740529
14780,translated,1,0.5,2.128957207132597
14781,substituted,1,0.5,1.0857309441924323
14782,paraphrased,1,0.5,1.0134540206417673
14783,mixed_text,1,0.5,1.146722966794769
14784,human_baseline,0,0.5,0.9623014826111952
14785,original_ai,1,0.5,2.187219658329421
14786,translated,1,0.5,1.3575309694336852
14787,substituted,1,0.5,1.4877971016372598
14788,paraphrased,1,0.5,0.7606034493162064
14789,mixed_text,1,0.5,1.9138194548216971
14790,human_baseline,0,0.5,1.0105964701405712
14791,original_ai,1,0.5,1.61009038316152
14792,translated,1,0.5,1.5550591180831284
14793,substituted,1,0.5,0.9853962418974322
14794,paraphrased,1,0.5,0.8253452290154677
14795,mixed_text,1,0.5,1.4439337519075173
14796,human_baseline,0,0.5,1.0507405255609914
14797,original_ai,1,0.5,1.8521588992139908
14798,translated,1,0.5,1.4541167232052272
14799,substituted,1,0.5,1.4573120545792668
14800,paraphrased,1,0.5,1.168468097869382
14801,mixed_text,1,0.5,1.302964109409298
14802,human_baseline,0,0.5,1.1045797952104808
14803,original_ai,1,0.5,1.5297724412740643
14804,translated,1,0.5,1.2111096183170489
14805,substituted,1,0.5,0.9436505008340575
14806,paraphrased,1,0.5,1.4446784393356402
14807,mixed_text,1,0.5,1.0146653645284738
14808,human_baseline,0,0.5,0.9541101368671588
14809,original_ai,1,0.5,1.522894143332227
14810,translated,1,0.5,1.1119899680303165
14811,substituted,1,0.5,1.2509955087152604
14812,paraphrased,1,0.5,0.9483155300943686
14813,mixed_text,1,0.5,0.9488810007873
14814,human_baseline,0,0.5,1.1284974910767525
14815,original_ai,1,0.5,1.8040756546832688
14816,translated,1,0.5,1.5215225937123875
14817,substituted,1,0.5,0.7805623030335618
14818,paraphrased,1,0.5,0.992439158104568
14819,mixed_text,1,0.5,1.5003609308649482
14820,human_baseline,0,0.5,1.0957704106061914
14821,original_ai,1,0.5,2.122910370821769
14822,translated,1,0.5,1.53823819294006
14823,substituted,1,0.5,1.187043683118946
14824,paraphrased,1,0.5,0.7972746057797809
14825,mixed_text,1,0.5,1.3758184635094295
14826,human_baseline,0,0.5,0.9264980461489154
14827,original_ai,1,0.5,1.138847318593898
14828,translated,1,0.5,1.2007136128566565
14829,substituted,1,0.5,0.869010285473028
14830,paraphrased,1,0.5,0.9049269352900432
14831,mixed_text,1,0.5,1.1020407993419798
14832,human_baseline,0,0.5,1.0007597148245018
14833,original_ai,1,0.5,1.6075072012836022
14834,translated,1,0.5,1.3993647793543451
14835,substituted,1,0.5,1.5305282730344332
14836,paraphrased,1,0.5,1.3696979582591675
14837,mixed_text,1,0.5,1.3612860975945509
14838,human_baseline,0,0.5,0.8776709862515888
14839,original_ai,1,0.5,1.3720538128879314
14840,translated,1,0.5,1.2938194948527306
14841,substituted,1,0.5,1.01839720845771
14842,paraphrased,1,0.5,0.7945837541204275
14843,mixed_text,1,0.5,1.0264316539327454
14844,human_baseline,0,0.5,1.410990799432308
14845,original_ai,1,0.5,1.879798110230948
14846,translated,1,0.5,1.384330558693312
14847,substituted,1,0.5,1.1408930161180195
14848,paraphrased,1,0.5,1.4026610472136265
14849,mixed_text,1,0.5,1.1352014487524709
14850,human_baseline,0,0.5,1.063048314115037
14851,original_ai,1,0.5,1.9002768265845555
14852,translated,1,0.5,1.9616752280617265
14853,substituted,1,0.5,0.6943613645904504
14854,paraphrased,1,0.5,1.087232520812715
14855,mixed_text,1,0.5,1.2282559546364642
14856,human_baseline,0,0.5,0.8543465658786368
14857,original_ai,1,0.5,2.9281076843571308
14858,translated,1,0.5,1.3197376646561692
14859,substituted,1,0.5,1.0883121487276706
14860,paraphrased,1,0.5,1.0356868693720471
14861,mixed_text,1,0.5,1.2422428922522235
14862,human_baseline,0,0.5,1.2877603082899538
14863,original_ai,1,0.5,1.195485076277568
14864,translated,1,0.5,1.1765065355529998
14865,substituted,1,0.5,1.2075001413614062
14866,paraphrased,1,0.5,0.7812590097549038
14867,mixed_text,1,0.5,1.55409443052715
14868,human_baseline,0,0.5,0.9932498128682884
14869,original_ai,1,0.5,1.3137228644347243
14870,translated,1,0.5,1.3933736235536205
14871,substituted,1,0.5,1.4978759094431446
14872,paraphrased,1,0.5,1.180110313958903
14873,mixed_text,1,0.5,1.3491708544068468
14874,human_baseline,0,0.5,1.0290747326261636
14875,original_ai,1,0.5,2.020046895480158
14876,translated,1,0.5,1.2178228353550886
14877,substituted,1,0.5,0.934931021377754
14878,paraphrased,1,0.5,0.6327549464895275
14879,mixed_text,1,0.5,1.3201767006889478
14880,human_baseline,0,0.5,0.849027412504213
14881,original_ai,1,0.5,2.151002661906237
14882,translated,1,0.5,0.9766068946841018
14883,substituted,1,0.5,1.0340380643734308
14884,paraphrased,1,0.5,1.4122517274669222
14885,mixed_text,1,0.5,1.2170643389658522
14886,human_baseline,0,0.5,0.8319589637715453
14887,original_ai,1,0.5,2.529005870193944
14888,translated,1,0.5,1.6069144450829165
14889,substituted,1,0.5,1.1246670246784072
14890,paraphrased,1,0.5,0.5410369523165771
14891,mixed_text,1,0.5,0.9936200697758212
14892,human_baseline,0,0.5,1.1617079154992145
14893,original_ai,1,0.5,1.4336563954447452
14894,translated,1,0.5,1.4703657796753205
14895,substituted,1,0.5,1.2962829671213243
14896,paraphrased,1,0.5,1.0682077373155785
14897,mixed_text,1,0.5,1.02750454369663
14898,human_baseline,0,0.5,0.9104374469578986
14899,original_ai,1,0.5,1.975491747842823
14900,translated,1,0.5,1.2369908159867882
14901,substituted,1,0.5,0.9490823420801114
14902,paraphrased,1,0.5,0.7419644175088163
14903,mixed_text,1,0.5,1.1616900167895092
14904,human_baseline,0,0.5,0.9643838789940028
14905,original_ai,1,0.5,1.5031737285625653
14906,translated,1,0.5,1.3620960934271371
14907,substituted,1,0.5,1.207124166869355
14908,paraphrased,1,0.5,0.9694048814943612
14909,mixed_text,1,0.5,1.40421973305327
14910,human_baseline,0,0.5,0.7154779415838871
14911,original_ai,1,0.5,1.4736010077939956
14912,translated,1,0.5,1.0261677898973167
14913,substituted,1,0.5,1.1618425507107422
14914,paraphrased,1,0.5,1.0984059775427053
14915,mixed_text,1,0.5,1.0137687979888337
14916,human_baseline,0,0.5,1.0962098380546423
14917,original_ai,1,0.5,1.3400141666620615
14918,translated,1,0.5,1.3697499370862394
14919,substituted,1,0.5,0.9309973821564896
14920,paraphrased,1,0.5,0.8765623454036693
14921,mixed_text,1,0.5,1.5461894410483177
14922,human_baseline,0,0.5,0.9596227846903588
14923,original_ai,1,0.5,2.2436302261576286
14924,translated,1,0.5,1.3260270441901088
14925,substituted,1,0.5,1.251901521942142
14926,paraphrased,1,0.5,1.0779995978236014
14927,mixed_text,1,0.5,1.296386760304172
14928,human_baseline,0,0.5,1.1180904665849754
14929,original_ai,1,0.5,2.9235733475852874
14930,translated,1,0.5,1.7919879676437735
14931,substituted,1,0.5,1.3768798552467034
14932,paraphrased,1,0.5,1.5367865684813589
14933,mixed_text,1,0.5,1.3840129949960829
14934,human_baseline,0,0.5,1.0892661159875403
14935,original_ai,1,0.5,1.3330429823266372
14936,translated,1,0.5,1.26071821051447
14937,substituted,1,0.5,1.1407008870586255
14938,paraphrased,1,0.5,1.1411351304181534
14939,mixed_text,1,0.5,1.1883717406474714
14940,human_baseline,0,0.5,1.1538447403428311
14941,original_ai,1,0.5,1.6427501933565185
14942,translated,1,0.5,1.4780883259679911
14943,substituted,1,0.5,1.1795625067292872
14944,paraphrased,1,0.5,1.1566499485886836
14945,mixed_text,1,0.5,1.185568971879512
14946,human_baseline,0,0.5,0.7639483282637836
14947,original_ai,1,0.5,1.7561549912680552
14948,translated,1,0.5,1.4323954799862255
14949,substituted,1,0.5,1.4176570604789005
14950,paraphrased,1,0.5,1.3065606166943826
14951,mixed_text,1,0.5,1.0231889515036263
14952,human_baseline,0,0.5,1.0108803891915474
14953,original_ai,1,0.5,1.930874309934854
14954,translated,1,0.5,1.5839065342781262
14955,substituted,1,0.5,1.1160220388114812
14956,paraphrased,1,0.5,1.115365665869888
14957,mixed_text,1,0.5,1.5026183119340557
14958,human_baseline,0,0.5,0.8007555935691594
14959,original_ai,1,0.5,3.28168404643577
14960,translated,1,0.5,2.248876685674817
14961,substituted,1,0.5,0.9606306342999648
14962,paraphrased,1,0.5,0.7653739458148262
14963,mixed_text,1,0.5,1.007293856964632
14964,human_baseline,0,0.5,0.8886853789264736
14965,original_ai,1,0.5,2.0210176786188248
14966,translated,1,0.5,1.4958434292965486
14967,substituted,1,0.5,0.9679532065263552
14968,paraphrased,1,0.5,0.7345079464199511
14969,mixed_text,1,0.5,1.561704235107089
14970,human_baseline,0,0.5,0.979654667857017
14971,original_ai,1,0.5,1.5637693274214974
14972,translated,1,0.5,1.4754136899463817
14973,substituted,1,0.5,1.1916050483236396
14974,paraphrased,1,0.5,1.3616815068972818
14975,mixed_text,1,0.5,1.0540665887578695
14976,human_baseline,0,0.5,1.15463445800798
14977,original_ai,1,0.5,3.249079409362548
14978,translated,1,0.5,1.812778756611292
14979,substituted,1,0.5,1.805511747815595
14980,paraphrased,1,0.5,1.447768445976509
14981,mixed_text,1,0.5,2.2203718803400205
14982,human_baseline,0,0.5,1.0091396573242306
14983,original_ai,1,0.5,1.7772249740479635
14984,translated,1,0.5,1.2232111577416065
14985,substituted,1,0.5,1.0719058446184149
14986,paraphrased,1,0.5,1.600923548362755
14987,mixed_text,1,0.5,1.0712063797996507
14988,human_baseline,0,0.5,1.2084314931946032
14989,original_ai,1,0.5,1.5640641065649592
14990,translated,1,0.5,1.1824455859055685
14991,substituted,1,0.5,0.8107005845449086
14992,paraphrased,1,0.5,1.1639990045001891
14993,mixed_text,1,0.5,1.2457988363662396
14994,human_baseline,0,0.5,1.1059726853819634
14995,original_ai,1,0.5,1.9123643626371043
14996,translated,1,0.5,1.7219622276847235
14997,substituted,1,0.5,1.464838341549592
14998,paraphrased,1,0.5,1.030473331984644
14999,mixed_text,1,0.5,1.3481540367661329
